keys,zh_CN,zh_TW,en,ja,ko
UI_LANGUAGE,语言,語言,Language,言語,언어
UI_BACK,返回,返回,Back,戻る,뒤로
UI_SETTINGS_TITLE,设置,設定,Settings,設定,설정
UI_MASTER_VOLUME,主音量,主音量,Master Volume,全体音量,전체 음량
UI_MUSIC_VOLUME,音乐音量,音樂音量,Music Volume,音楽の音量,음악 음량
UI_AMBIENT_VOLUME,环境音量,環境音量,Ambient Volume,環境音の音量,환경음
UI_SFX_VOLUME,音效音量,音效音量,Sound Effects Volume,効果音の音量,효과음 음량
UI_FULLSCREEN,全屏,全螢幕,Fullscreen,全画面表示,전체 화면
UI_MENU_NEW_GAME,新游戏,新遊戲,New Game,ニューゲーム,새 게임
UI_MENU_LOAD_GAME,读取存档,讀取存檔,Load Game,セーブデータを読み込む,게임 불러오기
UI_MENU_READ_BOOK,查阅典籍,查閱典籍,Read Books,書物を読む,의서 읽기
UI_MENU_QUIT_GAME,退出游戏,離開遊戲,Quit Game,ゲームを終了,게임 종료
UI_DIFFICULTY_TITLE,选择难度,選擇難度,Choose Difficulty,難易度を選択,난이도 선택
UI_DIFFICULTY_INFO,难度影响固定收入,難度影響固定收入,Difficulty affects regular income,難易度によって定期収入が変わります,난이도에 따라 정기 수입이 달라집니다
UI_DIFFICULTY_EASY,"简单
全力倚父","簡單
全力倚父","Easy
Daddy Carry","易しい
父に頼る","쉬움
아버지에게 맡기기"
UI_DIFFICULTY_NORMAL,"普通
全力以赴","普通
全力以赴","Normal
Give It Your All","普通
全力を尽くす","보통
있는 힘껏 하기"
UI_DIFFICULTY_HARD,"困难
爹，您就安心躺平吧","困難
爹，您就安心躺平吧","Hard
Dad, Take a Break","難しい
父上、どうぞお休みください","어려움
아버지, 편히 쉬세요"
UI_SAVE_SELECT,选择存档,選擇存檔,Choose Save,セーブデータを選択,저장 슬롯 선택
UI_CLOSE,关闭,關閉,Close,閉じる,닫기
UI_CONFIRM_OVERWRITE,确认覆盖,確認覆寫,Overwrite,上書きを確認,덮어쓰기
UI_OVERWRITE_QUESTION,该槽位已有存档，是否覆盖？,該存檔欄位已有存檔，是否覆寫？,This slot already has a save. Overwrite it?,このスロットにはセーブデータがあります。上書きしますか？,이 슬롯에는 이미 저장 데이터가 있습니다. 덮어쓰시겠습니까?
UI_CANCEL,取消,取消,Cancel,キャンセル,취소
UI_PAUSED,暂停,暫停,Paused,一時停止,일시정지
UI_RESUME_GAME,继续游戏,繼續遊戲,Resume Game,ゲームを再開,게임 계속하기
UI_SAVE_GAME,保存游戏,儲存遊戲,Save Game,セーブ,게임 저장
UI_LOAD_SAVE,读取存档,讀取存檔,Load Save,セーブデータを読み込む,저장 불러오기
UI_RETURN_MENU,返回主菜单,返回主選單,Return to Main Menu,メインメニューに戻る,메인 메뉴로 돌아가기
UI_MANUAL_SAVE,手动保存,手動儲存,Manual Save,手動セーブ,수동 저장
UI_MANUAL_SAVE_RULE,白天保存本日开始状态；夜晚保存当前状态。,白天儲存本日開始狀態；夜晚儲存目前狀態。,Daytime saves the start of the day; nighttime saves the current state.,昼はその日の開始時点、夜は現在の状態を保存します。,"낮에는 하루 시작 시점을 저장하고, 밤에는 현재 상태를 저장합니다."
UI_MANUAL_SLOT_FMT,手动存档 %d,手動存檔 %d,Manual Save %d,手動セーブ %d,수동 저장 %d
UI_MANUAL_SLOT_1,手动存档 1,手動存檔 1,Manual Save 1,手動セーブ 1,수동 저장 1
UI_MANUAL_SLOT_2,手动存档 2,手動存檔 2,Manual Save 2,手動セーブ 2,수동 저장 2
UI_MANUAL_SLOT_3,手动存档 3,手動存檔 3,Manual Save 3,手動セーブ 3,수동 저장 3
UI_MANUAL_SLOT_4,手动存档 4,手動存檔 4,Manual Save 4,手動セーブ 4,수동 저장 4
UI_LOAD_RULE,可读取自动存档与全部手动存档。,可讀取自動存檔與全部手動存檔。,Load an autosave or any manual save.,オートセーブとすべての手動セーブを読み込めます。,자동 저장 또는 모든 수동 저장을 불러옵니다.
UI_AUTO_SAVE,自动存档,自動存檔,Autosave,オートセーブ,자동 저장
UI_INVALID_SAVE,无效存档,無效存檔,Invalid Save,無効なセーブデータ,유효하지 않은 저장 데이터
UI_LOAD_WARNING,读取后，当前未保存的进度将丢失。,讀取後，目前未儲存的進度將遺失。,Loading will discard unsaved progress.,読み込むと、保存していない進行状況は失われます。,불러오면 저장하지 않은 진행 상황이 사라집니다.
UI_SELECT_MANUAL_DIFFICULTY,选择手动存档（%s难度）,選擇手動存檔（%s難度）,Choose Manual Save (%s),手動セーブを選択（難易度：%s）,수동 저장 선택 (%s 난이도)
UI_DIFFICULTY_NAME_EASY,简单,簡單,Easy,易しい,쉬움
UI_DIFFICULTY_NAME_NORMAL,普通,普通,Normal,普通,보통
UI_DIFFICULTY_NAME_HARD,困难,困難,Hard,難しい,어려움
UI_DIFFICULTY_NAME_NONE,未选择,未選擇,Not Selected,未選択,선택 안 함
UI_EMPTY_SAVE,空存档,空存檔,Empty Slot,空きスロット,빈 슬롯
UI_PHASE_DAY,白天,白天,Day,昼,낮
UI_PHASE_NIGHT,夜晚,夜晚,Night,夜,밤
UI_SAVE_DAY_PHASE,第 %d 天 %s,第 %d 天 %s,Day %d · %s,%d日目・%s,제 %d일 · %s
UI_OVERWRITE_DETAIL,"%s已有存档：
%s

是否覆盖该手动存档？","%s已有存檔：
%s

是否覆寫該手動存檔？","%s already has a save:
%s

Overwrite this manual save?","%sにはセーブデータがあります：
%s

この手動セーブを上書きしますか？","%s에 이미 저장 데이터가 있습니다:
%s

이 수동 저장을 덮어쓰시겠습니까?"
UI_MANUAL_SAVE_DETAIL,白天保存：记录本日开始状态；夜晚保存：记录当前夜晚状态。,白天儲存：記錄本日開始狀態；夜晚儲存：記錄目前夜晚狀態。,Daytime saves the start of the day; nighttime saves the current state.,昼：その日の開始時点を保存します。夜：現在の夜の状態を保存します。,낮 저장: 하루 시작 시점을 기록합니다. 밤 저장: 현재 밤의 상태를 기록합니다.
UI_NO_LOAD_IN_SLOT,该栏位没有可读取的存档。,該欄位沒有可讀取的存檔。,There is no save to load in this slot.,このスロットには読み込めるセーブデータがありません。,이 슬롯에는 불러올 저장 데이터가 없습니다.
UI_LOAD_CONFIRM_DETAIL,"读取%s：
%s

当前未保存的进度将丢失。
是否读取？","讀取%s：
%s

目前未儲存的進度將遺失。
是否讀取？","Load %s:
%s

Unsaved progress will be lost.
Load this save?","%sを読み込みます：
%s

保存していない進行状況は失われます。
読み込みますか？","%s 불러오기:
%s

저장하지 않은 진행 상황이 사라집니다.
이 저장 데이터를 불러오시겠습니까?"
UI_CONFIRM_LOAD,确认读取,確認讀取,Load,読み込む,불러오기
UI_LOADING_SAVE,正在读取……,正在讀取……,Loading…,読み込み中……,불러오는 중…
UI_MANUAL_OVERWRITE_DETAIL,"%s已有记录：
%s

是否覆盖？","%s已有記錄：
%s

是否覆寫？","%s already has a save:
%s

Overwrite it?","%sには記録があります：
%s

上書きしますか？","%s에 이미 저장 기록이 있습니다:
%s

덮어쓰시겠습니까?"
UI_SAVING_GAME,正在保存……,正在儲存……,Saving…,保存中……,저장 중…
UI_OVERWRITE_MANUAL,覆盖手动存档,覆寫手動存檔,Overwrite Manual Save,手動セーブを上書き,수동 저장 덮어쓰기
UI_CANNOT_SAVE_STORY,剧情进行中，不能手动保存。,劇情進行中，不能手動儲存。,Cannot save while a story is playing.,物語の進行中は手動セーブできません。,이야기가 진행 중일 때는 수동 저장을 할 수 없습니다.
UI_SAVE_DAY_SUCCESS,保存成功：已记录本日开始状态。,儲存成功：已記錄本日開始狀態。,Saved the start of the current day.,保存しました：その日の開始時点を記録しました。,저장 완료: 오늘의 시작 시점을 기록했습니다.
UI_SAVE_NIGHT_SUCCESS,保存成功：已记录当前夜晚状态。,儲存成功：已記錄目前夜晚狀態。,Saved the current night.,保存しました：現在の夜の状態を記録しました。,저장 완료: 현재 밤의 상태를 기록했습니다.
UI_SAVE_FAILED,保存失败。,儲存失敗。,Save failed.,保存に失敗しました。,저장에 실패했습니다.
UI_LOAD_MISSING_FMT,没有存档，无法读取：%s,沒有存檔，無法讀取：%s,No save to load: %s,読み込めるセーブデータがありません：%s,불러올 저장 데이터가 없습니다: %s
UI_LOAD_FAILED_FMT,读取存档失败：%s,讀取存檔失敗：%s,Failed to load save: %s,セーブデータの読み込みに失敗しました：%s,저장 데이터를 불러오지 못했습니다: %s
UI_SAVE_AND_RETURN,保存并返回,儲存並返回,Save and Return,保存して戻る,저장하고 돌아가기
UI_SAVE_AND_QUIT,保存并退出,儲存並離開,Save and Quit,保存して終了,저장하고 종료하기
UI_RETURN_CONFIRM_DETAIL,"当前阶段尚未完成。
直接返回主菜单后，本阶段未保存的进度将丢失。
选择“保存并返回”会先保存到%s。

是否返回主菜单？","目前階段尚未完成。
直接返回主選單後，本階段未儲存的進度將遺失。
選擇「儲存並返回」會先儲存到%s。

是否返回主選單？","This stage is not complete.
Returning to the main menu will discard unsaved progress.
Save and Return will save to %s first.

Return to the main menu?","現在の段階はまだ完了していません。
メインメニューに戻ると、保存していない進行状況は失われます。
「保存して戻る」を選ぶと、先に%sに保存します。

メインメニューに戻りますか？","현재 단계가 아직 완료되지 않았습니다.
메인 메뉴로 돌아가면 이 단계의 저장하지 않은 진행 상황이 사라집니다.
‘저장하고 돌아가기’를 선택하면 먼저 %s에 저장합니다.

메인 메뉴로 돌아가시겠습니까?"
UI_QUIT_CONFIRM_DETAIL,"当前阶段尚未完成。
直接退出游戏后，本阶段未保存的进度将丢失。
选择“保存并退出”会先保存到%s。

是否退出游戏？","目前階段尚未完成。
直接離開遊戲後，本階段未儲存的進度將遺失。
選擇「儲存並離開」會先儲存到%s。

是否離開遊戲？","This stage is not complete.
Quitting will discard unsaved progress.
Save and Quit will save to %s first.

Quit the game?","現在の段階はまだ完了していません。
ゲームを終了すると、保存していない進行状況は失われます。
「保存して終了」を選ぶと、先に%sに保存します。

ゲームを終了しますか？","현재 단계가 아직 완료되지 않았습니다.
게임을 종료하면 이 단계의 저장하지 않은 진행 상황이 사라집니다.
‘저장하고 종료하기’를 선택하면 먼저 %s에 저장합니다.

게임을 종료하시겠습니까?"
UI_RETURN_DEFAULT_DETAIL,"当前阶段尚未完成。
返回主菜单后，将从最近一次自动存档继续。

是否返回主菜单？","目前階段尚未完成。
返回主選單後，將從最近一次自動存檔繼續。

是否返回主選單？","This stage is not complete.
Returning to the main menu will resume from the most recent autosave.

Return to the main menu?","現在の段階はまだ完了していません。
メインメニューに戻った場合、次回は最新のオートセーブから再開します。

メインメニューに戻りますか？","현재 단계가 아직 완료되지 않았습니다.
메인 메뉴로 돌아가면 가장 최근의 자동 저장부터 계속합니다.

메인 메뉴로 돌아가시겠습니까?"
UI_QUIT_DEFAULT_DETAIL,"当前阶段尚未完成。
退出游戏后，本阶段未保存的进度将丢失。

是否退出游戏？","目前階段尚未完成。
離開遊戲後，本階段未儲存的進度將遺失。

是否離開遊戲？","This stage is not complete.
Quitting will discard unsaved progress.

Quit the game?","現在の段階はまだ完了していません。
ゲームを終了すると、保存していない進行状況は失われます。

終了しますか？","현재 단계가 아직 완료되지 않았습니다.
게임을 종료하면 이 단계의 저장하지 않은 진행 상황이 사라집니다.

게임을 종료하시겠습니까?"
UI_RETURN_SAVE_FAILED_DETAIL,"保存失败，未返回主菜单。

请重试“保存并返回”，或选择“返回主菜单”放弃未保存进度。","儲存失敗，未返回主選單。

請重試「儲存並返回」，或選擇「返回主選單」放棄未儲存進度。","Save failed. You are still in the game.

Try Save and Return again, or Return to Main Menu to discard unsaved progress.","保存に失敗したため、メインメニューには戻りませんでした。

「保存して戻る」を再試行するか、「メインメニューに戻る」で未保存の進行状況を破棄してください。","저장에 실패하여 게임을 계속 진행합니다.

‘저장하고 돌아가기’를 다시 시도하거나, ‘메인 메뉴로 돌아가기’를 선택하여 저장하지 않은 진행 상황을 버리세요."
UI_QUIT_SAVE_FAILED_DETAIL,"保存失败，未退出游戏。

请重试“保存并退出”，或选择“退出游戏”放弃未保存进度。","儲存失敗，未離開遊戲。

請重試「儲存並離開」，或選擇「離開遊戲」放棄未儲存進度。","Save failed. The game is still running.

Try Save and Quit again, or Quit Game to discard unsaved progress.","保存に失敗したため、ゲームは終了しませんでした。

「保存して終了」を再試行するか、「ゲームを終了」で未保存の進行状況を破棄してください。","저장에 실패하여 게임을 종료하지 않았습니다.

‘저장하고 종료하기’를 다시 시도하거나, ‘게임 종료’를 선택하여 저장하지 않은 진행 상황을 버리세요."
已有存档,已有存档,已有存檔,Existing Save,セーブデータあり,기존 저장 데이터
损坏存档,损坏存档,損壞存檔,Corrupt Save,破損したセーブデータ,손상된 저장 데이터
读取失败,读取失败,讀取失敗,Load Failed,読み込み失敗,불러오기 실패
UI_DISCLAIMER_TITLE,内容声明,內容聲明,Content Notice,内容に関する注意,콘텐츠 안내
UI_DISCLAIMER_BODY,"本游戏为虚构作品，仅供娱乐。游戏中涉及的医学知识、诊断及治疗内容可能并不准确，不可作为现实中的医疗依据，请勿据此自行诊断、用药或治疗。

如有健康问题，请咨询专业医生，并以正规医疗机构的建议为准。游戏中的人物、事件及剧情均属虚构，如有雷同，纯属巧合。","本遊戲為虛構作品，僅供娛樂。遊戲中涉及的醫學知識、診斷及治療內容可能並不準確，不可作為現實中的醫療依據，請勿據此自行診斷、用藥或治療。

如有健康問題，請諮詢專業醫師，並以合格醫療機構的建議為準。遊戲中的人物、事件及劇情均屬虛構，如有雷同，純屬巧合。","This game is a work of fiction for entertainment only. Medical knowledge, diagnoses, and treatments shown here may be inaccurate and must not be used as medical advice. Do not use this game to diagnose yourself, take medication, or choose treatment.

If you have health concerns, consult a qualified doctor and follow the advice of a licensed medical institution. The characters, events, and story are fictional. Any resemblance to real people or events is coincidental.","本作はフィクションであり、娯楽を目的としています。ゲーム中の医学知識、診断や治療の内容は正確でない場合があり、現実の医療判断には使用できません。これを根拠に自己診断、服薬、治療を行わないでください。

健康上の問題がある場合は医師に相談し、正規の医療機関の助言に従ってください。登場人物、出来事、物語はすべて架空のものです。実在のものと類似していても偶然です。","이 게임은 오락을 위한 허구의 작품입니다. 게임에 등장하는 의학 지식, 진단 및 치료 내용은 정확하지 않을 수 있으며 현실의 의학적 조언으로 사용할 수 없습니다. 이를 바탕으로 스스로 진단하거나 약을 복용하거나 치료하지 마십시오.

건강에 문제가 있다면 자격을 갖춘 의사와 상담하고 정식 의료기관의 안내를 따르십시오. 게임 속 인물, 사건과 이야기는 모두 허구이며 실제 인물이나 사건과 유사한 점이 있다면 우연입니다."
UI_PATIENT_NAME_PLACEHOLDER,病人姓名,病人姓名,Patient Name,患者の名前,환자 이름
UI_PATIENT_DIALOGUE_PLACEHOLDER,病人台词,病人台詞,Patient Dialogue,患者の台詞,환자 대사
UI_TOPBAR_DATE_PLACEHOLDER,天数,天數,Date,日付,날짜
UI_TOPBAR_TIME_PLACEHOLDER,时辰,時辰,Hour,時刻,시진
UI_TOPBAR_REPUTATION_PLACEHOLDER,名望：0　初窥门径,名望：0　初窺門徑,Rep 0 · Novice,名声：0　見習い,명망 0 · 초심자
UI_TOPBAR_MONEY_PLACEHOLDER,银钱：0两 0文,銀錢：0兩 0文,Money: 0 liang 0 wen,所持金：0両 0文,은전: 0냥 0문
UI_CURRENT_SHICHEN,当前时辰,目前時辰,Current Hour,現在の時刻,현재 시진
UI_MONEY_DEBT_SHORT,欠,欠,Debt,借金,빚
UI_MONEY_LIANG_ZERO,0两,0兩,0 liang,0両,0냥
UI_MONEY_WEN_ZERO,0文,0文,0 wen,0文,0문
UI_MONEY_LIANG_FMT,%d两,%d兩,%d liang,%d両,%d냥
UI_MONEY_WEN_FMT,%d文,%d文,%d wen,%d文,%d문
UI_MONEY_TEXT_FMT,银钱：%s,銀錢：%s,Money: %s,所持金：%s,은전: %s
UI_MONEY_DEBT_TEXT_FMT,银钱：欠 %s,銀錢：欠 %s,Money: Debt %s,所持金：借金 %s,은전: 빚 %s
UI_DAY_FALLBACK_FMT,第 %d 天,第 %d 天,Day %d,%d日目,제 %d일
UI_ERA_DATE_FMT,%s%s年%s,%s%s年%s,%s %s · %s,%s%s年%s,%s %s · %s
UI_ERA_JIAJING,嘉靖,嘉靖,Jiajing,嘉靖,가정
UI_ERA_WANLI,万历,萬曆,Wanli,万暦,만력
UI_FULL_TIME_FMT,%s %s · %s,%s %s · %s,%s %s · %s,%s %s・%s,%s %s · %s
UI_UNKNOWN_SHICHEN,未知时辰,未知時辰,Unknown Hour,時刻不明,알 수 없는 시진
UI_REPUTATION_INFAMOUS,臭名昭著,臭名昭著,Infamous,悪名高い,악명 높음
UI_REPUTATION_CRITICIZED,略有微词,略有微詞,Criticized,評判が悪い,약간의 비판
UI_REPUTATION_NOVICE,初窥门径,初窺門徑,Novice,見習い,초심자
UI_REPUTATION_LEARNER,略有小成,略有小成,Apprentice,駆け出し,수련생
UI_REPUTATION_SKILLED,融会贯通,融會貫通,Skilled,熟練,숙련자
UI_REPUTATION_MASTER,炉火纯青,爐火純青,Master,名医,대가
UI_REPUTATION_LEGEND,出神入化,出神入化,Legend,伝説の名医,전설
UI_REPUTATION_MAX_FMT,名望：%d　%s,名望：%d　%s,Rep %d · %s,名声：%d　%s,명망 %d · %s
UI_REPUTATION_PROGRESS_FMT,名望：%d/%d　%s,名望：%d/%d　%s,Rep %d/%d · %s,名声：%d/%d　%s,명망 %d/%d · %s
UI_SHICHEN_00,子时,子時,Zi Hour,子の刻,자시
UI_SHICHEN_01,丑时,丑時,Chou Hour,丑の刻,축시
UI_SHICHEN_02,寅时,寅時,Yin Hour,寅の刻,인시
UI_SHICHEN_03,卯时,卯時,Mao Hour,卯の刻,묘시
UI_SHICHEN_04,辰时,辰時,Chen Hour,辰の刻,진시
UI_SHICHEN_05,巳时,巳時,Si Hour,巳の刻,사시
UI_SHICHEN_06,午时,午時,Wu Hour,午の刻,오시
UI_SHICHEN_07,未时,未時,Wei Hour,未の刻,미시
UI_SHICHEN_08,申时,申時,Shen Hour,申の刻,신시
UI_SHICHEN_09,酉时,酉時,You Hour,酉の刻,유시
UI_SHICHEN_10,戌时,戌時,Xu Hour,戌の刻,술시
UI_SHICHEN_11,亥时,亥時,Hai Hour,亥の刻,해시
UI_SOLAR_TERM_00,立春,立春,Start of Spring,立春,입춘
UI_SOLAR_TERM_01,雨水,雨水,Rain Water,雨水,우수
UI_SOLAR_TERM_02,惊蛰,驚蟄,Awakening of Insects,啓蟄,경칩
UI_SOLAR_TERM_03,春分,春分,Spring Equinox,春分,춘분
UI_SOLAR_TERM_04,清明,清明,Pure Brightness,清明,청명
UI_SOLAR_TERM_05,谷雨,谷雨,Grain Rain,穀雨,곡우
UI_SOLAR_TERM_06,立夏,立夏,Start of Summer,立夏,입하
UI_SOLAR_TERM_07,小满,小滿,Grain Full,小満,소만
UI_SOLAR_TERM_08,芒种,芒種,Grain in Ear,芒種,망종
UI_SOLAR_TERM_09,夏至,夏至,Summer Solstice,夏至,하지
UI_SOLAR_TERM_10,小暑,小暑,Minor Heat,小暑,소서
UI_SOLAR_TERM_11,大暑,大暑,Major Heat,大暑,대서
UI_SOLAR_TERM_12,立秋,立秋,Start of Autumn,立秋,입추
UI_SOLAR_TERM_13,处暑,處暑,End of Heat,処暑,처서
UI_SOLAR_TERM_14,白露,白露,White Dew,白露,백로
UI_SOLAR_TERM_15,秋分,秋分,Autumn Equinox,秋分,추분
UI_SOLAR_TERM_16,寒露,寒露,Cold Dew,寒露,한로
UI_SOLAR_TERM_17,霜降,霜降,Frost's Descent,霜降,상강
UI_SOLAR_TERM_18,立冬,立冬,Start of Winter,立冬,입동
UI_SOLAR_TERM_19,小雪,小雪,Minor Snow,小雪,소설
UI_SOLAR_TERM_20,大雪,大雪,Major Snow,大雪,대설
UI_SOLAR_TERM_21,冬至,冬至,Winter Solstice,冬至,동지
UI_SOLAR_TERM_22,小寒,小寒,Minor Cold,小寒,소한
UI_SOLAR_TERM_23,大寒,大寒,Major Cold,大寒,대한
UI_PULSE_WINDOW_TITLE,把脉,把脈,Pulse Diagnosis,脈診,맥진
UI_PULSE_KEY_HINT,"按键提示：


右手脉象：Q+A+Z

左手脉象：W+S+X","按鍵提示：


右手脈象：Q+A+Z

左手脈象：W+S+X","Key Controls:


Right Hand Pulse: Q+A+Z

Left Hand Pulse: W+S+X","操作キー：


右手の脈：Q+A+Z

左手の脈：W+S+X","조작법:


오른손 맥상: Q+A+Z

왼손 맥상: W+S+X"
UI_PULSE_LABEL_FLOAT,浮脉(表),浮脈(表),Floating (Exterior),浮脈（表）,부맥(표)
UI_PULSE_LABEL_RIGHT_CHI,右尺(肾阳),右尺(腎陽),Right Chi (Kidney Yang),右尺（腎陽）,우척(신양)
UI_PULSE_LABEL_RIGHT_GUAN,右关(脾),右關(脾),Right Guan (Spleen),右関（脾）,우관(비)
UI_PULSE_LABEL_RIGHT_CUN,右寸(肺),右寸(肺),Right Cun (Lung),右寸（肺）,우촌(폐)
UI_PULSE_LABEL_LEFT_CHI,左尺(肾阴),左尺(腎陰),Left Chi (Kidney Yin),左尺（腎陰）,좌척(신음)
UI_PULSE_LABEL_LEFT_GUAN,左关(肝),左關(肝),Left Guan (Liver),左関（肝）,좌관(간)
UI_PULSE_LABEL_LEFT_CUN,左寸(心),左寸(心),Left Cun (Heart),左寸（心）,좌촌(심)
UI_PULSE_REGION_FLOAT,浮脉,浮脈,Floating Pulse,浮脈,부맥
UI_PULSE_REGION_RIGHT_CHI,右尺,右尺,Right Chi,右尺,우척
UI_PULSE_REGION_RIGHT_GUAN,右关,右關,Right Guan,右関,우관
UI_PULSE_REGION_RIGHT_CUN,右寸,右寸,Right Cun,右寸,우촌
UI_PULSE_REGION_LEFT_CHI,左尺,左尺,Left Chi,左尺,좌척
UI_PULSE_REGION_LEFT_GUAN,左关,左關,Left Guan,左関,좌관
UI_PULSE_REGION_LEFT_CUN,左寸,左寸,Left Cun,左寸,좌촌
UI_PULSE_AREA_EXTERIOR,表,表,Exterior,表,표
UI_PULSE_AREA_KIDNEY_YANG,肾阳,腎陽,Kidney Yang,腎陽,신양
UI_PULSE_AREA_SPLEEN,脾,脾,Spleen,脾,비
UI_PULSE_AREA_LUNG,肺,肺,Lung,肺,폐
UI_PULSE_AREA_KIDNEY_YIN,肾阴,腎陰,Kidney Yin,腎陰,신음
UI_PULSE_AREA_LIVER,肝,肝,Liver,肝,간
UI_PULSE_AREA_HEART,心,心,Heart,心,심
UI_PULSE_NO_DISEASE,当前没有疾病数据,目前沒有疾病資料,No disease data available.,現在、疾病データはありません,현재 병증 데이터가 없습니다.
UI_PULSE_UNKNOWN_REGION_FMT,未知脉诊区域：%s,未知脈診區域：%s,Unknown pulse region: %s,不明な脈診部位：%s,알 수 없는 맥진 영역: %s
UI_PULSE_REGION_MISSING_FMT,"当前部位：%s
对应区域：%s
未找到区域数据","目前部位：%s
對應區域：%s
未找到區域資料","Current pulse point: %s
Corresponding area: %s
No data for this area.","現在の部位：%s
対応領域：%s
領域データが見つかりません","현재 맥진 부위: %s
해당 영역: %s
이 영역의 데이터가 없습니다."
UI_PULSE_REGION_VALUES_FMT,"当前查看：%s
对应区域：%s
气：%s  血：%s  寒热：%s  湿燥：%s","目前查看：%s
對應區域：%s
氣：%s  血：%s  寒熱：%s  濕燥：%s","Viewing: %s
Corresponding area: %s
Qi: %s  Blood: %s  Cold/Heat: %s  Damp/Dry: %s","現在の部位：%s
対応領域：%s
気：%s  血：%s  寒熱：%s  湿燥：%s","현재 확인: %s
해당 영역: %s
기: %s  혈: %s  한열: %s  습조: %s"
UI_PULSE_HAND_RIGHT,右,右,Right,右,오른쪽
UI_PULSE_HAND_LEFT,左,左,Left,左,왼쪽
UI_PULSE_UNKNOWN_HAND_FMT,未知整手类型：%s,未知整手類型：%s,Unknown hand: %s,不明な手の種類：%s,알 수 없는 손 유형: %s
UI_PULSE_HAND_LINE_EMPTY_FMT,%s（%s）：无数据,%s（%s）：無資料,%s (%s): No data,%s（%s）：データなし,%s (%s): 데이터 없음
UI_PULSE_HAND_LINE_VALUES_FMT,%s（%s） 气：%s  血：%s  寒热：%s  湿燥：%s,%s（%s） 氣：%s  血：%s  寒熱：%s  濕燥：%s,%s (%s) Qi: %s  Blood: %s  Cold/Heat: %s  Damp/Dry: %s,%s（%s） 気：%s  血：%s  寒熱：%s  湿燥：%s,%s (%s) 기: %s  혈: %s  한열: %s  습조: %s
UI_PULSE_HAND_SUMMARY_FMT,"当前查看：%s手整手脉象
显示顺序：%s / %s / %s / %s

%s","目前查看：%s手整手脈象
顯示順序：%s / %s / %s / %s

%s","Full pulse reading: %s hand
Display order: %s / %s / %s / %s

%s","現在の部位：%s手全体の脈
表示順：%s / %s / %s / %s

%s","전체 맥상: %s손
표시 순서: %s / %s / %s / %s

%s"
UI_RESULT_TITLE,结果判定,結果判定,Treatment Result,診療結果,치료 결과
UI_RESULT_CONTENT_PLACEHOLDER,内容,內容,Details,内容,상세 내용
UI_RESULT_CLOSE_HINT,点击任意区域关闭,點選任意區域關閉,Click anywhere to close,画面をクリックして閉じる,아무 곳이나 클릭하여 닫기
UI_RESULT_DISEASE_FMT,病人疾病：%s,病人疾病：%s,Patient's condition: %s,患者の病名：%s,환자의 병증: %s
UI_RESULT_FORMULA_FMT,标准方：%s,標準方：%s,Standard formula: %s,標準処方：%s,표준 처방: %s
UI_RESULT_FORMULA_DETAIL_FMT,"方剂配伍：
%s","方劑配伍：
%s","Formula composition:
%s","処方の配伍：
%s","처방 구성:
%s"
UI_RESULT_DIAGNOSIS_FMT,断病：%s,斷病：%s,Diagnosis: %s,診断：%s,진단: %s
UI_RESULT_PRESCRIPTION_FMT,"开方：
%s","開方：
%s","Prescription:
%s","処方：
%s","처방:
%s"
UI_RESULT_REPUTATION_CHANGE_FMT,名望%s,名望%s,Reputation %s,名声%s,명망 %s
UI_RESULT_CONSULTATION_CHANGE_FMT,诊费%s,診費%s,Consultation fee %s,診察料%s,진료비 %s
UI_RESULT_MEDICINE_CHANGE_FMT,药材收入%s,藥材收入%s,Medicine income %s,薬材収入%s,약재 수입 %s
UI_RESULT_GIFT_CHANGE_FMT,病家谢礼%s,病家謝禮%s,Patient's gift %s,患者からのお礼%s,환자 사례금 %s
UI_RESULT_REWARDS_FMT,本次治疗奖励：%s,本次治療獎勵：%s,Treatment rewards: %s,今回の診療報酬：%s,치료 보상: %s
UI_RESULT_REWARD_SEPARATOR,，,，,",",、,","
UI_RESULT_UNLOCKED_FMT,解锁新条目：%s,解鎖新條目：%s,New entries unlocked: %s,新しい項目を解放：%s,새 항목 해금: %s
UI_RESULT_UNLOCK_SEPARATOR,、,、,",",、,","
UI_RESULT_GRADE_PERFECT,妙手回春,妙手回春,Miraculous Recovery,妙手回春,명의의 손길
UI_RESULT_GRADE_SUCCESS,治疗成功,治療成功,Treatment Successful,治療成功,치료 성공
UI_RESULT_GRADE_FAILED,治疗失败,治療失敗,Treatment Failed,治療失敗,치료 실패
UI_PRESCRIPTION_WINDOW_TITLE,断病开方,斷病開方,Diagnosis and Prescription,診断と処方,진단 및 처방
UI_PRESCRIPTION_DIAGNOSE,断病,斷病,Diagnosis,診断,진단
UI_PRESCRIPTION_SEARCH_DISEASE,搜索疾病,搜尋疾病,Search conditions,病名を検索,병증 검색
UI_PRESCRIPTION_PRESCRIBE,开方,開方,Prescription,処方,처방
UI_PRESCRIPTION_ROLE_JUN_SHORTCUT,君(1),君(1),Chief (1),君薬(1),군약 (1)
UI_PRESCRIPTION_ROLE_CHEN_SHORTCUT,臣(2),臣(2),Deputy (2),臣薬(2),신약 (2)
UI_PRESCRIPTION_ROLE_ZUO_SHORTCUT,佐(3),佐(3),Assistant (3),佐薬(3),좌약 (3)
UI_PRESCRIPTION_ROLE_SHI_SHORTCUT,使(4),使(4),Envoy (4),使薬(4),사약 (4)
UI_PRESCRIPTION_SEARCH_HERB,搜索药材,搜尋藥材,Search herbs,薬材を検索,약재 검색
UI_PRESCRIPTION_CLEAR,清空处方,清空處方,Clear Prescription,処方を消去,처방 비우기
UI_PRESCRIPTION_SUBMIT,提交处方,提交處方,Submit Prescription,処方を提出,처방 제출
UI_PRESCRIPTION_ROLE_JUN,君,君,Chief,君薬,군약
UI_PRESCRIPTION_ROLE_CHEN,臣,臣,Deputy,臣薬,신약
UI_PRESCRIPTION_ROLE_ZUO,佐,佐,Assistant,佐薬,좌약
UI_PRESCRIPTION_ROLE_SHI,使,使,Envoy,使薬,사약
UI_PRESCRIPTION_UNIT_FEN,分,分,fen,分,푼
UI_PRESCRIPTION_UNIT_QIAN,钱,錢,qian,銭,전
UI_PRESCRIPTION_UNIT_LIANG,两,兩,liang,両,냥
UI_PRESCRIPTION_UNIT_JIN,斤,斤,jin,斤,근
UI_PRESCRIPTION_ZERO_FEN,零分,零分,0 fen,零分,0푼
UI_PRESCRIPTION_HERB_DB_METHOD_MISSING,药材数据库缺少 get_all_herbs(),藥材資料庫缺少 get_all_herbs(),Herb database is missing get_all_herbs().,薬材データベースに get_all_herbs() がありません,약재 데이터베이스에 get_all_herbs()가 없습니다.
UI_PRESCRIPTION_FORMULA_LOCKED,该方剂尚未解锁。,該方劑尚未解鎖。,This formula is still locked.,この処方はまだ解放されていません。,이 처방은 아직 잠겨 있습니다.
UI_PRESCRIPTION_PRESET_LOCKED,该方剂尚未累计 5 次妙手回春，不能使用预制方剂。,該方劑尚未累計 5 次妙手回春，不能使用預設方劑。,Use this formula for 5 Miraculous Recovery results to unlock its preset.,この処方は「妙手回春」を5回達成していないため、定型処方を使用できません。,이 처방으로 ‘명의의 손길’을 5회 달성하면 프리셋이 해금됩니다.
UI_PRESCRIPTION_NOT_INITIALIZED,当前处方未初始化,目前處方未初始化,The current prescription is not ready.,処方が初期化されていません,현재 처방이 준비되지 않았습니다.
UI_PRESCRIPTION_HERB_DB_NOT_INITIALIZED,药材数据库未初始化,藥材資料庫未初始化,The herb database is not ready.,薬材データベースが初期化されていません,약재 데이터베이스가 준비되지 않았습니다.
UI_PRESCRIPTION_INVALID_FORMULA,方剂数据无效，无法填入处方。,方劑資料無效，無法填入處方。,Invalid formula data; the prescription could not be filled.,処方データが無効です。処方に追加できません。,처방 데이터가 유효하지 않아 처방을 채울 수 없습니다.
UI_PRESCRIPTION_EMPTY_INGREDIENT,方剂数据存在空药材，无法填入处方。,方劑資料存在空藥材，無法填入處方。,The formula has an empty ingredient; the prescription could not be filled.,処方データに空の薬材があります。処方に追加できません。,처방에 빈 약재가 있어 처방을 채울 수 없습니다.
UI_PRESCRIPTION_HERB_MISSING_FMT,方剂中的药材资源缺失：%s,方劑中的藥材資源缺失：%s,Missing herb resource in formula: %s,処方の薬材データが見つかりません：%s,처방에 필요한 약재 리소스가 없습니다: %s
UI_PRESCRIPTION_INVALID_DOSE_FMT,方剂中的药材剂量无效：%s,方劑中的藥材劑量無效：%s,Invalid herb dose in formula: %s,処方の薬材の用量が無効です：%s,처방의 약재 용량이 유효하지 않습니다: %s
UI_PRESCRIPTION_NO_INGREDIENTS,该方剂没有可填入的药材。,該方劑沒有可填入的藥材。,This formula contains no usable herbs.,この処方には追加できる薬材がありません。,이 처방에는 추가할 수 있는 약재가 없습니다.
UI_PRESCRIPTION_PRESET_FILLED_FMT,已按预制方剂填入：%s,已按預設方劑填入：%s,Filled from formula preset: %s,定型処方を入力しました：%s,처방 프리셋으로 입력했습니다: %s
UI_PRESCRIPTION_INCREASE_FAILED_FMT,累加药材失败：%s,累加藥材失敗：%s,Could not increase herb dose: %s,薬材の追加に失敗しました：%s,약재 용량을 늘릴 수 없습니다: %s
UI_PRESCRIPTION_ADDED_TOTAL_FMT,已加入%s区：%s，当前%s,已加入%s區：%s，目前%s,"Added to %s: %s, now %s",%s欄に%sを追加しました。現在：%s,"%s 영역에 추가: %s, 현재 %s"
UI_PRESCRIPTION_ADD_FAILED_FMT,加入药材失败：%s,加入藥材失敗：%s,Could not add herb: %s,薬材の追加に失敗しました：%s,약재를 추가할 수 없습니다: %s
UI_PRESCRIPTION_ADDED_FMT,已加入%s区：%s %s,已加入%s區：%s %s,Added to %s: %s %s,%s欄に追加：%s %s,%s 영역에 추가: %s %s
UI_PRESCRIPTION_NOT_FOUND_TO_DECREASE,未找到要减少的药材,未找到要減少的藥材,No herb found to decrease.,減量する薬材が見つかりません,줄일 약재를 찾을 수 없습니다.
UI_PRESCRIPTION_HERB_NOT_ADDED_FMT,该药材尚未加入处方：%s,該藥材尚未加入處方：%s,Herb is not in the prescription: %s,この薬材はまだ処方に追加されていません：%s,이 약재는 처방에 추가되지 않았습니다: %s
UI_PRESCRIPTION_REMOVED_FMT,已移除%s区药材：%s,已移除%s區藥材：%s,Removed from %s: %s,%s欄から薬材を削除：%s,%s 영역에서 삭제: %s
UI_PRESCRIPTION_DECREASE_FAILED_FMT,减少药材失败：%s,減少藥材失敗：%s,Could not decrease herb dose: %s,薬材の減量に失敗しました：%s,약재 용량을 줄일 수 없습니다: %s
UI_PRESCRIPTION_DECREASED_FMT,已减少%s区药材：%s，当前%s,已減少%s區藥材：%s，目前%s,"Decreased in %s: %s, now %s",%s欄の薬材を減量：%s、現在：%s,"%s 영역에서 감소: %s, 현재 %s"
UI_PRESCRIPTION_CLEARED,当前处方已清空,目前處方已清空,Prescription cleared.,現在の処方を消去しました,처방을 비웠습니다.
UI_PRESCRIPTION_ENTER_DISEASE,请先填入疾病。,請先填入疾病。,Select a condition first.,先に病名を入力してください。,먼저 병증을 선택하세요.
UI_PRESCRIPTION_ENTER_HERB,请先填入药材。,請先填入藥材。,Add an herb first.,先に薬材を入力してください。,먼저 약재를 추가하세요.
UI_PRESCRIPTION_NOT_FOUND_TO_REMOVE,未找到要移除的药材,未找到要移除的藥材,No herb found to remove.,削除する薬材が見つかりません,삭제할 약재를 찾을 수 없습니다.
UI_PRESCRIPTION_DISEASE_DB_NOT_INITIALIZED,疾病数据库未初始化,疾病資料庫未初始化,The condition database is not ready.,疾病データベースが初期化されていません,병증 데이터베이스가 준비되지 않았습니다.
UI_PRESCRIPTION_DISEASE_DB_METHOD_MISSING,DiseaseDB 缺少 get_all_diseases(),DiseaseDB 缺少 get_all_diseases(),Condition database is missing get_all_diseases().,DiseaseDB に get_all_diseases() がありません,병증 데이터베이스에 get_all_diseases()가 없습니다.
UI_PRESCRIPTION_DISEASE_ID_MISSING,疾病数据缺少 disease_id，无法选择,疾病資料缺少 disease_id，無法選擇,Condition data has no disease_id; selection failed.,疾病データに disease_id がないため選択できません,병증 데이터에 disease_id가 없어 선택할 수 없습니다.
UI_PRESCRIPTION_DISEASE_LOCKED,该疾病尚未解锁，不能用于断病,該疾病尚未解鎖，不能用於斷病,This condition is still locked and cannot be diagnosed.,この病名はまだ解放されていないため、診断には使えません,이 병증은 아직 잠겨 있어 진단할 수 없습니다.
UI_PRESCRIPTION_DIAGNOSIS_SELECTED_FMT,已选择疾病诊断：%s,已選擇疾病診斷：%s,Selected diagnosis: %s,診断を選択しました：%s,선택한 진단: %s
UI_LOG_WINDOW_TITLE,行医记考,行醫記考,Clinical Records,診療記録,진료 기록
UI_LOG_TAB_DISEASE_SHORTCUT,疾病(1),疾病(1),Conditions (1),疾病(1),병증 (1)
UI_LOG_TAB_FORMULA_SHORTCUT,方剂(2),方劑(2),Formulas (2),処方(2),처방 (2)
UI_LOG_TAB_HERB_SHORTCUT,药材(3),藥材(3),Herbs (3),薬材(3),약재 (3)
UI_LOG_TAB_DISEASE,疾病,疾病,Conditions,疾病,병증
UI_LOG_TAB_FORMULA,方剂,方劑,Formulas,処方,처방
UI_LOG_TAB_HERB,药材,藥材,Herbs,薬材,약재
UI_LOG_SEARCH_DISEASE,搜索疾病,搜尋疾病,Search conditions,病名を検索,병증 검색
UI_LOG_SEARCH_FORMULA,搜索方剂,搜尋方劑,Search formulas,処方を検索,처방 검색
UI_LOG_SEARCH_HERB,搜索药材,搜尋藥材,Search herbs,薬材を検索,약재 검색
UI_LOG_SELECT_DISEASE,请选择左侧疾病条目,請選擇左側疾病條目,Select a condition,左側の疾病を選択してください,병증 선택
UI_LOG_SELECT_FORMULA,请选择左侧方剂条目,請選擇左側方劑條目,Select a formula,左側の処方を選択してください,처방 선택
UI_LOG_SELECT_HERB,请选择左侧药材条目,請選擇左側藥材條目,Select an herb,左側の薬材を選択してください,약재 선택
UI_LOG_PREV_PAGE,上一页,上一頁,Previous,前のページ,이전
UI_LOG_NEXT_PAGE,下一页,下一頁,Next,次のページ,다음
UI_READ_BOOK_WINDOW_TITLE,读书,讀書,Read Books,読書,의서 읽기
UI_READ_BOOK_SEARCH_TOOLTIP,搜索全部可阅读医书中的已解锁条目。,搜尋全部可閱讀醫書中的已解鎖條目。,Search unlocked entries in all available books.,閲覧可能な医学書にある、解放済みの項目をすべて検索します。,이용 가능한 모든 의서에서 해금된 항목을 검색합니다.
UI_READ_BOOK_SEARCH_PLACEHOLDER,搜索全部已解锁条目...,搜尋全部已解鎖條目...,Search all unlocked entries...,解放済みの項目を検索……,해금된 모든 항목 검색...
UI_READ_BOOK_BOOK_LIST,医书列表,醫書列表,Medical Books,医学書一覧,의서
UI_READ_BOOK_ENTRY_LIST,条目列表,條目列表,Entries,項目一覧,항목
UI_READ_BOOK_CHOOSE_BOOK_TONIGHT,请选择今晚要阅读的医书。,請選擇今晚要閱讀的醫書。,Choose a book to read tonight.,今夜読む医学書を選んでください。,오늘 밤 읽을 의서를 선택하세요.
UI_READ_BOOK_CHOOSE_BOOK,请选择要查看的医书。,請選擇要查看的醫書。,Choose a book to view.,閲覧する医学書を選んでください。,열람할 의서를 선택하세요.
UI_READ_BOOK_MATCH_BADGE_FMT,【匹配%d】,【符合%d】,[Matches: %d],【一致%d】,[일치: %d]
UI_READ_BOOK_NEW_COUNT_BADGE_FMT,【新%d】,【新%d】,[New: %d],【新着%d】,[신규: %d]
UI_READ_BOOK_MATCH_TOOLTIP_FMT,找到 %d 个匹配条目,找到 %d 個符合條目,Found %d matching entries,一致する項目が %d 件見つかりました,일치하는 항목 %d개를 찾았습니다
UI_READ_BOOK_NEW_TOOLTIP_FMT,有 %d 个新解锁条目可以查看,有 %d 個新解鎖條目可以查看,%d newly unlocked entries are available,新しく解放された項目が %d 件あります,새로 해금된 항목 %d개를 열람할 수 있습니다
UI_READ_BOOK_SEARCH_SUMMARY_FMT,搜索“%s”：共找到 %d 个已解锁条目；当前《%s》有 %d 个匹配。,搜尋「%s」：共找到 %d 個已解鎖條目；目前《%s》有 %d 個符合。,"Search ""%s"": %d unlocked entries found; ""%s"" has %d matches.",「%s」の検索結果：解放済みの項目が合計 %d 件。現在の『%s』には %d 件あります。,‘%s’ 검색: 해금된 항목 %d개를 찾음; ‘%s’ 일치 %d개.
UI_READ_BOOK_EMPTY_BOOK_FMT,《%s》当前没有已解锁条目。,《%s》目前沒有已解鎖條目。,"""%s"" has no unlocked entries yet.",『%s』には現在、解放済みの項目がありません。,‘%s’에는 아직 해금된 항목이 없습니다.
UI_READ_BOOK_UNREAD_COUNT_FMT,《%s》共有 %d 个已解锁条目，其中 %d 个尚未查看。,《%s》共有 %d 個已解鎖條目，其中 %d 個尚未查看。,"""%s"" has %d unlocked entries, including %d unread.",『%s』には解放済みの項目が %d 件あり、うち %d 件は未読です。,"‘%s’에는 해금된 항목 %d개가 있으며, 그중 %d개를 읽지 않았습니다."
UI_READ_BOOK_ENTRY_COUNT_FMT,《%s》共有 %d 个已解锁条目。,《%s》共有 %d 個已解鎖條目。,"""%s"" has %d unlocked entries.",『%s』には解放済みの項目が %d 件あります。,‘%s’에는 해금된 항목이 %d개 있습니다.
UI_READ_BOOK_NO_BOOKS,当前没有可查看的医书。,目前沒有可查看的醫書。,No books are available to view.,閲覧できる医学書がありません。,열람할 수 있는 의서가 없습니다.
UI_READ_BOOK_NO_RESULTS_FMT,没有找到包含“%s”的已解锁条目。,沒有找到包含「%s」的已解鎖條目。,"No unlocked entries match ""%s"".",「%s」に一致する解放済みの項目は見つかりませんでした。,‘%s’와 일치하는 해금된 항목이 없습니다.
UI_READ_BOOK_NEW_BADGE,【新】,【新】,[New],【新着】,[신규]
UI_READ_BOOK_NEW_ENTRY_TOOLTIP,新解锁条目，尚未查看,新解鎖條目，尚未查看,Newly unlocked; not yet read,新しく解放された未読の項目,새로 해금되었으며 아직 읽지 않았습니다
UI_READ_BOOK_NO_CONTENT,暂无正文,暫無正文,No text available,本文はありません,표시할 내용이 없습니다
UI_READ_BOOK_ENTRY_LOCKED,该条目尚未解锁，请先满足对应的解锁条件。,該條目尚未解鎖，請先滿足對應的解鎖條件。,This entry is locked. Meet its unlock requirements first.,この項目はまだ解放されていません。先に解放条件を満たしてください。,이 항목은 잠겨 있습니다. 먼저 해금 조건을 충족하세요.
UI_READ_BOOK_ENTRY_READ,已查看条目。,已查看條目。,Entry read.,閲覧済みの項目です。,항목을 읽었습니다.
UI_READ_BOOK_VIEW_PULSE,查看脉象,查看脈象,View Pulse,脈を確認,맥상 보기
UI_READ_BOOK_PULSE_SELECT_HINT,请先在条目列表中选择一个已解锁的疾病。,請先在條目列表中選擇一個已解鎖的疾病。,Select an unlocked condition from the entries first.,まず項目一覧から解放済みの疾病を選んでください。,먼저 항목에서 해금된 병증을 선택하세요.
UI_READ_BOOK_PULSE_TOOLTIP_FMT,查看《%s》的左右手脉象，用于夜晚练习。,查看《%s》的左右手脈象，用於夜晚練習。,View left and right pulse patterns for %s to practice at night.,『%s』の左右の脈を確認し、夜間の練習に使います。,밤에 연습할 수 있도록 %s의 좌우 맥상 패턴을 봅니다.
UI_READ_BOOK_SELECT_DISEASE_FIRST,请先选择一个疾病条目，再查看脉象。,請先選擇一個疾病條目，再查看脈象。,Select a condition entry before viewing its pulse.,脈を確認する前に、疾病の項目を選んでください。,맥상을 보기 전에 병증 항목을 선택하세요.
UI_READ_BOOK_PULSE_MISSING,脉象练习窗口不存在。,脈象練習視窗不存在。,Pulse practice window is unavailable.,脈診の練習画面が見つかりません。,맥진 연습 창을 사용할 수 없습니다.
UI_READ_BOOK_PULSE_TITLE_FMT,脉象练习 - %s,脈象練習 - %s,Pulse Practice - %s,脈診の練習・%s,맥진 연습 - %s
UI_RECORDS_TAB_TREATMENT,诊疗记录,診療記錄,Treatments,診療記録,진료
UI_RECORDS_TAB_FINANCE,账目明细,帳目明細,Accounts,収支明細,장부
UI_RECORDS_TAB_STATS,数据统计,資料統計,Statistics,統計,통계
UI_RECORDS_TAB_PRESETS,预制方剂,預設方劑,Formula Presets,定型処方,처방 프리셋
UI_RECORDS_TREATMENT_DATES,诊疗日期,診療日期,Treatment Dates,診療日,진료 날짜
UI_RECORDS_FINANCE_DATES,账目日期,帳目日期,Account Dates,記帳日,장부 날짜
UI_RECORDS_TOTAL_PATIENTS,治疗人数,治療人數,Patients Treated,診療した患者,진료 환자 수
UI_RECORDS_SUCCESSFUL_PATIENTS,成功人数,成功人數,Successful Treatments,治療成功,치료 성공 환자 수
UI_RECORDS_MIRACULOUS_PATIENTS,妙手回春人数,妙手回春人數,Miraculous Recoveries,妙手回春,명의의 손길 환자 수
UI_RECORDS_FAILED_PATIENTS,失败人数,失敗人數,Failed Treatments,治療失敗,치료 실패 환자 수
UI_RECORDS_SUCCESS_RATE,成功率,成功率,Success Rate,成功率,성공률
UI_RECORDS_TOTAL_INCOME,总收入,總收入,Total Income,総収入,총수입
UI_RECORDS_TOTAL_EXPENSE,总支出,總支出,Total Expenses,総支出,총지출
UI_RECORDS_PROFIT,利润,利潤,Profit,利益,순이익
UI_RECORDS_FORMULA_MASTERY,方剂熟练度,方劑熟練度,Formula Mastery,処方の熟練度,처방 숙련도
UI_RECORDS_ZERO_PATIENTS,0 人,0 人,0 people,0人,0명
UI_RECORDS_ZERO_MONEY,0两0文,0兩0文,0 liang 0 wen,0両0文,0냥 0문
UI_RECORDS_TREATMENT_EMPTY,[color=#c6ae83]尚无诊疗记录。完成一次诊疗后，这里会按天保存病人、疾病、标准方、断病和开方。[/color],[color=#c6ae83]尚無診療記錄。完成一次診療後，這裡會按天儲存病人、疾病、標準方、斷病和開方。[/color],"[color=#c6ae83]No treatments recorded yet. After your first treatment, patients, conditions, standard formulas, diagnoses and prescriptions will be saved here by day.[/color]",[color=#c6ae83]診療記録はまだありません。診療を終えると、患者・疾病・標準処方・診断・処方が日ごとに記録されます。[/color],"[color=#c6ae83]아직 기록된 진료가 없습니다. 첫 진료를 마치면 환자, 병증, 표준 처방, 진단과 처방이 날짜별로 이곳에 저장됩니다.[/color]"
UI_RECORDS_TREATMENT_HEADER_FMT,[font_size=24][color=#e3b66b]%s · 诊疗记录[/color][/font_size],[font_size=24][color=#e3b66b]%s · 診療記錄[/color][/font_size],[font_size=24][color=#e3b66b]%s · Treatments[/color][/font_size],[font_size=24][color=#e3b66b]%s・診療記録[/color][/font_size],[font_size=24][color=#e3b66b]%s · 진료[/color][/font_size]
UI_RECORDS_TREATMENT_DAY_EMPTY,[color=#c6ae83]本日暂无记录。[/color],[color=#c6ae83]本日暫無記錄。[/color],[color=#c6ae83]No treatments recorded today.[/color],[color=#c6ae83]この日の記録はありません。[/color],[color=#c6ae83]오늘 기록된 진료가 없습니다.[/color]
UI_RECORDS_STATUS_SUCCESS,成功,成功,Successful,成功,성공
UI_RECORDS_STATUS_NOT_CURED,未愈,未愈,Not Cured,未治癒,치유되지 않음
UI_RECORDS_UNKNOWN_PATIENT,未知病人,未知病人,Unknown Patient,不明な患者,알 수 없는 환자
UI_RECORDS_NOT_RECORDED,未记录,未記錄,Not Recorded,記録なし,기록 없음
UI_RECORDS_DISEASE_FMT,病人疾病：[color=#e3d1aa]%s[/color],病人疾病：[color=#e3d1aa]%s[/color],Patient condition: [color=#e3d1aa]%s[/color],患者の病名：[color=#e3d1aa]%s[/color],환자 병증: [color=#e3d1aa]%s[/color]
UI_RECORDS_FORMULA_FMT,标准方：[color=#e3d1aa]%s[/color],標準方：[color=#e3d1aa]%s[/color],Standard formula: [color=#e3d1aa]%s[/color],標準処方：[color=#e3d1aa]%s[/color],표준 처방: [color=#e3d1aa]%s[/color]
UI_RECORDS_DIAGNOSIS_FMT,断病：[color=#e3d1aa]%s[/color],斷病：[color=#e3d1aa]%s[/color],Diagnosis: [color=#e3d1aa]%s[/color],診断：[color=#e3d1aa]%s[/color],진단: [color=#e3d1aa]%s[/color]
UI_RECORDS_PRESCRIPTION_FMT,开方：[color=#e3d1aa]%s[/color],開方：[color=#e3d1aa]%s[/color],Prescription: [color=#e3d1aa]%s[/color],処方：[color=#e3d1aa]%s[/color],처방: [color=#e3d1aa]%s[/color]
UI_RECORDS_EMPTY_PRESCRIPTION,（空方）,（空方）,(Empty prescription),（処方なし）,(빈 처방)
UI_RECORDS_LINE_SEPARATOR,；,；,;,；,;
UI_RECORDS_FINANCE_START_FMT,[color=#c6ae83]账目自%s开始记录。[/color],[color=#c6ae83]帳目自%s開始記錄。[/color],[color=#c6ae83]Accounts are recorded from %s onward.[/color],[color=#c6ae83]収支の記録は%sから始まります。[/color],[color=#c6ae83]장부는 %s부터 기록됩니다.[/color]
UI_RECORDS_FINANCE_EMPTY_FMT,[color=#c6ae83]%s暂无账目数据。[/color],[color=#c6ae83]%s暫無帳目資料。[/color],[color=#c6ae83]No accounts are available for %s.[/color],[color=#c6ae83]%sの収支データはありません。[/color],[color=#c6ae83]%s의 장부 데이터가 없습니다.[/color]
UI_RECORDS_FINANCE_HEADER_FMT,[font_size=24][color=#e3b66b]%s · 账目明细[/color][/font_size],[font_size=24][color=#e3b66b]%s · 帳目明細[/color][/font_size],[font_size=24][color=#e3b66b]%s · Accounts[/color][/font_size],[font_size=24][color=#e3b66b]%s・収支明細[/color][/font_size],[font_size=24][color=#e3b66b]%s · 장부[/color][/font_size]
UI_RECORDS_FINANCE_UNSETTLED,[color=#c6ae83]本日尚未结算，支出将在进入夜晚时生成。[/color],[color=#c6ae83]本日尚未結算，支出將在進入夜晚時生成。[/color],[color=#c6ae83]Today is not settled yet. Expenses are recorded when night begins.[/color],[color=#c6ae83]この日の決算はまだです。夜になると支出が計上されます。[/color],[color=#c6ae83]오늘은 아직 결산되지 않았습니다. 밤이 시작되면 지출이 기록됩니다.[/color]
UI_RECORDS_INCOME_HEADER,[b]收入[/b],[b]收入[/b],[b]Income[/b],[b]収入[/b],[b]수입[/b]
UI_RECORDS_EXPENSE_HEADER,[b]支出[/b],[b]支出[/b],[b]Expenses[/b],[b]支出[/b],[b]지출[/b]
UI_RECORDS_FINANCE_CONSULTATION,诊费,診費,Consultation Fees,診察料,진료비
UI_RECORDS_FINANCE_MEDICINE,药材收入,藥材收入,Herb Sales,薬材収入,약재 수입
UI_RECORDS_FINANCE_PATIENT_GIFT,病家谢礼,病家謝禮,Patient Gifts,患者からの謝礼,환자 사례금
UI_RECORDS_FINANCE_LI_JIAN_ZHONG,李建中俸禄,李建中俸祿,Li Jianzhong's Salary,李建中の俸禄,이건중 급여
UI_RECORDS_FINANCE_LI_YAN_WEN,李言闻收入,李言聞收入,Li Yanwen's Income,李言聞の収入,이언문 수입
UI_RECORDS_FINANCE_LAND_RENT,田租,田租,Land Rent,地代,토지 임대료
UI_RECORDS_FINANCE_STAFF_WAGES,陈皮半夏工钱,陳皮半夏工錢,Chenpi and Banxia Wages,陳皮と半夏の給金,진피·반하 인건비
UI_RECORDS_FINANCE_FOOD,食物,食物,Food,食費,식비
UI_RECORDS_FINANCE_GIFTS,人情随礼,人情隨禮,Social Gifts,贈答費,인사 예물
UI_RECORDS_FINANCE_BOOKS,购买医书,購買醫書,Medical Books,医学書の購入,의서 구입
UI_RECORDS_FINANCE_COAL,煤炭,煤炭,Coal,石炭,석탄
UI_RECORDS_FINANCE_CLOTHING,布匹棉衣,布匹棉衣,Cloth and Winter Clothes,衣服と綿入れ,직물 및 겨울옷
UI_RECORDS_FINANCE_REPAIRS,修缮房屋,修繕房屋,House Repairs,家屋の修繕,집 수리
UI_RECORDS_FINANCE_ANCESTORS,扫墓祭祖,掃墓祭祖,Ancestral Rites,墓参りと先祖供養,조상 제례
UI_RECORDS_FINANCE_MOLDY_HERBS,药材发霉,藥材發霉,Spoiled Herbs,薬材のカビ,상한 약재
UI_RECORDS_FINANCE_SUMMER_TAX,夏税,夏稅,Summer Tax,夏の税,여름 세금
UI_RECORDS_FINANCE_AUTUMN_TAX,秋税,秋稅,Autumn Tax,秋の税,가을 세금
UI_RECORDS_TOTAL_INCOME_FMT,收入合计：[color=#9fe29f]%s[/color],收入合計：[color=#9fe29f]%s[/color],Total Income: [color=#9fe29f]%s[/color],収入合計：[color=#9fe29f]%s[/color],총수입: [color=#9fe29f]%s[/color]
UI_RECORDS_TOTAL_EXPENSE_FMT,支出合计：[color=#f0a0a0]%s[/color],支出合計：[color=#f0a0a0]%s[/color],Total Expenses: [color=#f0a0a0]%s[/color],支出合計：[color=#f0a0a0]%s[/color],총지출: [color=#f0a0a0]%s[/color]
UI_RECORDS_NET_CHANGE_FMT,本日变化：[color=#e3b66b]%s[/color],本日變化：[color=#e3b66b]%s[/color],Today's Change: [color=#e3b66b]%s[/color],本日の増減：[color=#e3b66b]%s[/color],오늘의 변화: [color=#e3b66b]%s[/color]
UI_RECORDS_MONEY_LINE_FMT,%s：[color=%s]%s[/color],%s：[color=%s]%s[/color],%s: [color=%s]%s[/color],%s：[color=%s]%s[/color],%s: [color=%s]%s[/color]
UI_RECORDS_MONEY_FMT,%s%d两%d文,%s%d兩%d文,%s%d liang %d wen,%s%d両%d文,%s%d냥 %d문
UI_RECORDS_DATE_UNKNOWN,日期未载,日期未載,Date Unknown,日付不明,날짜 미상
UI_RECORDS_PATIENT_COUNT_FMT,%d 人,%d 人,%d people,%d人,%d명
UI_RECORDS_PRESET_UNLOCKED_BADGE,· 已解锁,· 已解鎖,· Unlocked,・解放済み,· 해금됨
UI_RECORDS_NO_FORMULAS,[color=#c6ae83]暂无方剂数据。[/color],[color=#c6ae83]暫無方劑資料。[/color],[color=#c6ae83]No formula data available.[/color],[color=#c6ae83]処方データはありません。[/color],[color=#c6ae83]처방 데이터가 없습니다.[/color]
UI_RECORDS_PRESET_UNLOCKED,已解锁：可在开方时一键使用,已解鎖：可在開方時一鍵使用,Unlocked: ready to use while prescribing,解放済み：処方時にワンクリックで使用できます,해금됨: 처방할 때 바로 사용할 수 있습니다
UI_RECORDS_PRESET_LOCKED,未解锁：该方剂获得 5 次妙手回春后解锁,未解鎖：該方劑獲得 5 次妙手回春後解鎖,Locked: earn 5 Miraculous Recovery results with this formula,未解放：この処方で「妙手回春」を5回達成すると解放されます,잠김: 이 처방으로 ‘명의의 손길’을 5회 달성하면 해금됩니다
UI_RECORDS_PRESET_PROGRESS_FMT,掌握次数：%d / 5,掌握次數：%d / 5,Mastery: %d / 5,達成回数：%d / 5,숙련도: %d / 5
UI_RECORDS_PRESET_STATUS_FMT,状态：[color=%s]%s[/color],狀態：[color=%s]%s[/color],Status: [color=%s]%s[/color],状態：[color=%s]%s[/color],상태: [color=%s]%s[/color]
UI_RECORDS_PRESET_INGREDIENTS,标准方组成：,標準方組成：,Standard Formula Ingredients:,標準処方の構成：,표준 처방 구성:
UI_RECORDS_NO_INGREDIENTS,（暂无组成数据）,（暫無組成資料）,(No ingredient data),（構成データなし）,(구성 약재 없음)
UI_RECORDS_INGREDIENT_FMT,%s（%s）,%s（%s）,%s (%s),%s（%s）,%s (%s)
UI_NIGHT_UNREAD_BEFORE_REST,尚有未读条目，请先阅读后再休息。,尚有未讀條目，請先閱讀後再休息。,Some entries are unread. Read them before resting.,未読の項目があります。休む前に読んでください。,아직 읽지 않은 항목이 있습니다. 먼저 읽은 후 쉬세요.
UI_STORY_DIALOGUE_PLACEHOLDER,人物对话显示区域,人物對話顯示區域,Dialogue appears here,人物の会話が表示されます,여기에 대사가 표시됩니다
UI_STORY_PULSE_BUTTON,把脉(F1),把脈(F1),Pulse (F1),脈診(F1),맥진 (F1)
UI_STORY_PRESCRIPTION_BUTTON,开方(F2),開方(F2),Prescribe (F2),処方(F2),처방 (F2)
UI_STORY_CLINICAL_LOG_BUTTON,行医记考(F3),行醫記考(F3),Records (F3),診療記録(F3),진료 기록 (F3)
UI_STORY_CONTINUE_HINT,点击 / 空格 /  继续，回车跳过剧情,點選 / 空白鍵繼續，Enter 鍵跳過劇情,Click / Space: Continue · Hold Enter: Skip Story,クリック / スペース：続ける、Enter：物語をスキップ,클릭 / 스페이스: 계속 · Enter 길게 누르기: 이야기 건너뛰기
UI_STORY_SUBTITLE_PLACEHOLDER,背景字幕显示区域,背景字幕顯示區域,Subtitles appear here,場面の字幕が表示されます,여기에 자막이 표시됩니다
UI_STORY_SUBTITLE_CONTINUE_HINT,点击 / 空格 /  继续，长按回车跳过剧情,點選 / 空白鍵繼續，長按 Enter 鍵跳過劇情,Click / Space: Continue · Hold Enter: Skip Story,クリック / スペース：続ける、Enter長押し：物語をスキップ,클릭 / 스페이스: 계속 · Enter 길게 누르기: 이야기 건너뛰기
UI_STORY_TREATMENT_SPEAKER,诊疗,診療,Treatment,診療,진료
UI_STORY_SELECT_TREATMENT,请选择诊疗项目。,請選擇診療項目。,Choose a treatment action.,診療項目を選んでください。,진료 항목을 선택하세요.
UI_STORY_TREATMENT_HINT,诊疗提示,診療提示,Treatment Notice,診療のヒント,진료 안내
UI_STORY_INVALID_TREATMENT_RESULT,Clinic 返回了无效的诊疗结果。,Clinic 返回了無效的診療結果。,Clinic returned an invalid treatment result.,Clinic から無効な診療結果が返されました。,진료소에서 유효하지 않은 진료 결과를 반환했습니다.
UI_STORY_SUBMIT_FAILED,处方提交失败。,處方提交失敗。,Could not submit the prescription.,処方を提出できませんでした。,처방을 제출하지 못했습니다.
UI_HINT_PLACEHOLDER,提示内容,提示內容,Notice text,ヒントの内容,안내 내용
UI_RESULT_ROLE_LINE_FMT,%s：%s,%s：%s,%s: %s,%s：%s,%s: %s
UI_RESULT_NONE,（无）,（無）,(None),（なし）,(없음)
UI_RESULT_FORMULA_NOT_FOUND,（未找到标准方）,（未找到標準方）,(Standard formula not found),（標準処方が見つかりません）,(표준 처방을 찾을 수 없음)
UI_RESULT_NO_DIAGNOSIS,未选择疾病,未選擇疾病,No condition selected,病名を選択していません,선택한 병증 없음
UI_RESULT_PRESET_UNLOCK,预制方剂,預設方劑,Formula Preset,定型処方,처방 프리셋
UI_RESULT_PRESET_UNLOCK_FMT,预制方剂：%s,預設方劑：%s,Formula Preset: %s,定型処方：%s,처방 프리셋: %s
UI_TUTORIAL_WINDOW_TITLE,游戏说明,遊戲說明,Game Guide,遊び方,게임 안내
UI_TUTORIAL_KEYBOARD_HINT,← / → 翻页    Esc 关闭,← / → 翻頁    Esc 關閉,← / →: Pages    Esc: Close,← / → ページ切り替え    Esc 閉じる,← / →: 페이지 넘기기    Esc: 닫기
UI_TUTORIAL_PREVIOUS,上一步,上一步,Previous,前へ,이전
UI_TUTORIAL_NEXT,下一步,下一步,Next,次へ,다음
UI_TUTORIAL_DONE,完成,完成,Finish,完了,완료
UI_TUTORIAL_NO_PAGES,暂无说明,暫無說明,No guide pages yet,説明はありません,아직 안내 페이지가 없습니다
UI_TUTORIAL_ADD_DAY_SLIDES,请在 Inspector 的 Day Slides 中添加 TutorialSlideData。,請在 Inspector 的 Day Slides 中添加 TutorialSlideData。,Add TutorialSlideData to Day Slides in the Inspector.,Inspector の Day Slides に TutorialSlideData を追加してください。,Inspector의 Day Slides에 TutorialSlideData를 추가하세요.
UI_TUTORIAL_ADD_NIGHT_SLIDES,请在 Inspector 的 Slides 中添加 TutorialSlideData。,請在 Inspector 的 Slides 中添加 TutorialSlideData。,Add TutorialSlideData to Slides in the Inspector.,Inspector の Slides に TutorialSlideData を追加してください。,Inspector의 Slides에 TutorialSlideData를 추가하세요.
UI_TUTORIAL_MISSING_SLIDE,当前教程页未设置 TutorialSlideData。,目前教學頁未設定 TutorialSlideData。,No TutorialSlideData is set for this guide page.,このチュートリアルページには TutorialSlideData が設定されていません。,이 안내 페이지에 TutorialSlideData가 설정되지 않았습니다.
UI_TUTORIAL_NIGHT_01_TITLE,夜间,夜間,Night,夜,밤
UI_TUTORIAL_NIGHT_01_DESCRIPTION,夜间点击书籍(F1)读书，行医记考(F2)查看记录，油灯(F3)休息进入下一天。,夜間點選書籍(F1)讀書，行醫記考(F2)查看記錄，油燈(F3)休息進入下一天。,"At night, click the books (F1) to read, the medical records (F2) to review entries, or the oil lamp (F3) to rest and begin the next day.",夜は書物(F1)をクリックして読書、診療記録(F2)で記録の確認、灯火(F3)で休んで翌日へ進みます。,"밤에는 의서(F1)를 클릭하여 읽고, 진료 기록(F2)을 클릭하여 기록을 확인하거나, 등불(F3)을 클릭하여 쉬고 다음 날을 시작하세요."
UI_TUTORIAL_NIGHT_02_TITLE,读书,讀書,Reading,読書,독서
UI_TUTORIAL_NIGHT_02_DESCRIPTION,在读书窗口中可以阅读医学典籍，《黄帝内经》记载中医基础理论，作为参考。,在讀書視窗中可以閱讀醫學典籍，《黃帝內經》記載中醫基礎理論，作為參考。,Read medical classics in the reading window. The Yellow Emperor's Inner Canon explains the foundations of traditional Chinese medicine and serves as a reference.,読書画面では医学書を読めます。『黄帝内経』には東洋医学の基礎理論が記されており、参考にできます。,독서 창에서 의학 고전을 읽을 수 있습니다. 《황제내경》은 한의학의 기초 이론을 설명하며 참고 자료로 사용됩니다.
UI_TUTORIAL_NIGHT_03_TITLE,药材,藥材,Herbs,薬材,약재
UI_TUTORIAL_NIGHT_03_DESCRIPTION,《神农本草经》记载药材的相关信息，作为参考。,《神農本草經》記載藥材的相關資訊，作為參考。,The Divine Farmer's Classic of Materia Medica records information about medicinal herbs and serves as a reference.,『神農本草経』には薬材に関する情報が記されています。参考にしてください。,《신농본초경》에는 약재에 관한 정보가 기록되어 있으며 참고 자료로 사용됩니다.
UI_TUTORIAL_NIGHT_04_TITLE,疾病,疾病,Conditions,疾病,병증
UI_TUTORIAL_NIGHT_04_DESCRIPTION,《诸病源候论》记载疾病的相关信息，游戏中通过脉象来判断疾病，通过标准方治疗疾病。,《諸病源候論》記載疾病的相關資訊，遊戲中透過脈象來判斷疾病，透過標準方治療疾病。,"The Treatise on the Origins and Manifestations of Various Diseases records information about diseases. In the game, diagnose conditions from pulse readings and treat them with standard formulas.",『諸病源候論』には疾病に関する情報が記されています。ゲームでは脈から疾病を判断し、標準処方で治療します。,《제병원후론》에는 질병에 관한 정보가 기록되어 있습니다. 게임에서는 맥상으로 병증을 판단하고 표준 처방으로 치료합니다.
UI_TUTORIAL_NIGHT_05_TITLE,方剂,方劑,Formulas,処方,처방
UI_TUTORIAL_NIGHT_05_DESCRIPTION,其他医书记载各类方剂，白天在开方窗口填入方剂的组成药材来给病人开药。,其他醫書記載各類方劑，白天在開方視窗填入方劑的組成藥材來給病人開藥。,"Other medical books list various formulas. During the day, enter their herbs in the prescription window to treat patients.",ほかの医学書にはさまざまな処方が載っています。昼間は処方画面で構成薬材を入力し、患者に薬を出します。,다른 의서에는 여러 처방이 기록되어 있습니다. 낮에는 처방 창에 처방을 구성하는 약재를 입력하여 환자에게 약을 지어 주세요.
UI_TUTORIAL_NIGHT_06_TITLE,脉象,脈象,Pulse Readings,脈,맥상
UI_TUTORIAL_NIGHT_06_DESCRIPTION,在《诸病源候论》中选择疾病条目时，点击右下角“查看脉象”按钮，可以观察该疾病的脉象。,在《諸病源候論》中選擇疾病條目時，點選右下角「查看脈象」按鈕，可以觀察該疾病的脈象。,"Select a disease entry in the Treatise on the Origins and Manifestations of Various Diseases, then click 'View Pulse' in the lower right to examine its pulse.",『諸病源候論』で疾病の項目を選び、右下の「脈を確認」を押すと、その病の脈を観察できます。,《제병원후론》에서 병증 항목을 선택한 다음 오른쪽 아래의 ‘맥상 보기’ 버튼을 클릭하면 해당 병증의 맥상을 확인할 수 있습니다.
UI_TUTORIAL_NIGHT_07_TITLE,脉象,脈象,Pulse Readings,脈,맥상
UI_TUTORIAL_NIGHT_07_DESCRIPTION,健康的脉象是不高不低，不粗不细，不宽不窄，一次呼吸脉搏跳动四到五次。,健康的脈象是不高不低，不粗不細，不寬不窄，一次呼吸脈搏跳動四到五次。,"A healthy pulse has neither increased nor decreased amplitude, neither a thicker nor thinner pulse line, and neither broader nor narrower pulse width. Its pulse frequency is four to five beats per breath.",健康な脈は高すぎず低すぎず、太すぎず細すぎず、広すぎず狭すぎず、呼吸一回につき四～五回打ちます。,"건강한 맥상은 높지도 낮지도, 굵지도 가늘지도, 넓지도 좁지도 않습니다. 한 번 숨 쉬는 동안 맥박은 네 번에서 다섯 번 뜁니다."
UI_TUTORIAL_NIGHT_08_TITLE,气,氣,Qi,気,기
UI_TUTORIAL_NIGHT_08_DESCRIPTION,"波峰的高低反映气的强弱；
波峰越高气滞程度越高，波峰越低气虚程度越高。","波峰的高低反映氣的強弱；
波峰越高氣滯程度越高，波峰越低氣虛程度越高。","Amplitude reflects the state of Qi;
increased amplitude indicates greater Qi stagnation, while decreased amplitude indicates greater Qi deficiency.","波の峰の高さは気の状態を表します。
峰が高いほど気滞が強く、低いほど気虚が強くなります。","파형의 높이는 기의 강약을 나타냅니다.
파형이 높을수록 기체가 심하고, 낮을수록 기허가 심합니다."
UI_TUTORIAL_NIGHT_09_TITLE,血,血,Blood,血,혈
UI_TUTORIAL_NIGHT_09_DESCRIPTION,"波线的粗细反映血的状态；
波线越粗血瘀程度越高，波线越细血虚程度越高。","波線的粗細反映血的狀態；
波線越粗血瘀程度越高，波線越細血虛程度越高。","Pulse-line thickness reflects the state of Blood;
a thicker pulse line indicates greater blood stasis, while a thinner pulse line indicates greater blood deficiency.","波線の太さは血の状態を表します。
太いほど瘀血が強く、細いほど血虚が強くなります。","파형의 굵기는 혈의 상태를 나타냅니다.
파형이 굵을수록 어혈이 심하고, 가늘수록 혈허가 심합니다."
UI_TUTORIAL_NIGHT_10_TITLE,湿燥,濕燥,Dampness and Dryness,湿と燥,습조
UI_TUTORIAL_NIGHT_10_DESCRIPTION,"波宽的宽窄反映湿燥程度；
波宽越宽越湿，波宽越窄越燥。","波寬的寬窄反映濕燥程度；
波寬越寬越濕，波寬越窄越燥。","Pulse width reflects Dampness and Dryness;
broader pulse width indicates greater Dampness, while narrower pulse width indicates greater Dryness.","波の幅は湿と燥の程度を表します。
広いほど湿が強く、狭いほど燥が強くなります。","파형의 너비는 습조의 정도를 나타냅니다.
파형이 넓을수록 습하고, 좁을수록 조합니다."
UI_TUTORIAL_NIGHT_11_TITLE,寒热,寒熱,Cold and Heat,寒と熱,한열
UI_TUTORIAL_NIGHT_11_DESCRIPTION,"每次呼吸波峰经过指尖的次数反映寒热程度；
脉搏数越多越热，脉搏次数越少越寒。","每次呼吸波峰經過指尖的次數反映寒熱程度；
脈搏數越多越熱，脈搏次數越少越寒。","Pulse frequency reflects Cold and Heat;
higher pulse frequency indicates greater Heat, while lower pulse frequency indicates greater Cold.","一呼吸の間に指先を通る波の数が寒熱を表します。
脈拍が多いほど熱、少ないほど寒が強くなります。","한 번 숨 쉬는 동안 손끝을 지나는 파형의 횟수는 한열의 정도를 나타냅니다.
맥박 수가 많을수록 열하고, 적을수록 한합니다."
UI_TUTORIAL_DAY_01_TITLE,接诊,接診,Seeing Patients,診察,환자 진료
UI_TUTORIAL_DAY_01_DESCRIPTION,白天在医馆接诊病人，把脉(F1)确定疾病，翻阅行医记考(F3)确定方剂，给病人断病开方(F2)。,白天在醫館接診病人，把脈(F1)確定疾病，翻閱行醫記考(F3)確定方劑，給病人斷病開方(F2)。,"During the day, see patients at the clinic. Check their pulse (F1) to identify the condition, consult the medical records (F3) for a formula, then diagnose and prescribe (F2).",昼は診療所で患者を迎え、脈診(F1)で病を調べ、診療記録(F3)を参考に処方を決め、診断と処方(F2)を行います。,"낮에는 의원에서 환자를 진료합니다. 맥진(F1)으로 병증을 확인하고, 진료 기록(F3)에서 처방을 확인한 다음 진단 및 처방(F2)을 진행하세요."
UI_TUTORIAL_DAY_02_TITLE,把脉,把脈,Pulse Diagnosis,脈診,맥진
UI_TUTORIAL_DAY_02_DESCRIPTION,在把脉窗口按住QAZ显示右手脉象，按住WSX显示左手脉象。,在把脈視窗按住QAZ顯示右手脈象，按住WSX顯示左手脈象。,"In the pulse window, hold Q, A or Z to show the right-hand pulse; hold W, S or X for the left-hand pulse.",脈診画面では Q・A・Z を押し続けると右手、W・S・X で左手の脈が表示されます。,"맥진 창에서 Q, A 또는 Z를 누르고 있으면 오른손 맥상이 표시되고, W, S 또는 X를 누르고 있으면 왼손 맥상이 표시됩니다."
UI_TUTORIAL_DAY_03_TITLE,行医记考,行醫記考,Clinical Records,診療記録,진료 기록
UI_TUTORIAL_DAY_03_DESCRIPTION,在行医记考窗口的搜索栏输入疾病、方剂、药材的名称、汉语拼音、汉语拼音首字母查询。快捷键：疾病(1)，方剂(2)，药材(3),在行醫記考視窗的搜尋欄輸入疾病、方劑、藥材名稱，也可使用注音、漢語拼音或拼音首字母查詢。快捷鍵：疾病(1)，方劑(2)，藥材(3),"Search the medical records by disease, formula or herb name, Chinese pinyin, or pinyin initials. Shortcuts: Conditions (1), Formulas (2), Herbs (3).",診療記録の検索欄では、病名・処方・薬材の漢字、ひらがな・カタカナ、ローマ字で検索できます。ショートカット：疾病(1)、処方(2)、薬材(3)。,"진료 기록에서 병증, 처방 또는 약재의 이름, 중국어 병음, 병음 첫 글자로 검색할 수 있습니다. 단축키: 병증(1), 처방(2), 약재(3)"
UI_TUTORIAL_DAY_04_TITLE,断病开方,斷病開方,Diagnosis and Prescription,診断と処方,진단 및 처방
UI_TUTORIAL_DAY_04_DESCRIPTION,在断病开放窗口的搜索栏输入疾病、方剂、药材的名称、汉语拼音、汉语拼音首字母筛选对应条目。,在斷病開方視窗的搜尋欄輸入疾病、方劑、藥材名稱，也可使用注音、漢語拼音或拼音首字母篩選對應條目。,"In the diagnosis and prescription window, search by disease, formula or herb name, Chinese pinyin, or pinyin initials to filter entries.",診断と処方の検索欄では、病名・処方・薬材の漢字、ひらがな・カタカナ、ローマ字で項目を絞り込めます。,"진단 및 처방 창의 검색란에 병증, 처방 또는 약재의 이름, 중국어 병음, 병음 첫 글자를 입력하여 항목을 필터링할 수 있습니다."
UI_TUTORIAL_DAY_05_TITLE,开方,開方,Prescribing,処方,처방하기
UI_TUTORIAL_DAY_05_DESCRIPTION,选择君臣佐使区域，左键再点击药材加入，右键点击减少。右键点击君臣佐使区域已加入的药材，可以删除。选择单位剂量控制每次点击加入的药量。快捷键:君(1)臣(2)佐(3)使(4)，单位切换(~和Tab)。,選擇君臣佐使區域，左鍵再點選藥材加入，右鍵點選減少。右鍵點選君臣佐使區域已加入的藥材，可以刪除。選擇單位劑量控制每次點選加入的藥量。快捷鍵:君(1)臣(2)佐(3)使(4)，單位切換(~和Tab)。,"Select a Chief, Deputy, Assistant or Envoy area, then left-click an herb to add it or right-click to reduce it. Right-click an herb already in the formula to remove it. Choose the dose per click. Shortcuts: Chief (1), Deputy (2), Assistant (3), Envoy (4); switch dose (~ or Tab).",君薬・臣薬・佐薬・使薬の欄を選び、薬材を左クリックして追加、右クリックして減量します。追加済みの薬材を欄内で右クリックすると削除できます。単位と用量を選ぶと一度に加える量が変わります。ショートカット：君(1)、臣(2)、佐(3)、使(4)、単位切り替え(~ / Tab)。,"군약·신약·좌약·사약 영역을 선택한 뒤 약재를 왼쪽 클릭하여 추가하고 오른쪽 클릭하여 줄이세요. 처방에 이미 추가된 약재를 오른쪽 클릭하면 삭제할 수 있습니다. 클릭당 추가할 용량을 선택하세요. 단축키: 군약(1), 신약(2), 좌약(3), 사약(4); 용량 전환(~ 또는 Tab)"
UI_TUTORIAL_DAY_06_TITLE,方剂,方劑,Formulas,方剤,처방
UI_TUTORIAL_DAY_06_DESCRIPTION,在搜索栏输入方剂名可筛选出该方剂所包含的药材条目。当达成一定次数的妙手回春评价后，会出现预制方剂条目，点击后会自动填入方剂所包含的所有药材及剂量。,在搜尋欄輸入方劑名可篩選出該方劑所包含的藥材條目。當達成一定次數的妙手回春評價後，會出現預設方劑條目，點選後會自動填入方劑所包含的所有藥材及劑量。,"Search for a formula to filter its herbs. After earning enough Miraculous Recovery ratings, a preset formula appears. Click it to fill in all of its herbs and doses automatically.",検索欄に処方名を入力すると、その処方に含まれる薬材を絞り込めます。同じ処方で「妙手回春」を一定回数達成すると定型処方が現れ、クリックすると薬材と用量が自動入力されます。,검색란에 처방 이름을 입력하면 해당 처방에 포함된 약재를 필터링할 수 있습니다. ‘명의의 손길’ 평가를 일정 횟수 달성하면 처방 프리셋이 나타납니다. 프리셋을 클릭하면 처방에 포함된 모든 약재와 용량이 자동으로 입력됩니다.
UI_CREDITS_GAME_TITLE,医 者,醫 者,Doctor,医 者,의사
UI_CREDITS_GAME_DESIGN,游戏设计,遊戲設計,Game Design,ゲームデザイン,게임 디자인
UI_CREDITS_LI_QIAOCHEN,李翘辰,李翹辰,Li Qiaochen,李翹辰,리차오천
UI_CREDITS_PROGRAMMING,程序,程式設計,Programming,プログラミング,프로그래밍
UI_CREDITS_ART,美术,美術,Art,アート,아트
UI_CREDITS_AUDIO_TITLE,音 乐 音 效,音 樂 音 效,Music & Sound,音 楽 ・ 効 果 音,음악 및 사운드
UI_CREDITS_MUSIC,音乐,音樂,Music,音楽,음악
UI_CREDITS_SOUND_ASSETS,音效素材,音效素材,Sound Assets,効果音素材,사운드 리소스
UI_CREDITS_SPECIAL_THANKS,特 别 感 谢,特 別 感 謝,Special Thanks,特 別 な 感 謝,특별히 감사드리는 분들
UI_CREDITS_INSPIRATION,以及所有给予本作灵感与参考的,以及所有給予本作靈感與參考的,Inspired by the work and ideas of,そして本作に着想と参考を与えてくださった,다음 분들의 작품과 아이디어에서 영감을 받았습니다
UI_CREDITS_INDIE_DEVS,独立游戏制作人,獨立遊戲製作人,Independent Game Developers,インディーゲーム制作者の皆様,인디 게임 개발자들
UI_CREDITS_END,终,終,The End,終,끝
UI_CREDITS_THANK_YOU,感谢游玩,感謝游玩,Thank You for Playing,ご遊戯ありがとうございました,플레이해 주셔서 감사합니다
UI_CREDITS_BOOK_TITLE,本草纲目,本草綱目,Compendium of Materia Medica,本草綱目,본초강목
UI_DAILY_FINANCE_TITLE,今日银钱结算,今日銀錢結算,Today's Finances,本日の収支,오늘의 은전 결산
UI_DAILY_FINANCE_INCOME,收入,收入,Income,収入,수입
UI_DAILY_FINANCE_CONSULTATION_FMT,诊费：%s,診費：%s,Consultation: %s,診察料：%s,진료비: %s
UI_DAILY_FINANCE_MEDICINE_NET_FMT,药材收入：%s,藥材收入：%s,Net Herb Income: %s,薬材収入：%s,약재 순수입: %s
UI_DAILY_FINANCE_MEDICINE_SALES_FMT,药材销售：%s,藥材銷售：%s,Herb Sales: %s,薬材売上：%s,약재 판매: %s
UI_DAILY_FINANCE_OLD_PROFIT_FMT,药材利润（旧账）：%s,藥材利潤（舊帳）：%s,Herb Profit (Legacy): %s,薬材の利益（旧帳簿）：%s,약재 이익(이전 장부): %s
UI_DAILY_FINANCE_GIFT_FMT,病家谢礼：%s,病家謝禮：%s,Patient Gifts: %s,患者からの謝礼：%s,환자 사례금: %s
UI_DAILY_FINANCE_LI_JIAN_ZHONG_FMT,李建中俸禄：%s,李建中俸祿：%s,Li Jianzhong's Salary: %s,李建中の俸禄：%s,이건중 급여: %s
UI_DAILY_FINANCE_LI_YAN_WEN_FMT,李言闻收入：%s,李言聞收入：%s,Li Yanwen's Income: %s,李言聞の収入：%s,이언문 수입: %s
UI_DAILY_FINANCE_LAND_RENT_FMT,田租：%s,田租：%s,Land Rent: %s,地代：%s,토지 임대료: %s
UI_DAILY_FINANCE_TOTAL_INCOME_FMT,收入合计：%s,收入合計：%s,Total Income: %s,収入合計：%s,총수입: %s
UI_DAILY_FINANCE_EXPENSE,支出,支出,Expenses,支出,지출
UI_DAILY_FINANCE_MEDICINE_COST_FMT,药材进货成本：%s,藥材進貨成本：%s,Herb Purchase Cost: %s,薬材の仕入れ：%s,약재 구입 비용: %s
UI_DAILY_FINANCE_OLD_FAILURE_COST_FMT,治疗失败药材成本（旧账）：%s,治療失敗藥材成本（舊帳）：%s,Failed Treatment Herbs (Legacy): %s,治療失敗時の薬材費（旧帳簿）：%s,치료 실패 약재 비용(이전 장부): %s
UI_DAILY_FINANCE_STAFF_WAGES_FMT,陈皮半夏工钱：%s,陳皮半夏工錢：%s,Chenpi & Banxia Pay: %s,陳皮と半夏の給金：%s,진피·반하 인건비: %s
UI_DAILY_FINANCE_FOOD_FMT,食物：%s,食物：%s,Food: %s,食費：%s,식비: %s
UI_DAILY_FINANCE_GIFTS_FMT,人情随礼：%s,人情隨禮：%s,Social Gifts: %s,贈答費：%s,인사 예물: %s
UI_DAILY_FINANCE_BOOKS_FMT,购买医书：%s,購買醫書：%s,Medical Books: %s,医学書の購入：%s,의서 구입: %s
UI_DAILY_FINANCE_COAL_FMT,煤炭：%s,煤炭：%s,Coal: %s,石炭：%s,석탄: %s
UI_DAILY_FINANCE_CLOTHING_FMT,布匹棉衣：%s,布匹棉衣：%s,Cloth & Winter Clothes: %s,衣服と綿入れ：%s,직물 및 겨울옷: %s
UI_DAILY_FINANCE_REPAIRS_FMT,修缮房屋：%s,修繕房屋：%s,House Repairs: %s,家屋の修繕：%s,집 수리: %s
UI_DAILY_FINANCE_ANCESTORS_FMT,扫墓祭祖：%s,掃墓祭祖：%s,Ancestral Rites: %s,墓参りと先祖供養：%s,조상 제례: %s
UI_DAILY_FINANCE_MOLDY_HERBS_FMT,药材发霉：%s,藥材發霉：%s,Spoiled Herbs: %s,薬材のカビ：%s,상한 약재: %s
UI_DAILY_FINANCE_SUMMER_TAX_FMT,夏税：%s,夏稅：%s,Summer Tax: %s,夏の税：%s,여름 세금: %s
UI_DAILY_FINANCE_AUTUMN_TAX_FMT,秋税：%s,秋稅：%s,Autumn Tax: %s,秋の税：%s,가을 세금: %s
UI_DAILY_FINANCE_TOTAL_EXPENSE_FMT,支出合计：%s,支出合計：%s,Total Expenses: %s,支出合計：%s,총지출: %s
UI_DAILY_FINANCE_NET_CHANGE_FMT,本日变化：%s,本日變化：%s,Today's Change: %s,本日の増減：%s,오늘의 변화: %s
UI_BOOK_NAME_BEI_JI_QIAN_JIN_YAO_FANG,备急千金要方,備急千金要方,Essential Prescriptions Worth a Thousand Gold for Emergencies,備急千金要方,비급천금요방
UI_BOOK_NAME_HUANG_DI_NEI_JING,黄帝内经,黃帝內經,Yellow Emperor's Inner Canon,黄帝内経,황제내경
UI_BOOK_NAME_JIN_GUI_YAO_LUE,金匮要略,金匱要略,Essentials from the Golden Cabinet,金匱要略,금궤요략
UI_BOOK_NAME_JING_YUE_QUAN_SHU,景岳全书,景岳全書,Complete Works of Jingyue,景岳全書,경악전서
UI_BOOK_NAME_JIU_YUAN_FANG,究原方,究原方,Formulas for Investigating Origins,究原方,구원방
UI_BOOK_NAME_LAN_SHI_MI_CANG,兰室秘藏,蘭室秘藏,Secret Treasury of the Orchid Chamber,蘭室秘蔵,난실비장
UI_BOOK_NAME_LIU_ZHOU_YI_HUA,柳州医话,柳州醫話,Medical Talks from Liuzhou,柳州医話,유주의화
UI_BOOK_NAME_PU_JI_BEN_SHI_FANG,普济本事方,普濟本事方,Proven Formulas for Universal Relief,普済本事方,보제본사방
UI_BOOK_NAME_REN_ZHAI_ZHI_ZHI_FANG_LUN,仁斋直指方论,仁齋直指方論,Renzhai's Direct Guide to Formulas and Medical Theory,仁斎直指方論,인재직지방론
UI_BOOK_NAME_SHANG_HAN_LUN,伤寒论,傷寒論,Treatise on Cold Damage,傷寒論,상한론
UI_BOOK_NAME_SHEN_NONG_BEN_CAO_JING,神农本草经,神農本草經,Divine Farmer's Classic of Materia Medica,神農本草経,신농본초경
UI_BOOK_NAME_TAI_PING_HUI_MIN_HE_JI_JU_FANG,太平惠民和剂局方,太平惠民和劑局方,Formulary of the Taiping Imperial Pharmacy for the People's Welfare,太平恵民和剤局方,태평혜민화제국방
UI_BOOK_NAME_TAI_YI_YUAN_JING_YAN_QI_XIAO_LIANG_FANG_DA_QUAN,太医院经验奇效良方大全,太醫院經驗奇效良方大全,Complete Collection of Proven and Miraculous Formulas from the Imperial Medical Academy,太医院経験奇効良方大全,태의원 경험기효양방대전
UI_BOOK_NAME_WANG_SHI_BO_JI_FANG,王氏博济方,王氏博濟方,Wang's Formulas for Broad Relief,王氏博済方,왕씨박제방
UI_BOOK_NAME_WEN_BING_TIAO_BIAN,温病条辨,溫病條辨,Systematic Differentiation of Warm Diseases,温病条弁,온병조변
UI_BOOK_NAME_XIAO_ER_YAO_ZHENG_ZHI_JUE,小儿药证直诀,小兒藥證直訣,Key to Therapeutics of Children's Diseases,小児薬証直訣,소아약증직결
UI_BOOK_NAME_XING_YI_JI_KAO,行医记考,行醫記考,Clinical Records,診療記録,행의기고
UI_BOOK_NAME_YAN_SHI_JI_SHENG_FANG,严氏济生方,嚴氏濟生方,Yan's Formulas for Aiding Life,厳氏済生方,엄씨제생방
UI_BOOK_NAME_YI_FANG_JI_JIE,医方集解,醫方集解,Collected Explanations of Medical Formulas,医方集解,의방집해
UI_BOOK_NAME_YI_FANG_KAO,医方考,醫方考,Investigation of Medical Formulas,医方考,의방고
UI_BOOK_NAME_YI_LIN_GAI_CUO,医林改错,醫林改錯,Correction of Errors in Medical Classics,医林改錯,의림개착
UI_BOOK_NAME_ZHU_BING_YUAN_HOU_LUN,诸病源候论,諸病源候論,Treatise on the Origins and Manifestations of Various Diseases,諸病源候論,제병원후론
UI_BOOK_ENTRY_TITLE_SI_ZHEN,四诊,四診,Four Examinations,四診,사진
UI_BOOK_ENTRY_BODY_SI_ZHEN,"【四诊】

四诊是中医收集患者病情资料的四种基本诊察方法，包括望诊、闻诊、问诊和切诊。医者通过观察、听闻、询问和触按患者所表现出的各种信息，了解疾病的病因、病位、性质以及正邪盛衰，为辨证和治疗提供依据。

望诊是观察患者的神、色、形、态以及舌象和局部变化；
闻诊包括听声音和嗅气味，如辨别说话、呼吸、咳嗽等声音及异常气味；
问诊是询问疾病经过、主要症状、生活习惯及既往情况；
切诊包括脉诊和按诊，通过切脉与触按身体了解脉象及局部变化。

【寸关尺】
寸、关、尺是脉诊中的三个把脉位置，在手腕桡骨动脉上。医者通过按压这三个位置，感受脉象的强弱、快慢、沉浮、流畅程度，从而推测人体不同区域和脏腑的健康状况。

【对应脏腑区域】
浮脉：表
左寸：心
左关：肝
左尺：肾阴
右寸：肺
右关：脾
右尺：肾阳","【四診】

四診是中醫收集患者病情資料的四種基本診察方法，包括望診、聞診、問診和切診。醫者透過觀察、聽聞、詢問和觸按患者所表現出的各種資訊，瞭解疾病的病因...","FOUR EXAMINATIONS

The four examinations are the basic ways of gathering information about a patient's condition in traditional Chinese medicine: inspection, listening and smelling, inquiry, and palpation. By observing, listening, asking questions and feeling the patient, a physician learns about the cause, location and nature of the condition and the relative strength of healthy and harmful influences. This helps guide pattern identification and treatment.

Inspection examines the patient's appearance, complexion, build, posture, tongue and visible changes.
Listening and smelling attend to speech, breathing, coughing and unusual odors.
Inquiry covers the course of the illness, main symptoms, daily habits and medical history.
Palpation includes taking the pulse and feeling the body for changes.

CUN, GUAN AND CHI

Cun, Guan and Chi are the three pulse positions over the radial artery at the wrist. By pressing these positions, a physician observes the pulse's strength, speed, depth and smoothness to assess different areas and organs of the body.

CORRESPONDING AREAS

Floating pulse: Exterior
Left Cun: Heart
Left Guan: Liver
Left Chi: Kidney Yin
Right Cun: Lung
Right Guan: Spleen
Right Chi: Kidney Yang","【四診】

四診とは、東洋医学で患者の状態を調べる四つの基本的な診察法で、望診・聞診・問診・切診からなる。医者は観察、聴覚や嗅覚、質問、触診から得られる情報をもとに、病因、病位、性質、正気と邪気の勢いを把握し、弁証と治療に役立てる。

望診：顔色や姿勢、体形、舌の状態などを観察する。
聞診：話し声、呼吸、咳などの音や異常な匂いを調べる。
問診：病気の経過、主な症状、生活習慣や既往歴を尋ねる。
切診：脈を診たり体に触れたりして、脈の特徴や局所の変化を調べる。

【寸関尺】
寸・関・尺は、手首の橈骨動脈に沿った三つの脈診部位である。それぞれを指で押さえ、脈の強弱、速さ、浮き沈み、滑らかさなどを確かめ、体の各部位や臓腑の状態を推し量る。

【対応する臓腑】
浮脈：表
左寸：心
左関：肝
左尺：腎陰
右寸：肺
右関：脾
右尺：腎陽","사진

【개요】망진·문진·문진·절진을 통해 환자의 상태를 종합적으로 살핀다.

【망진】안색, 표정, 체형, 움직임, 혀의 빛깔과 태를 관찰한다. 신색의 성쇠와 병의 한열·허실을 짐작하는 데 도움이 된다.

【문진】목소리와 호흡, 기침, 구토, 딸꾹질, 통증의 양상을 듣고 냄새를 살핀다. 말소리가 높고 거친지, 낮고 약한지에 따라 병의 성질을 구별한다.

【문진】추위와 더위, 땀, 머리와 몸의 통증, 식욕과 수면, 대소변, 월경과 병의 경과를 자세히 묻는다. 환자가 스스로 느끼는 증상은 변증의 중요한 근거가 된다.

【절진】맥을 짚고 복부와 아픈 부위를 눌러 본다. 부·침, 지·삭, 허·실 등의 맥상과 압통을 함께 살펴 병의 위치와 기혈의 성쇠를 판단한다.

사진은 한 가지 증상만으로 결론을 내리지 않고 네 가지 진찰 결과를 서로 대조하는 방법이다. 맥상과 증상이 서로 어긋날 때에는 환자의 전반적인 상태와 병의 경과를 다시 확인해야 한다."
UI_BOOK_ENTRY_TITLE_BA_GANG_BIAN_ZHENG,八纲辨证,八綱辨證,Eight Principles of Pattern Identification,八綱弁証,팔강변증
UI_BOOK_ENTRY_BODY_BA_GANG_BIAN_ZHENG,"【八纲辨证】

八纲辨证是中医分析病情的基本方法。医者通过望、闻、问、切收集症状，再以阴、阳、表、里、寒、热、虚、实八项纲领进行归纳，从而判断疾病的位置、性质以及正邪力量的盛衰。

表里：辨别病位的内外深浅。病在肌表、经络，多属表；病入脏腑、气血，多属里。

寒热：辨别疾病的性质。寒证多见畏寒喜暖、口淡不渴；热证多见发热喜凉、口渴烦躁。

虚实：辨别正邪盛衰。虚证多为正气不足、功能衰弱；实证多为邪气较盛、病理产物壅滞。

阴阳：统摄其余六纲，是八纲的总纲。一般而言，表、热、实偏属阳，里、寒、虚偏属阴。

八纲之间并非彼此孤立，一种病证可以同时具有多种性质，如表寒证、里热证或虚寒证。病情发展过程中，还可能发生表里出入、寒热转化和虚实变化。因此，医者必须四诊合参，方能把握疾病的整体情况。","【八綱辨證】

八綱辨證是中醫分析病情的基本方法。醫者透過望、聞、問、切收集症狀，再以陰、陽、表、裡、寒、熱、虛、實八項綱領進行歸納，從而判斷疾病的位置、...","EIGHT PRINCIPLES OF PATTERN IDENTIFICATION

Pattern identification by the eight principles is a basic method of analyzing a patient's condition in traditional Chinese medicine. After gathering signs and symptoms through the four examinations, a physician groups them under eight principles: Yin, Yang, Exterior, Interior, Cold, Heat, Deficiency and Excess. This helps determine where the condition is located, its nature, and the relative strength of healthy Qi and pathogenic influences.

Exterior and Interior describe the location and depth of a condition. Conditions affecting the body surface or channels are generally exterior; those affecting the organs, Qi or blood are generally interior.

Cold and Heat describe the nature of a condition. Cold patterns may involve aversion to cold, a preference for warmth, a bland taste and little thirst. Heat patterns may involve fever, a preference for coolness, thirst and restlessness.

Deficiency and Excess describe the relative strength of healthy Qi and pathogenic influences. Deficiency patterns generally arise when healthy Qi is insufficient and bodily functions are weakened. Excess patterns generally arise when pathogenic influences are strong or pathological substances accumulate and obstruct normal function.

Yin and Yang encompass the other six principles and form the overall framework of the eight principles. In general, Exterior, Heat and Excess tend toward Yang, while Interior, Cold and Deficiency tend toward Yin.

The eight principles are not mutually exclusive. A pattern may combine several qualities, such as Exterior Cold, Interior Heat or Deficiency Cold. As a condition develops, it may shift between Exterior and Interior, change from Cold to Heat, or vary between Deficiency and Excess. A physician therefore considers all four examinations together to understand the condition as a whole.","【八綱弁証】

八綱弁証は、病状を分析する基本的な方法である。望・聞・問・切の四診で集めた情報を陰・陽・表・裏・寒・熱・虚・実の八つに整理し、病の位置や性質、正気と邪気の勢いを判断する。

表裏：病位の浅深を見分ける。皮膚や経絡にあれば表、臓腑や気血に及べば裏と考える。

寒熱：病の性質を見分ける。寒証では寒がって温かさを好み、渇きが少ない。熱証では熱感や渇き、いらだちが多い。

虚実：正気の不足と邪気の強さを見分ける。虚証は正気や機能の低下、実証は邪気や病理的な停滞が強い状態をいう。

陰陽：ほかの六綱を統括する。一般に表・熱・実は陽に、裏・寒・虚は陰に属する。

八綱は別々に存在するわけではない。一つの病に表寒や裏熱、虚寒など複数の性質が同時に現れ、経過とともに表裏、寒熱、虚実も変わりうる。医者は四診を総合して病状の全体を捉える。","팔강변증

【개요】표리·한열·허실·음양의 여덟 강령으로 병의 위치와 성질, 정기의 성쇠를 구분한다.

【표리】병이 체표에 있으면 표증, 장부와 깊은 곳에 있으면 리증이라 한다. 표증은 대개 발열·오한·부맥이 나타나고, 리증은 장부 증상과 침맥이 나타나기 쉽다.

【한열】오한, 맑은 분비물, 따뜻하게 하면 편안해지는 증상은 한증에 속하고, 발열, 갈증, 누런 분비물, 붉은 얼굴은 열증에 속한다. 실제 임상에서는 한열이 뒤섞이거나 위아래가 서로 다른 경우도 있다.

【허실】정기가 부족하면 허증, 사기가 왕성하고 병리적 산물이 쌓이면 실증이다. 허증에는 피로와 자한, 약한 목소리가 많고, 실증에는 복만·통증·거친 호흡과 힘 있는 맥이 많다.

【음양】표·열·실은 양에, 리·한·허는 음에 치우치는 경향이 있다. 음양은 팔강을 통괄하는 가장 큰 기준이지만, 한 사람에게 허실과 한열이 함께 나타날 수 있으므로 기계적으로 판단해서는 안 된다.

팔강변증은 병명을 붙이는 절차가 아니라 치료 방향을 정하는 틀이다. 표증이면 해표하고, 리증이면 장부를 조절하며, 한열과 허실에 맞춰 온·청·보·사법을 선택한다."
UI_BOOK_ENTRY_TITLE_YIN_YANG,阴阳,陰陽,Yin and Yang,陰陽,음양
UI_BOOK_ENTRY_BODY_YIN_YANG,"【阴阳】

阴阳是中医认识人体与自然变化的基本方法。阴代表相对安静、寒凉、内守的一面，阳代表相对活动、温热、外发的一面。二者相互对立，又彼此依存，并会随着时间与环境不断消长变化。

人体中的寒热、表里、虚实、动静，都可以用阴阳来概括。阴阳保持协调，身体便能正常运行；若一方偏盛或偏衰，就可能出现疾病。医者诊病时，需要分辨阴阳变化，判断失衡所在，再采用相应的方法使其重新趋于协调。","【陰陽】

陰陽是中醫認識人體與自然變化的基本方法。陰代表相對安靜、寒涼、內守的一面，陽代表相對活動、溫熱、外發的一面。二者相互對立，又彼此依存，並會隨著...","YIN AND YANG

Yin and Yang are a basic framework in traditional Chinese medicine for understanding the human body and changes in nature. Yin represents qualities that are relatively still, cool and inward directed, while Yang represents qualities that are relatively active, warm and outward directed. They are opposing yet interdependent, and their balance changes over time and with the environment.

Cold and Heat, Exterior and Interior, Deficiency and Excess, and activity and stillness in the body can all be understood through Yin and Yang. When Yin and Yang remain in balance, the body can function normally; when either becomes excessive or deficient, illness may arise. In diagnosis, a physician identifies changes in Yin and Yang, locates the imbalance, then chooses an appropriate approach to restore harmony.","【陰陽】

陰陽は、東洋医学で人体と自然の変化を理解するための基本的な考え方である。陰は比較的静かで冷たく内に向かう側面、陽は活動的で温かく外へ向かう側面を表す。二つは対立しながらも互いに依存し、時間や環境に応じて増減する。

寒熱、表裏、虚実、動静も陰陽によって捉えられる。両者が調和していれば体は正常に働くが、どちらかが過剰または不足すると病が生じうる。診察ではその偏りを見極め、再び調和に向かう方法を考える。","음양

【개요】음양은 서로 대립하면서도 서로 의존하고, 끊임없이 성쇠와 전환을 거듭하는 두 가지 기본 속성이다.

【양】밖, 위, 따뜻함, 밝음, 움직임, 흥분은 양에 속한다. 위기와 양기는 체표를 지키고 장부의 활동을 움직이며 체온과 기화를 유지한다.

【음】안, 아래, 차가움, 어두움, 고요함, 물질은 음에 속한다. 영혈과 진액은 몸을 자양하고 장부를 적셔 양기의 활동을 받쳐 준다.

【병리】양이 성하면 열이 되고, 음이 성하면 한이 된다. 음이 허하면 허열이, 양이 허하면 허한이 생긴다. 음양이 서로 분리되면 생명 활동이 크게 위태로워진다.

치료는 부족한 것을 보하고 지나친 것을 사하며, 음양의 균형을 회복하는 데 목적이 있다. 한열·허실을 살피고 병의 표리와 경중을 함께 보아야 한다."
UI_BOOK_ENTRY_TITLE_BIAO_LI,表里,表裡,Exterior and Interior,表裏,표리
UI_BOOK_ENTRY_BODY_BIAO_LI,"【表里】

表里是中医八纲辨证中用来判断疾病部位深浅和病势进退的两项纲领。表证通常指病邪位于皮毛、肌腠和经络，多见于外邪侵袭人体的初期；里证通常指病邪深入脏腑、气血或骨髓，也可由饮食、情志、劳倦等内伤因素直接形成。这里的表里并不单纯指身体的外部和内部，而是对病位与病势的综合判断。

表证：常见恶寒发热、头痛身痛、鼻塞流涕、咳嗽、舌苔薄白、脉浮等表现。由于病邪尚在体表，通常病程较短，起病较急。

里证：临床表现较为复杂，可见但热不寒、口渴、烦躁、腹痛、呕吐、腹泻、便秘、小便异常、舌苔厚或脉沉等表现。由于病变涉及脏腑气血，其症状会随寒热、虚实及所病脏腑的不同而有所变化。

表证和里证可以同时存在，称为表里同病；疾病由表入里，通常表示病邪逐渐深入；由里出表，则可能表示病邪向外透达。医者需要结合寒热、虚实以及望、闻、问、切所得信息进行判断，不可只凭一个症状确定表里。辨明疾病部位后，表证通常以解表为基本方向，里证则根据具体的寒热虚实采取相应治法。","【表裡】

表裡是中醫八綱辨證中用來判斷疾病部位深淺和病勢進退的兩項綱領。表證通常指病邪位於皮毛、肌腠和經絡，多見於外邪侵襲人體的初期；裡證通常指病邪深入...","EXTERIOR AND INTERIOR

Exterior and Interior are two of the eight principles used in traditional Chinese medicine to assess the depth of a condition and how it is progressing. An Exterior pattern generally means that a pathogenic influence is at the skin, superficial tissues or channels, often early in an externally contracted illness. An Interior pattern generally means that it has reached the organs, Qi, blood or bone marrow; it may also arise directly from internal factors such as diet, emotions or overwork. These terms describe the location and course of a condition, not simply the outside and inside of the body.

Exterior pattern: Common signs include aversion to cold with fever, headache and body aches, a stuffy or runny nose, cough, a thin white tongue coating and a floating pulse. While the pathogenic influence remains near the surface, the condition often begins suddenly and has a relatively short course.

Interior pattern: Signs are more varied and may include fever without chills, thirst, restlessness, abdominal pain, vomiting, diarrhea, constipation, changes in urination, a thick tongue coating or a deep pulse. They vary with the organs involved and with whether the pattern is Cold or Heat, Deficiency or Excess.

Exterior and Interior patterns can occur together. A shift from Exterior to Interior generally indicates that the pathogenic influence is moving deeper; a shift from Interior to Exterior may indicate that it is moving outward. A physician considers Cold and Heat, Deficiency and Excess, and information from all four examinations rather than judging by a single sign. After identifying the location, the general approach is to release an Exterior pattern or to address an Interior pattern according to its specific qualities.","【表裏】

表裏は、八綱弁証で病の深さと進み方を判断する二つの綱領である。表証は邪が皮膚、筋肉の浅い部分や経絡にあり、外から邪を受けた初期に多い。裏証は邪が臓腑や気血など深部に及ぶ場合のほか、飲食、情緒、疲労による内傷から直接生じる場合もある。単なる体の外側と内側ではなく、病位と病勢を総合して表す。

表証：悪寒と発熱、頭や体の痛み、鼻づまり、鼻水、咳、薄く白い舌苔、浮いた脈などが見られる。比較的急に始まり、経過は短いことが多い。

裏証：熱感と渇き、いらだち、腹痛、嘔吐、下痢、便秘、排尿の異常、厚い舌苔や沈んだ脈など、現れ方は多様である。寒熱や虚実、影響を受けた臓腑によって症状が変わる。

表証と裏証が併存することもある。表から裏への移行は邪の深入りを、裏から表への移行は邪が外へ出ることを示す場合がある。寒熱、虚実と四診の情報を合わせ、一つの症状だけで決めつけてはならない。表証には表を解く治法を、裏証には具体的な寒熱や虚実に応じた治法を用いる。","표리

【개요】표와 리는 병이 머무는 깊이를 구분하는 강령이다. 표는 피부·경락·위기의 영역이고, 리는 장부·기혈과 더 깊은 내부를 가리킨다.

【표증】외사가 처음 몸에 들어오면 오한과 발열, 몸살, 두통, 코막힘, 부맥이 나타나기 쉽다. 표증의 치료는 사기를 체표에서 풀어내는 해표가 중심이 된다.

【리증】병이 안으로 들어가거나 처음부터 장부에 생기면 복통, 구토, 설사, 변비, 흉협고만, 정신 변화 등이 나타난다. 리증은 장부와 기혈의 상태에 따라 온·청·보·사한다.

【표리전변】표사가 리로 들어가거나 리의 사기가 표로 나타날 수 있고, 표리 양쪽에 동시에 병이 있는 경우도 있다. 발열과 오한의 변화, 땀의 유무, 맥의 부침을 함께 살펴 전변을 판단한다.

표리의 구분은 병의 깊이를 나타내는 기준이지 단순히 피부와 내장을 나누는 해부학적 경계가 아니다. 증상과 맥상, 병의 경과를 종합해야 한다."
UI_BOOK_ENTRY_TITLE_HAN_RE,寒热,寒熱,Cold and Heat,寒熱,한열
UI_BOOK_ENTRY_BODY_HAN_RE,"【寒热】

寒热是中医八纲辨证中用来判断疾病性质的两项纲领。寒证多由寒邪侵袭，或人体阳气不足所致；热证多由热邪侵袭、阳气偏盛，或阴液不足所致。这里的寒热并不只指体温高低，而是对患者整体表现的综合判断。

寒证：常见畏寒喜暖、四肢发冷、面色苍白、口淡不渴、小便清长、大便稀溏、舌淡苔白、脉象迟缓等表现。

热证：常见发热喜凉、面红烦躁、口渴喜冷饮、小便短黄、大便干结、舌红苔黄、脉象较数等表现。

寒证又可分为实寒与虚寒，热证也可分为实热与虚热。医者需要结合表里、虚实以及望、闻、问、切所得信息进行判断，不可只凭一个症状确定寒热。辨明疾病性质后，通常遵循寒证用温法、热证用清法的基本方向。","【寒熱】

寒熱是中醫八綱辨證中用來判斷疾病性質的兩項綱領。寒證多由寒邪侵襲，或人體陽氣不足所致；熱證多由熱邪侵襲、陽氣偏盛，或陰液不足所致。這裡的寒熱並...","COLD AND HEAT

Cold and Heat are two of the eight principles used to assess the nature of a condition. A Cold pattern may result from an external cold influence or insufficient Yang Qi. A Heat pattern may result from an external heat influence, excessive Yang Qi or insufficient Yin fluids. These terms describe the overall pattern of signs, not just body temperature.

Cold pattern: Common signs include aversion to cold and a preference for warmth, cold limbs, a pale complexion, a bland taste with little thirst, copious clear urine, loose stools, a pale tongue with a white coating and a slow pulse.

Heat pattern: Common signs include fever and a preference for coolness, a flushed face and restlessness, thirst for cold drinks, scant dark yellow urine, dry stools, a red tongue with a yellow coating and a relatively rapid pulse.

Cold patterns can be further classified as Excess Cold or Deficiency Cold; Heat patterns as Excess Heat or Deficiency Heat. A physician considers Exterior and Interior, Deficiency and Excess, and all four examinations rather than relying on one sign. Once the nature of the pattern is clear, the general approach is to warm Cold patterns and clear Heat patterns.","【寒熱】

寒熱は、八綱弁証で病の性質を判断する二つの綱領である。寒証は寒邪の侵入や陽気の不足、熱証は熱邪、陽気の過剰、または陰液の不足などによって生じる。体温だけを指すのではなく、患者の状態全体から判断する。

寒証：寒がって温かさを好み、手足の冷え、顔色の白さ、渇きの少なさ、薄く多い尿、柔らかい便、淡い舌と白い舌苔、遅い脈などが見られる。

熱証：熱感があり涼しさを好み、顔の赤み、いらだち、冷たい飲み物を欲する渇き、少なく黄色い尿、便秘、赤い舌と黄色い舌苔、速い脈などが見られる。

寒証には実寒と虚寒、熱証には実熱と虚熱がある。表裏や虚実、四診の情報を合わせ、一つの症状だけで判断しない。基本的には寒証を温め、熱証を清める方向で治法を選ぶ。","한열

【개요】한열은 병의 냉열 성질과 인체의 음양 성쇠를 나타낸다. 한은 양기가 부족하거나 한사가 성한 상태이고, 열은 양사가 성하거나 음액이 손상된 상태이다.

【한증】오한, 사지 냉감, 맑은 콧물과 가래, 묽은 변, 소변이 맑고 많음, 갈증이 적음, 설담태백, 지·완맥이 흔하다. 따뜻하게 하면 편안해지는 것이 특징이다.

【열증】발열, 얼굴과 눈의 붉음, 갈증, 번조, 누런 가래와 소변, 변비, 설홍태황, 삭맥이 흔하다. 차가운 것을 찾고 더위를 싫어하는 경향이 나타난다.

【허실】실열은 사열이 왕성해 고열과 큰 갈증이 나타나고, 허열은 음액이 부족해 오후 발열·도한·오심번열이 나타난다. 실한과 허한도 기력과 맥의 힘을 함께 살펴 구분한다.

한열이 뒤섞인 병증에서는 어느 부위와 어느 시간대에 한열이 나타나는지 확인해야 한다. 단순히 체온 하나만으로 한증이나 열증을 정하지 않는다."
UI_BOOK_ENTRY_TITLE_XU_SHI,虚实,虛實,Deficiency and Excess,虚実,허실
UI_BOOK_ENTRY_BODY_XU_SHI,"【虚实】

虚实是中医八纲辨证中用来判断人体正气强弱和病邪盛衰的两项纲领。虚证多由人体正气不足、脏腑功能衰退，或气血阴阳亏损所致；实证多由外邪侵袭，或痰饮、瘀血、食积等病理产物壅盛所致。这里的虚实并不单指身体强壮或虚弱，而是对正邪双方力量和病理状态的综合判断。

虚证：常见精神疲倦、身体乏力、面色少华、声音低弱、气短、自汗或盗汗、疼痛喜按、舌质淡嫩或少苔、脉象细弱无力等表现。其具体症状会因气、血、阴、阳亏虚的不同而有所变化。

实证：常见起病较急、精神烦躁、声音洪亮、呼吸气粗、腹胀拒按、疼痛明显、痰涎壅盛、便秘或小便不利、舌苔厚腻、脉象有力等表现。其具体症状会随寒热性质以及病邪种类的不同而有所变化。

虚证又可分为气虚、血虚、阴虚和阳虚等类型，实证则可见气滞、血瘀、痰湿、食积等不同情况。虚实也可能同时存在，称为虚实夹杂；病程中还可能出现由实转虚或因虚致实。医者需要结合表里、寒热以及望、闻、问、切所得信息进行判断，不可只凭一个症状确定虚实。辨明正邪盛衰后，虚证通常以补虚扶正为基本方向，实证通常以祛邪泻实为基本方向。","【虛實】

虛實是中醫八綱辨證中用來判斷人體正氣強弱和病邪盛衰的兩項綱領。虛證多由人體正氣不足、臟腑功能衰退，或氣血陰陽虧損所致；實證多由外邪侵襲，或痰飲...","DEFICIENCY AND EXCESS

Deficiency and Excess are two of the eight principles used to assess the strength of healthy Qi relative to pathogenic influences. Deficiency patterns may arise from insufficient healthy Qi, weakened organ functions, or depleted Qi, blood, Yin or Yang. Excess patterns may arise from an external pathogenic influence or from an accumulation of phlegm, retained fluids, stagnant blood or undigested food. These terms assess the underlying balance, not simply whether a person looks strong or weak.

Deficiency pattern: Common signs include fatigue, weakness, a dull complexion, a weak voice, shortness of breath, spontaneous or night sweating, pain relieved by pressure, a pale tender tongue or little tongue coating, and a thin weak pulse. Specific signs vary according to whether Qi, blood, Yin or Yang is deficient.

Excess pattern: Common signs include a sudden onset, restlessness, a loud voice, heavy breathing, abdominal distension that resists pressure, pronounced pain, abundant phlegm, constipation or difficulty urinating, a thick greasy tongue coating and a forceful pulse. Specific signs vary with the nature of the pathogenic influence and whether the pattern is Cold or Heat.

Deficiency may involve Qi, blood, Yin or Yang; Excess may involve Qi stagnation, blood stasis, phlegm and dampness, or food accumulation. The two can coexist, and a condition can shift from Excess to Deficiency or develop Excess because of underlying Deficiency. A physician considers Exterior and Interior, Cold and Heat, and all four examinations rather than relying on one sign. The general approach is to support healthy Qi in Deficiency patterns and dispel pathogenic influences in Excess patterns.","【虚実】

虚実は、八綱弁証で正気の強弱と邪気の勢いを判断する二つの綱領である。虚証は正気の不足や臓腑機能の低下、気血や陰陽の欠乏から生じる。実証は外邪、痰飲、瘀血、食積などが強く滞る状態である。単に体格の強弱ではなく、正邪の関係と病の状態を総合して表す。

虚証：疲労、力のなさ、顔色の悪さ、弱い声、息切れ、自汗や寝汗、押すと和らぐ痛み、淡い舌や薄い舌苔、細く力のない脈などが見られる。気・血・陰・陽のどれが不足するかで症状も変わる。

実証：急な発症、いらだち、大きな声、荒い呼吸、押すと痛む腹の張り、強い痛み、多量の痰、便秘や排尿困難、厚く粘る舌苔、力のある脈などが見られる。寒熱や邪の種類で症状は異なる。

虚証には気虚、血虚、陰虚、陽虚があり、実証には気滞、血瘀、痰湿、食積などがある。虚実が混在したり、経過とともに実から虚へ、虚から実へ変わったりもする。表裏、寒熱と四診を合わせて見極め、虚には正気を補い、実には邪を除くことを基本とする。","허실

【개요】허실은 정기의 성쇠와 사기의 강약을 살피는 기준이다. 허는 인체의 기혈·음양이 부족한 것이고, 실은 사기나 병리적 산물이 몸 안에 머문 것이다.

【허증】권태, 숨이 짧음, 말소리가 약함, 자한, 식욕 저하, 안색이 창백함, 통증이 눌러서 줄어드는 증상이 많다. 맥은 대개 무력하고 혀는 연하다.

【실증】고열, 복만, 심한 통증, 가래와 어혈의 정체, 변비, 소변 불리, 정신이 들뜸 등이 나타난다. 통증이 눌러서 심해지고 맥에 힘이 있다.

【허실협잡】정기가 허하면서 사기가 남아 있거나, 병의 겉은 실해 보여도 속은 허한 경우가 있다. 오래 앓은 환자에게는 허실이 서로 얽히기 쉬우므로 사법만 쓰거나 보법만 써서는 안 된다.

치료할 때는 허하면 보하고 실하면 사하되, 보사와 온청을 병의 단계와 환자의 체력에 맞추어 조절한다."
UI_BOOK_ENTRY_TITLE_WU_XING,五行,五行,Five Phases,五行,오행
UI_BOOK_ENTRY_BODY_WU_XING,"【五行】

五行是以木、火、土、金、水五种属性，说明自然与人体之间相互联系、不断变化的规律。五行并非单指五种物质，而是对生长、温热、承载、收敛和滋润等不同特性的概括。

五行之间既有相生，也有相克。木生火、火生土、土生金、金生水、水生木；木克土、土克水、水克火、火克金、金克木。中医以五行联系五脏：肝属木、心属火、脾属土、肺属金、肾属水。五脏彼此滋养、相互制约，共同维持人体平衡；若生克关系失常，也可能使疾病相互传变。

【五行与五类相应】

五行是中医用来归纳自然现象和人体功能的方法。木、火、土、金、水分别象征生长、温热、承载、收敛和闭藏。中医通过“取象比类”，将季节、气候、味道、颜色以及人体脏腑联系起来，从整体上观察人体与自然环境的变化。

五行：木，火，土，金，水
五季：春，夏，长夏，秋，冬
五气：温，热，平，凉，寒
五味：酸，苦，甘，辛，咸
五色：青，赤，黄，白，黑
五脏：肝，心，脾，肺，肾
五腑：胆，小肠，胃，大肠，膀胱
五官：目，舌，口，鼻，耳
五志：怒，喜，思，悲，恐
五体：筋，脉，肉，皮毛，骨
五液：泪，汗，涎，涕，唾

春季万物生发，属木，与风、酸味和肝相应；夏季气候炎热，属火，与暑、苦味和心相应；长夏湿气较盛，属土，与湿、甘味和脾相应；秋季万物收敛，属金，与燥、辛味和肺相应；冬季万物闭藏，属水，与寒、咸味和肾相应。

这些对应关系并不是说五脏只会受到某一种季节、气候或味道影响，而是用来说明自然环境、饮食情志和人体功能之间可能存在的联系。医者可以据此观察疾病发生与传变的规律，但诊断时仍须结合患者的全部症状综合判断。","【五行】

五行是以木、火、土、金、水五種屬性，說明自然與人體之間相互聯繫、不斷變化的規律。五行並非單指五種物質，而是對生長、溫熱、承載、收斂和滋潤等不同...","FIVE PHASES

The Five Phases—Wood, Fire, Earth, Metal and Water—describe patterns of connection and change in nature and the human body. They do not simply name five physical substances; they also represent qualities such as growth, warmth, nourishment, contraction and moisture.

The phases both generate and restrain one another. In the generating cycle, Wood generates Fire, Fire generates Earth, Earth generates Metal, Metal generates Water, and Water generates Wood. In the restraining cycle, Wood restrains Earth, Earth restrains Water, Water restrains Fire, Fire restrains Metal, and Metal restrains Wood. Traditional Chinese medicine links the five zang organs to these phases: Liver to Wood, Heart to Fire, Spleen to Earth, Lung to Metal and Kidney to Water. The organs are thought to nourish and regulate one another; disturbances in these relationships may also affect how a condition develops.

FIVE PHASES AND THEIR CORRESPONDENCES

The Five Phases provide a way to group natural phenomena and bodily functions. Wood, Fire, Earth, Metal and Water respectively suggest growth, warmth, nourishment, contraction and storage. By comparing shared qualities, this framework links seasons, climate, flavors and colors with the body's organs and functions.

Five Phases: Wood, Fire, Earth, Metal, Water
Five Seasons: Spring, Summer, Late Summer, Autumn, Winter
Five Climatic Qualities: Warm, Hot, Neutral, Cool, Cold
Five Flavors: Sour, Bitter, Sweet, Pungent, Salty
Five Colors: Blue-Green, Red, Yellow, White, Black
Five Zang Organs: Liver, Heart, Spleen, Lung, Kidney
Five Fu Organs: Gallbladder, Small Intestine, Stomach, Large Intestine, Bladder
Five Sense Organs: Eyes, Tongue, Mouth, Nose, Ears
Five Emotions: Anger, Joy, Pensiveness, Grief, Fear
Five Body Tissues: Tendons, Vessels, Flesh, Skin and Hair, Bones
Five Fluids: Tears, Sweat, Drool, Nasal Mucus, Spittle

Spring's growth corresponds to Wood, wind, sour flavors and the Liver. Summer's heat corresponds to Fire, summer heat, bitter flavors and the Heart. Late Summer's humidity corresponds to Earth, dampness, sweet flavors and the Spleen. Autumn's contraction corresponds to Metal, dryness, pungent flavors and the Lung. Winter's storage corresponds to Water, cold, salty flavors and the Kidney.

These correspondences do not mean that an organ is affected by only one season, climate or flavor. They describe possible relationships among the environment, diet, emotions and bodily functions. A physician may use them to observe how a condition arises and changes, while still considering all of the patient's signs when making a diagnosis.","【五行】

五行は木・火・土・金・水という五つの性質を使い、自然と人体が関わりながら変化する様子を説明する考え方である。五種類の物質そのものではなく、成長、温熱、保持、収斂、潤いなどの特徴を表す。

五行には相生と相克がある。木は火を生み、火は土、土は金、金は水、水は木を生む。木は土を抑え、土は水、水は火、火は金、金は木を抑える。肝は木、心は火、脾は土、肺は金、腎は水に対応する。臓腑は互いに養い制御して均衡を保ち、その関係が乱れると病が伝わることもある。

【五行と五つの対応】

五行は自然現象と人体機能を分類する方法でもある。木・火・土・金・水を成長、温熱、保持、収斂、蓄積に見立て、季節、気候、味、色、臓腑などを結びつけ、環境と体の変化を観察する。

五行：木、火、土、金、水
五季：春、夏、長夏、秋、冬
五気：温、熱、平、涼、寒
五味：酸、苦、甘、辛、鹹
五色：青、赤、黄、白、黒
五臓：肝、心、脾、肺、腎
五腑：胆、小腸、胃、大腸、膀胱
五官：目、舌、口、鼻、耳
五志：怒、喜、思、悲、恐
五体：筋、脈、肉、皮膚、骨
五液：涙、汗、涎、鼻水、唾液

春は万物が芽吹く木で、風、酸味、肝に対応する。夏は暑い火で、暑、苦味、心に対応する。長夏は湿気の多い土で、湿、甘味、脾に対応する。秋は収斂する金で、燥、辛味、肺に対応する。冬は蓄える水で、寒、鹹味、腎に対応する。

こうした対応は、一つの臓腑が特定の季節や味だけに左右されるという意味ではない。環境、飲食、情緒と体の働きの関連を考える手がかりであり、診断には患者の症状全体を合わせて判断する。","오행

【개요】목·화·토·금·수의 다섯 가지 운행과 상호 관계로 자연과 인체의 생리·병리를 설명한다.

【배속】간은 목, 심은 화, 비는 토, 폐는 금, 신은 수에 속한다. 오장과 계절·방위·색·맛·정서가 서로 연결되어 하나의 순환을 이룬다.

【상생】목생화, 화생토, 토생금, 금생수, 수생목의 순서로 서로 돕는다. 어머니 장부가 허하면 자식 장부도 약해지는 모자 관계를 살펴 치료의 근거로 삼는다.

【상극】목극토, 토극수, 수극화, 화극금, 금극목의 관계로 서로 제어한다. 한 장부의 기가 지나치게 강하거나 약하면 상극 관계가 깨져 다른 장부에 영향을 줄 수 있다.

【승모】극하는 힘이 지나치면 승, 제어해야 할 대상이 너무 약해지면 모라 한다. 간기가 비를 범해 소화가 나빠지는 목승토, 비허로 수습이 멎는 토허수범 등이 그 예이다.

오행 이론은 장부를 고립된 기관으로 보지 않고 전체의 관계 속에서 이해하게 한다. 임상에서는 증상과 맥·설, 병의 경과를 우선하고 오행 배속은 변증을 돕는 기준으로 사용한다."
UI_BOOK_ENTRY_TITLE_ZANG_XIANG,藏象,藏象,Visceral Manifestations,蔵象,장상
UI_BOOK_ENTRY_BODY_ZANG_XIANG,"【藏象】

藏象是中医研究人体脏腑生理功能、病理变化及其相互关系的理论。“藏”指藏于体内的脏腑，“象”指脏腑功能表现于外的各种征象。中医通过观察人的面色、形体、情志、声音、舌象和脉象等外在变化，推断脏腑的功能状态。

藏象学说将人体内脏分为五脏、六腑和奇恒之腑。五脏包括肝、心、脾、肺、肾，以化生和贮藏精气为主要特点；六腑包括胆、小肠、胃、大肠、膀胱、三焦，以受盛和传化水谷为主要特点。奇恒之腑包括脑、髓、骨、脉、胆和女子胞。

藏象理论强调人体是一个相互联系的整体。各脏腑不仅具有各自的功能，还通过气血津液、经络以及五行生克关系彼此协调，并与形体、官窍、情志和自然环境相联系。中医所说的脏腑属于功能体系，不能与现代医学中的解剖器官完全等同。","【藏象】

藏象是中醫研究人體臟腑生理功能、病理變化及其相互關係的理論。「藏」指藏於體內的臟腑，「象」指臟腑功能表現於外的各種徵象。中醫透過觀察人的面色、...","VISCERAL MANIFESTATIONS

Visceral Manifestations is a traditional Chinese medicine theory about the functions of the body's internal systems, how they change in illness and how they relate to one another. Zang refers to the internal organs, while Xiang refers to outward signs of their functions. By observing changes in complexion, build, emotions, voice, tongue and pulse, a physician infers how those systems are functioning.

The theory divides the internal organs into the five zang organs, the six fu organs and the extraordinary fu organs. The five zang organs are the Liver, Heart, Spleen, Lung and Kidney; their main characteristics are forming and storing vital substances. The six fu organs are the Gallbladder, Small Intestine, Stomach, Large Intestine, Bladder and Sanjiao (Triple Burner); their main characteristics are receiving and transforming food and drink. The extraordinary fu organs include the Brain, Marrow, Bones, Vessels, Gallbladder and Uterus.

Visceral Manifestations treats the body as an interconnected whole. Each system has its own functions and coordinates with others through Qi, blood, body fluids, the channels and the generating and restraining relationships of the Five Phases. The systems are also connected with the body's tissues, sense organs, emotions and natural environment. The zang and fu of traditional Chinese medicine are functional systems and cannot be equated directly with anatomical organs in modern medicine.","【蔵象】

蔵象は、臓腑の生理的な働きと病理的な変化、相互の関係を扱う理論である。「蔵」は体内の臓腑、「象」はその働きが外に現れた徴候を指す。顔色、体形、感情、声、舌、脈などを観察して、臓腑の働きを推し量る。

臓腑は五臓、六腑、奇恒の腑に分けられる。五臓は肝・心・脾・肺・腎で、精気を作り蓄える。六腑は胆・小腸・胃・大腸・膀胱・三焦で、飲食物を受け入れ運ぶ。奇恒の腑には脳・髄・骨・脈・胆・女子胞が含まれる。

蔵象は人体を互いに結びついた全体として捉える。臓腑はそれぞれの働きを持つと同時に、気血津液、経絡、五行の関係を通じて協調し、体、感覚器官、情緒、自然環境とも関わる。ここでいう臓腑は機能的な体系であり、現代医学の解剖学的な器官と完全には一致しない。","장상

【개요】장상은 오장육부의 생리 기능과 병리 변화를 관찰해 인체 내부를 추론하는 이론이다. 장부는 해부학적 장기이면서 기혈·정신·진액을 운행하는 기능 체계이기도 하다.

【오장】심은 혈맥과 신지를 주관하고, 간은 소설과 혈장, 비는 운화와 통혈, 폐는 기와 선숙, 신은 정과 수를 주관한다. 다섯 장부는 서로 돕고 제어한다.

【육부】담·위·소장·대장·방광·삼초는 음식물과 수액을 받아들이고 운반하며 배설한다. 육부는 실하지 않고 통하는 것을 귀하게 여기므로 막힘이 생기면 병이 된다.

【장부와 체표】장부의 상태는 얼굴빛, 혀, 피부, 근육, 맥, 분비물과 감정에 나타난다. 이러한 외부의 변화를 장상으로 살펴 내부의 병위를 추정한다.

장상은 단일 증상에 기계적으로 대응하는 표가 아니다. 환자의 체질과 계절, 생활 습관, 병의 경과를 함께 살펴 장부의 허실과 한열을 판단해야 한다."
UI_BOOK_ENTRY_TITLE_GAN,肝,肝,Liver,肝,간
UI_BOOK_ENTRY_BODY_GAN,"【肝】

肝是五脏之一，在五行属木，与胆相表里。中医认为肝具有主疏泄和藏血的功能。主疏泄是指肝能够调畅全身气机，促进脾胃运化、胆汁排泄和情志活动；藏血是指肝能够贮藏血液，并根据人体活动和休息的需要调节血量。

肝在体合筋，其华在爪，开窍于目，在志为怒，在液为泪。肝血充足时，筋脉得到濡养，肢体活动灵活，双目视物清晰，指甲坚韧润泽。若肝血不足，可能出现视物模糊、肢体麻木、筋脉拘急或指甲失养等表现。

肝的疏泄功能失常，可见情志抑郁、急躁易怒、胸胁胀满、食欲不振等表现；肝阳偏亢或肝火上炎，则可能出现头晕、头痛、面红目赤等表现。判断肝的功能状态，需要结合气血阴阳及其他脏腑情况综合分析。","【肝】

肝是五臟之一，在五行屬木，與膽相表裡。中醫認為肝具有主疏洩和藏血的功能。主疏洩是指肝能夠調暢全身氣機，促進脾胃運化、膽汁排泄和情志活動；藏血是指...","LIVER

The Liver is one of the five zang organs. In the Five Phases it corresponds to Wood and is paired with the Gallbladder. In traditional Chinese medicine, the Liver governs the free flow of Qi and stores blood. The free flow of Qi supports the movement of Qi throughout the body, the digestive functions of the Spleen and Stomach, the release of bile and emotional activity. Storing blood means that the Liver holds blood and adjusts its distribution to the body's needs during activity and rest.

The Liver is associated with the tendons, manifests in the nails, opens into the eyes, corresponds to anger among the emotions and to tears among the body fluids. When Liver blood is sufficient, the tendons are nourished, movement is supple, vision is clear, and nails are strong and smooth. Insufficient Liver blood may be associated with blurred vision, numb limbs, tight tendons or poorly nourished nails.

Disruption of the Liver's free flow may be associated with low mood, irritability, distension in the chest and flanks, or poor appetite. Excessive Liver Yang or rising Liver fire may be associated with dizziness, headache, a flushed face and red eyes. A physician assesses Liver function in relation to Qi, blood, Yin and Yang and the other organs.","【肝】

肝は五臓の一つで、五行では木に属し、胆と表裏の関係にある。東洋医学では、肝には疏泄をつかさどり、血を蔵する働きがあると考える。疏泄とは全身の気の巡りを整え、脾胃の運化、胆汁の排泄、感情の働きを促すことをいう。蔵血とは血液を蓄え、活動や休息に応じて血量を調節することをいう。

肝は筋と関わり、その状態は爪に現れ、目に開竅する。感情では怒、体液では涙に対応する。肝血が十分なら筋は養われて手足は滑らかに動き、視力は明瞭で、爪は丈夫でつやがある。肝血が不足すると、目のかすみ、手足のしびれ、筋のひきつり、爪のつやの低下などが現れることがある。

肝の疏泄が乱れると、気分の落ち込み、いらだちや怒りっぽさ、胸や脇の張り、食欲不振などが見られる。肝陽が過剰になったり肝火が上ったりすると、めまい、頭痛、顔のほてり、目の充血などが現れることがある。肝の状態は気血・陰陽とほかの臓腑の状態を合わせて判断する。","간

【생리】간은 소설을 주관하여 기의 흐름을 원활하게 하고, 혈을 저장하며 근을 자양한다. 간은 눈으로 통하고 손발톱에 그 상태가 드러나며, 정서는 노와 관련된다.

【간기】간기가 조화로우면 기혈이 순조롭고 감정이 안정된다. 간기가 울체되면 흉협창통, 한숨, 월경 불순, 우울과 답답함이 나타난다.

【간혈】간혈이 부족하면 눈이 건조하고 어지러우며 근육이 당기고 손발이 저리며 월경량이 줄 수 있다. 간혈이 허하면 혼을 안정시키는 힘도 약해진다.

【간양·간화】간음이 부족하거나 간기가 지나치게 올라가면 두통, 어지럼, 이명, 얼굴의 열감이 생긴다. 간화가 성하면 눈이 붉고 성을 잘 내며 입이 쓰고 맥이 현삭하다.

간의 병은 비·신과 함께 살피고, 소설과 장혈의 기능이 어느 쪽에서 먼저 무너졌는지 구분해 치료한다."
UI_BOOK_ENTRY_TITLE_XIN,心,心,Heart,心,심
UI_BOOK_ENTRY_BODY_XIN,"【心】

心是五脏之一，在五行属火，与小肠相表里。中医认为心具有主血脉和藏神的功能。主血脉是指心气推动血液在脉中运行，以濡养全身；藏神是指心与人的精神、意识、思维、情志和睡眠等活动密切相关。

心在体合脉，其华在面，开窍于舌，在志为喜，在液为汗。心气和心血充足时，血脉运行通畅，面色红润，精神充沛，意识清楚，语言表达正常。若心血不足或心神失养，可能出现心悸、失眠、多梦、健忘、面色少华等表现。

心气不足或心阳不振，可见心悸气短、精神疲倦、畏寒肢冷等表现；心火偏盛，则可能出现心烦失眠、口舌生疮、舌尖红等表现。判断心的功能状态，需要结合血脉、神志、舌象和脉象综合分析。","【心】

心是五臟之一，在五行屬火，與小腸相表裡。中醫認為心具有主血脈和藏神的功能。主血脈是指心氣推動血液在脈中運行，以濡養全身；藏神是指心與人的精神、意...","HEART

The Heart is one of the five zang organs. In the Five Phases it corresponds to Fire and is paired with the Small Intestine. In traditional Chinese medicine, the Heart governs blood and the vessels and houses the spirit (shen). Governing blood and the vessels means that Heart Qi moves blood through the vessels to nourish the body. Housing the spirit refers to the Heart's close connection with awareness, thinking, emotions and sleep.

The Heart is associated with the vessels, manifests in the complexion, opens into the tongue, corresponds to joy among the emotions and to sweat among the body fluids. When Heart Qi and blood are sufficient, blood flows freely, the complexion is rosy, energy and awareness are clear, and speech is normal. Insufficient Heart blood or poor nourishment of the spirit may be associated with palpitations, insomnia, frequent dreams, forgetfulness or a dull complexion.

Insufficient Heart Qi or weakened Heart Yang may be associated with palpitations, shortness of breath, fatigue, aversion to cold and cold limbs. Excessive Heart fire may be associated with restlessness and insomnia, sores in the mouth or on the tongue, and a red tongue tip. A physician assesses Heart function in relation to the vessels, mental activity, the tongue and the pulse.","【心】

心は五臓の一つで、五行では火に属し、小腸と表裏の関係にある。東洋医学では、心には血脈をつかさどり、神を蔵する働きがあると考える。血脈をつかさどるとは、心気が血を脈の中に巡らせて全身を養うことをいう。神を蔵するとは、心が精神、意識、思考、感情、睡眠などと深く関わることをいう。

心は脈と関わり、その状態は顔に現れ、舌に開竅する。感情では喜、体液では汗に対応する。心気と心血が十分なら血の巡りは滞りなく、顔色は血色よく、気力が充実し、意識は明瞭で言葉も正常に出る。心血が不足したり心神が養われなかったりすると、動悸、不眠、多夢、物忘れ、顔色の悪さなどが現れることがある。

心気が不足したり心陽が衰えたりすると、動悸や息切れ、疲労感、寒がり、手足の冷えなどが見られる。心火が盛んになると、いらだちや不眠、口や舌のただれ、舌先の赤みなどが現れることがある。心の状態は血脈、精神状態、舌と脈の様子を合わせて判断する。","심

【생리】심은 혈맥을 주관하고 신을 간직한다. 심기의 추진으로 혈액이 맥을 따라 흐르고, 심신이 조화로우면 의식과 정신이 맑고 수면이 안정된다.

【심기·심양】심기가 허하면 두근거림, 숨참, 무력감이 나타나고 심양이 허하면 손발이 차고 얼굴이 창백하며 부종이 생길 수 있다.

【심혈·심음】심혈과 심음이 부족하면 가슴 두근거림, 불면, 꿈이 많음, 건망, 불안이 나타난다. 심음이 허해 허열이 생기면 오후의 열감과 도한이 동반될 수 있다.

【심화】심화가 항성하면 번조, 불면, 구내염, 소변이 붉고 따가움이 나타난다. 화가 신명에 영향을 주면 정신이 들뜨거나 불안정해질 수 있다.

심의 병은 폐·간·신과 연관해 살핀다. 특히 심신이 서로 교통하는지, 기혈과 음양 중 어느 부분이 부족한지 구분한다."
UI_BOOK_ENTRY_TITLE_PI,脾,脾,Spleen,脾,비
UI_BOOK_ENTRY_BODY_PI,"【脾】

脾是五脏之一，在五行属土，与胃相表里。中医认为脾具有主运化、升清和统血的功能。主运化是指脾将饮食物转化为水谷精微，并输布至全身；升清是指将精微物质向上输送；统血是指脾气能够固摄血液，使其正常运行于脉中。

脾在体合肉，主四肢，其华在唇，开窍于口，在志为思，在液为涎。脾气健运时，饮食消化正常，肌肉充实，四肢有力，口唇红润。若脾失健运，可能出现食欲不振、腹胀、便溏、身体困重、四肢乏力等表现。

脾气不足可导致水谷精微化生不足，也可能使水湿停聚，形成痰湿；脾不统血时，则可能出现便血、皮下出血或女性月经过多等表现。判断脾的功能状态，需要结合胃的受纳、气血生成和水液代谢情况综合分析。","【脾】

脾是五臟之一，在五行屬土，與胃相表裡。中醫認為脾具有主運化、升清和統血的功能。主運化是指脾將飲食物轉化為水谷精微，並輸布至全身；升清是指將精微物...","SPLEEN

The Spleen is one of the five zang organs. In the Five Phases it corresponds to Earth and is paired with the Stomach. In traditional Chinese medicine, the Spleen transforms and transports, raises the clear, and governs blood. Transforming and transporting means turning food and drink into nourishing substances and distributing them throughout the body. Raising the clear means sending these refined substances upward. Governing blood means that Spleen Qi helps keep blood within the vessels.

The Spleen is associated with the muscles and limbs, manifests in the lips, opens into the mouth, corresponds to pensiveness among the emotions and to drool among the body fluids. When Spleen Qi functions well, digestion is normal, muscles are nourished, the limbs are strong and the lips have a healthy color. Poor Spleen function may be associated with loss of appetite, abdominal bloating, loose stools, heaviness and weakness of the limbs.

Insufficient Spleen Qi may reduce the production of nourishing substances from food and drink. It may also allow fluids to accumulate and form phlegm and dampness. If the Spleen fails to keep blood within the vessels, signs may include blood in the stool, bleeding beneath the skin or heavy menstrual bleeding. A physician assesses Spleen function together with the Stomach's ability to receive food, the production of Qi and blood, and fluid metabolism.","【脾】

脾は五臓の一つで、五行では土に属し、胃と表裏の関係にある。東洋医学では、脾には運化、昇清、統血の働きがあると考える。運化とは飲食物を水穀の精微に変え、全身へ運ぶことをいう。昇清とはその精微な物質を上方へ送ること、統血とは脾気が血をつなぎとめて脈の中を正常に巡らせることをいう。

脾は筋肉と関わり、四肢をつかさどり、その状態は唇に現れ、口に開竅する。感情では思、体液では涎に対応する。脾気が健やかに働けば消化は順調で、筋肉は充実し、手足には力があり、唇は血色がよい。脾の運化が衰えると、食欲不振、腹部の張り、軟便、体の重だるさ、手足の脱力などが現れることがある。

脾気の不足は水穀の精微の生成を妨げ、水湿を停滞させて痰湿を生じることもある。統血ができなくなると、血便、皮下出血、月経過多などが現れることがある。脾の状態は胃の受納、気血の生成、水分代謝を合わせて判断する。","비

【생리】비는 운화와 승청을 주관하고, 기혈을 생화하며 혈이 맥 밖으로 새지 않게 한다. 비는 입으로 통하고 근육과 사지를 자양하며, 생각과 관련된다.

【비기허】식욕 저하, 복부 팽만, 묽은 변, 피로, 안색이 누렇고 힘이 빠지는 증상이 나타난다. 비기가 아래로 처지면 내장하수나 오래 지속되는 설사가 생길 수 있다.

【비양허】비양이 허하면 추위를 타고 손발이 차며 복통과 설사가 따뜻하게 하면 줄어든다. 수습을 운화하지 못해 부종과 몸의 무거움이 생길 수 있다.

【비불통혈】비가 혈을 통섭하지 못하면 코피, 자반, 월경 과다와 같은 출혈이 나타난다. 치료는 비기를 보하고 필요하면 온양하여 수습을 돌린다.

비는 후천의 근본이므로 음식과 수면, 과도한 생각과 노동이 비의 상태에 큰 영향을 준다."
UI_BOOK_ENTRY_TITLE_FEI,肺,肺,Lung,肺,폐
UI_BOOK_ENTRY_BODY_FEI,"【肺】

肺是五脏之一，在五行属金，与大肠相表里。中医认为肺具有主气、司呼吸、主宣发肃降和通调水道的功能。肺吸入自然界的清气，并参与宗气的生成；宣发使气和津液向上、向外输布，肃降使气和津液向下运行，并维持呼吸通畅。

肺在体合皮，其华在毛，开窍于鼻，在志为悲忧，在液为涕。肺气充足时，呼吸均匀，声音有力，皮肤和毛发得到濡养，人体抵御外邪的能力正常。若肺气不足，可能出现气短、咳嗽、声音低弱、自汗和容易感受外邪等表现。

肺失宣降时，可见咳嗽、气喘、鼻塞或痰液增多；肺的通调水道功能失常，还可能出现水液停聚、小便不利或水肿等表现。判断肺的功能状态，需要结合呼吸、声音、皮毛、鼻窍和水液代谢情况综合分析。","【肺】

肺是五臟之一，在五行屬金，與大腸相表裡。中醫認為肺具有主氣、司呼吸、主宣發肅降和通調水道的功能。肺吸入自然界的清氣，並參與宗氣的生成；宣發使氣和...","LUNG

The Lung is one of the five zang organs. In the Five Phases it corresponds to Metal and is paired with the Large Intestine. In traditional Chinese medicine, the Lung governs Qi and breathing, disperses and descends, and regulates the water pathways. It draws in clear Qi from the air and helps form gathering Qi. Dispersing distributes Qi and body fluids upward and outward; descending directs them downward and helps maintain smooth breathing.

The Lung is associated with the skin, manifests in the body hair, opens into the nose, corresponds to grief and worry among the emotions and to nasal mucus among the body fluids. When Lung Qi is sufficient, breathing is steady, the voice is strong, the skin and hair are nourished, and the body's resistance to external influences functions normally. Insufficient Lung Qi may be associated with shortness of breath, coughing, a weak voice, spontaneous sweating and susceptibility to external influences.

When the Lung fails to disperse and descend, signs may include coughing, wheezing, a blocked nose or increased phlegm. Disruption of its regulation of the water pathways may also lead to fluid accumulation, difficulty urinating or swelling. A physician assesses Lung function in relation to breathing, the voice, skin and hair, the nose and fluid metabolism.","【肺】

肺は五臓の一つで、五行では金に属し、大腸と表裏の関係にある。東洋医学では、肺には気と呼吸をつかさどり、宣発・粛降を行い、水道を調節する働きがあると考える。肺は自然界の清気を吸い込み、宗気の生成に関わる。宣発によって気や津液を上方と体表へ送り、粛降によって下方へ巡らせ、呼吸を円滑に保つ。

肺は皮膚と関わり、その状態は体毛に現れ、鼻に開竅する。感情では悲・憂、体液では鼻汁に対応する。肺気が十分なら呼吸は穏やかで声に力があり、皮膚や毛が養われ、外邪への抵抗力も保たれる。肺気が不足すると、息切れ、咳、弱い声、自汗、外邪を受けやすいなどの状態が現れることがある。

肺の宣発・粛降が乱れると、咳、喘ぎ、鼻づまり、痰の増加などが見られる。水道を調節する働きが失われると、水分の停滞、尿の出にくさ、むくみなどが現れることもある。肺の状態は呼吸、声、皮膚と体毛、鼻、水分代謝を合わせて判断する。","폐

【생리】폐는 기를 주관하고 호흡을 조절하며, 선발·숙강과 수로 통조를 맡는다. 폐는 피부와 털을 주관하고 코로 통하며 슬픔과 관련된다.

【폐기】폐기가 허하면 숨이 짧고 말소리가 약하며 기침과 자한이 생긴다. 폐기가 막히면 흉민과 천식이 나타나고, 선발이 막히면 코막힘과 피부 증상이 생길 수 있다.

【폐음】폐음이 허하면 마른기침, 목과 코의 건조, 오후 열감, 도한, 소량의 끈끈한 가래가 나타난다. 진액을 보하고 폐를 윤택하게 해야 한다.

【외사】풍한·풍열·조열은 먼저 폐위와 피부를 침범한다. 표증의 한열과 땀, 가래의 빛깔, 맥의 부침을 살펴 해표·청열·윤폐를 선택한다.

폐는 섬세하고 오사를 싫어하는 장부이므로 지나치게 맵고 마른 약으로 상하게 하지 않도록 한다."
UI_BOOK_ENTRY_TITLE_SHEN,肾,腎,Kidney,腎,신
UI_BOOK_ENTRY_BODY_SHEN,"【肾】

肾是五脏之一，在五行属水，与膀胱相表里。中医认为肾具有藏精、主生长发育与生殖、主水和主纳气的功能。肾精是人体生长、发育和生殖的重要物质基础；肾主水，是指肾参与调节全身水液代谢；肾主纳气，是指肾能够帮助肺维持呼吸的深度和稳定。

肾在体合骨，生髓充脑，其华在发，开窍于耳及二阴，在志为恐，在液为唾。肾精充足时，骨骼坚固，牙齿强健，听觉正常，头发有光泽，生长发育和生殖功能正常。若肾精不足，可能出现腰膝酸软、耳鸣、健忘、牙齿松动或生长发育迟缓等表现。

肾阳不足可见畏寒肢冷、水肿、夜尿增多等表现；肾阴不足则可能出现潮热盗汗、口咽干燥、头晕耳鸣等表现；肾不纳气时，可见呼吸短促、动则气喘等表现。判断肾的功能状态，需要结合精、气、阴、阳以及水液代谢情况综合分析。","【腎】

腎是五臟之一，在五行屬水，與膀胱相表裡。中醫認為腎具有藏精、主生長髮育與生殖、主水和主納氣的功能。腎精是人體生長、發育和生殖的重要物質基礎；腎主...","KIDNEY

The Kidney is one of the five zang organs. In the Five Phases it corresponds to Water and is paired with the Bladder. In traditional Chinese medicine, the Kidney stores essence, governs growth, development and reproduction, regulates water, and grasps Qi. Kidney essence provides a foundation for growth, development and reproduction. Regulating water means that the Kidney helps manage the body's fluid metabolism. Grasping Qi means that it helps the Lung maintain deep, steady breathing.

The Kidney is associated with the bones, produces marrow and nourishes the brain, manifests in the hair, opens into the ears and the two lower orifices, corresponds to fear among the emotions and to spittle among the body fluids. When Kidney essence is sufficient, the bones and teeth are strong, hearing is normal, the hair is lustrous, and growth and reproductive functions are healthy. Insufficient Kidney essence may be associated with weakness or soreness in the lower back and knees, ringing in the ears, forgetfulness, loose teeth or delayed development.

Insufficient Kidney Yang may be associated with aversion to cold, cold limbs, swelling or increased urination at night. Insufficient Kidney Yin may be associated with tidal fever, night sweats, dryness of the mouth and throat, dizziness or ringing in the ears. If the Kidney fails to grasp Qi, breathing may be short and wheezing may occur with exertion. A physician assesses Kidney function in relation to essence, Qi, Yin and Yang, and fluid metabolism.","【腎】

腎は五臓の一つで、五行では水に属し、膀胱と表裏の関係にある。東洋医学では、腎には精を蔵し、成長・発育と生殖、水分代謝、納気をつかさどる働きがあると考える。腎精は成長、発育、生殖を支える重要な物質的基盤である。腎が水をつかさどるとは全身の水分代謝の調節に関わること、納気とは肺を助けて呼吸の深さと安定を保つことをいう。

腎は骨と関わり、髄を生じて脳を養い、その状態は髪に現れ、耳と二陰に開竅する。感情では恐、体液では唾液に対応する。腎精が十分なら骨と歯は丈夫で、聴力と髪のつやが保たれ、成長や生殖の働きも正常となる。腎精が不足すると、腰や膝のだるさ、耳鳴り、物忘れ、歯のぐらつき、発育の遅れなどが現れることがある。

腎陽が不足すると寒がり、手足の冷え、むくみ、夜間尿の増加などが見られる。腎陰が不足すると、潮熱、寝汗、口や喉の乾き、めまい、耳鳴りなどが現れることがある。腎が気を納められないと、呼吸が浅くなり、動くと息切れする。腎の状態は精・気・陰・陽と水分代謝を合わせて判断する。","신

【생리】신은 선천의 근본이며 정을 저장하고 성장·발육·생식을 주관한다. 신은 수액과 납기를 맡고 골을 생하며 뇌수에 통한다. 귀와 이음에 그 상태가 드러난다.

【신음】신음이 허하면 허리와 무릎이 시큰하고 어지럼, 이명, 불면, 도한, 오후 열감이 나타난다. 정혈을 자양하고 허열을 내려야 한다.

【신양】신양이 허하면 추위를 타고 허리와 무릎이 차고 약하며 소변이 잦고 부종이나 발기력 저하가 나타날 수 있다. 명문화를 따뜻하게 하고 기화를 돕는다.

【신기】신기가 허하면 소변을 잘 간직하지 못하거나 숨을 깊이 들이쉬지 못한다. 신정이 부족하면 기억력과 청력이 약해지고 성장과 생식 기능에도 영향을 준다.

신의 병은 간·비·폐와 함께 살핀다. 보신할 때에도 음양과 정기의 허실을 구분해야 한다."
UI_BOOK_ENTRY_TITLE_QI,气,氣,Qi,気,기
UI_BOOK_ENTRY_BODY_QI,"【气】

气是中医生命理论中的基本概念，既指构成人体和维持生命活动的精微物质，也指脏腑经络所表现出的功能活动。人体之气主要由先天之精、水谷精微和自然界清气化生，并依靠肺、脾、肾等脏腑共同维持。

气具有推动、温煦、防御、固摄和气化等作用。它能够推动血液和津液运行，温暖脏腑形体，抵御外邪，固摄血液、汗液和二便，并促进饮食物及水液的转化。根据来源、分布和功能的不同，气还可分为元气、宗气、营气和卫气等。

气的生成不足或功能减退，可形成气虚，常见乏力、气短、声音低弱、自汗等表现；气机运行不畅可形成气滞，出现胀满或疼痛；气机上逆、下陷或闭塞时，还可分别形成气逆、气陷和气闭。判断气的状态，需要结合脏腑功能、气血津液及全身表现综合分析。","【氣】

氣是中醫生命理論中的基本概念，既指構成人體和維持生命活動的精微物質，也指臟腑經絡所表現出的功能活動。人體之氣主要由先天之精、水谷精微和自然界清氣...","QI

Qi is a basic concept in traditional Chinese medicine's account of life. It refers both to the subtle substances that make up the body and sustain life, and to the activities of the organs and channels. The body's Qi arises chiefly from inherited essence, the refined substances obtained from food and drink, and clear Qi from the air. The Lung, Spleen, Kidney and other organs work together to sustain it.

Qi moves, warms, protects, holds things in place and enables transformation. It helps circulate blood and body fluids, warms the organs and tissues, resists external pathogenic influences, keeps blood, sweat, urine and stool from escaping inappropriately, and supports the transformation of food and fluids. According to its source, location and function, Qi may be described as original Qi, gathering Qi, nutritive Qi or defensive Qi.

When Qi is produced in insufficient amounts or its functions weaken, a Deficiency of Qi may arise, with signs such as fatigue, shortness of breath, a weak voice and spontaneous sweating. When its movement is obstructed, Qi stagnation may cause distension or pain. Abnormal upward movement, sinking or blockage of Qi may give rise to other patterns. A physician assesses Qi in relation to organ function, blood, body fluids and the overall pattern of signs.","【気】

気は東洋医学の生命観における基本概念で、人体を構成し生命活動を支える精微な物質を指すとともに、臓腑や経絡の働きも表す。人体の気は主に先天の精、水穀の精微、自然界の清気から生じ、肺・脾・腎などの臓腑が協力して保っている。

気には推動、温煦、防御、固摂、気化などの作用がある。血や津液を巡らせ、臓腑と体を温め、外邪を防ぎ、血液・汗・尿・便を適切に保ち、飲食物や水分の変化を促す。由来、分布、働きの違いによって、元気、宗気、営気、衛気などに分けられる。

気の生成が足りなかったり働きが弱まったりすると気虚となり、疲れやすさ、息切れ、弱い声、自汗などが見られる。気の巡りが滞ると気滞となり、張りや痛みが現れる。気が逆に上る、下に落ちる、閉ざされる場合には、それぞれ気逆、気陥、気閉となる。気の状態は臓腑の働き、気血津液、全身の症状を合わせて判断する。","기

【개요】기는 인체의 생명 활동을 움직이는 미세한 물질이자 기능이다. 기는 추동·온후·방어·고섭·기화의 작용을 한다.

【종류】원기는 생명의 근본이고, 종기는 가슴에서 호흡과 심혈을 돕는다. 영기는 맥 안에서 혈을 만들고 몸을 자양하며, 위기는 맥 밖을 돌며 체표를 지킨다.

【기체】간기는 소설하고 폐기는 선숙하며 비기는 승청하고 위기는 강탁한다. 기의 승강출입이 조화로워야 장부와 경락이 정상적으로 움직인다.

【기허】기허에는 피로, 숨참, 말소리 약함, 자한, 감기에 잘 걸림이 나타난다. 기가 아래로 처지거나 고섭하지 못하면 탈항·자궁하수·출혈·빈뇨가 생길 수 있다.

【기체·기역】기가 울체되면 창만과 통증이 생기고, 기가 거꾸로 올라가면 기침·구토·딸꾹질이 나타난다. 병위와 장부에 따라 소간·이기·강역의 방법을 선택한다."
UI_BOOK_ENTRY_TITLE_XUE,血,血,Blood,血,혈
UI_BOOK_ENTRY_BODY_XUE,"【血】

血是中医所说运行于脉中、具有濡养和滋润作用的红色液态物质，也是维持人体生命活动的重要基础。血主要由脾胃运化所得的水谷精微化生，并与营气、津液及肾精的作用密切相关。

血在心气推动下循脉运行，由肝贮藏和调节，并依靠脾气固摄而不致逸出脉外。血能够濡养脏腑、经络、肌肉、皮肤和官窍，同时也是精神意识活动的重要物质基础。血液充足、运行通畅时，面色润泽，感觉和运动正常，精神安定。

血液不足可形成血虚，常见面色淡白、头晕、心悸、肢体麻木等表现；血行不畅可形成血瘀，常见固定刺痛、肿块或面色晦暗；血热、血寒及血液逸出脉外，也会形成不同证候。判断血的状态，需要结合气、津液和相关脏腑功能综合分析。","【血】

血是中醫所說運行於脈中、具有濡養和滋潤作用的紅色液態物質，也是維持人體生命活動的重要基礎。血主要由脾胃運化所得的水谷精微化生，並與營氣、津液及腎...","BLOOD

In traditional Chinese medicine, blood is a red fluid that circulates in the vessels, nourishes and moistens the body, and supports life. It is formed mainly from the refined substances obtained from food and drink through the work of the Spleen and Stomach, with the involvement of nutritive Qi, body fluids and Kidney essence.

Heart Qi propels blood through the vessels. The Liver stores and regulates it, while Spleen Qi helps keep it within the vessels. Blood nourishes the organs, channels, muscles, skin and sense organs, and provides a material foundation for mental activity. When blood is plentiful and flows freely, the complexion is healthy, sensation and movement are normal, and the mind is settled.

Insufficient blood may form a Blood Deficiency pattern, with signs such as a pale complexion, dizziness, palpitations and numb limbs. Impaired circulation may lead to Blood Stasis, with fixed stabbing pain, lumps or a darkened complexion. Heat or Cold affecting blood, or blood leaving the vessels, may produce other patterns. A physician assesses blood together with Qi, body fluids and the related organ functions.","【血】

血とは東洋医学でいう、脈の中を巡って体を養い潤す赤い液体であり、生命活動を支える重要な基盤でもある。主に脾胃の運化で得られた水穀の精微から生じ、その生成には営気、津液、腎精も深く関わる。

血は心気に動かされて脈を巡り、肝に蓄えられ調節される。また、脾気の固摂によって脈の外へ漏れ出ずに保たれる。血は臓腑、経絡、筋肉、皮膚、感覚器官を養い、精神や意識の働きを支える物質的基盤にもなる。血が十分で巡りがよければ顔色にはつやがあり、感覚と運動は正常で、精神も安定する。

血が不足すると血虚となり、顔色の白さ、めまい、動悸、手足のしびれなどが見られる。血の巡りが悪いと血瘀となり、一定の場所の刺すような痛み、しこり、顔色のくすみなどが見られる。血熱、血寒、血が脈外に漏れることも、それぞれ異なる証を生む。血の状態は気、津液、関係する臓腑の働きと合わせて判断する。","혈

【개요】혈은 맥 안을 흐르는 붉은 영양 물질로, 장부와 근골·피부를 자양하고 정신 활동을 지탱한다. 혈은 기의 추동과 통섭을 받아 운행한다.

【혈허】안색이 창백하고 입술과 손톱의 빛이 약하며 어지럼, 두근거림, 불면, 손발 저림, 월경량 감소가 나타난다. 심혈과 간혈의 상태를 함께 살핀다.

【혈열】열이 혈에 들어가면 출혈, 피부 발진, 초조, 입마름과 붉은 혀가 나타날 수 있다. 열을 식히고 혈을 식히며 필요하면 지혈한다.

【혈어】혈행이 막히면 찌르는 듯한 고정통, 어두운 안색, 자색 반점, 덩어리와 월경통이 생긴다. 기를 움직이고 어혈을 풀되 정기의 허실을 함께 고려한다.

혈과 기는 서로 의지한다. 기가 허하면 혈을 움직이지 못하고, 혈이 허하면 기가 의지할 곳을 잃으므로 기혈을 함께 조절해야 한다."
UI_BOOK_ENTRY_TITLE_JIN,津,津,Jin (Thin Fluids),津,진
UI_BOOK_ENTRY_BODY_JIN,"【津】

津是人体正常水液的一部分，与液合称“津液”。中医认为津的性质较为清稀、流动性较强，主要分布于皮肤、肌肉和孔窍，也可渗入血脉，参与血液的组成和运行。

津具有滋润皮肤、肌肉、口鼻和其他官窍的作用，并参与汗液、尿液等的生成和排泄。津的输布与脾的运化、肺的宣发肃降、肾的气化以及三焦水道是否通畅密切相关。

津液不足时，常见口渴、口鼻干燥、皮肤干涩、小便短少或大便干结等表现；津的输布和排泄失常时，则可能停聚为水湿、痰饮或形成水肿。津和液性质有所不同，但能够相互转化，临床上通常结合起来判断。","【津】

津是人體正常水液的一部分，與液合稱「津液」。中醫認為津的性質較為清稀、流動性較強，主要分布於皮膚、肌肉和孔竅，也可滲入血脈，參與血液的組成和運行...","JIN (THIN BODY FLUIDS)

Jin is one component of the body's normal fluids. Together with the thicker Ye fluids, it makes up Jin-Ye, or body fluids. Traditional Chinese medicine describes Jin as relatively thin and mobile. It is found mainly in the skin, muscles and body openings, and can also enter the vessels and contribute to the composition and circulation of blood.

Jin moistens the skin, muscles, mouth, nose and other sense organs. It also contributes to the production and elimination of sweat and urine. Its movement depends closely on the Spleen's transformation and transportation, the Lung's dispersing and descending, the Kidney's transformation of fluids, and unobstructed water pathways through the Sanjiao.

When body fluids are insufficient, signs may include thirst, a dry mouth or nose, dry skin, reduced urination or hard stools. If Jin is not distributed or eliminated properly, fluids may accumulate as dampness, phlegm and retained fluids, or swelling. Jin and Ye have different qualities but can transform into one another, so they are usually assessed together.","【津】

津は人体の正常な水分の一部で、液と合わせて「津液」と呼ぶ。東洋医学では、津は比較的さらさらとして流動性が高く、主に皮膚、筋肉、体の開口部に分布し、血脈にしみ込んで血の構成と循環にも関わると考える。

津は皮膚、筋肉、口や鼻などの器官を潤し、汗や尿の生成と排泄にも関わる。その分布は脾の運化、肺の宣発・粛降、腎の気化、三焦の水道が滞りなく通じているかどうかと深く関係する。

津液が不足すると、喉の渇き、口や鼻の乾燥、肌の乾き、尿量の減少、便秘などが見られる。津の分布や排泄が乱れると、水湿や痰飲として停滞し、むくみを生じることもある。津と液には性質の違いがあるが、互いに変化し得るため、臨床では通常合わせて判断する。","진

【개요】진은 몸속의 맑은 수액으로, 피부와 관절을 적시고 구멍을 윤택하게 하며 비교적 양에 속한다. 땀과 눈물, 침은 진의 범주에 든다.

【생성】진은 음식물에서 생겨 비위의 운화와 폐의 선발, 삼초의 소통을 통해 온몸으로 퍼진다. 진액의 생성과 운행은 기화와 밀접하다.

【부족】진이 부족하면 입과 목이 마르고 피부가 거칠며 소변이 적고 변이 굳는다. 발열·구토·설사·과도한 땀으로 진이 손상될 수 있다.

【정체】수액의 운행이 막히면 부종, 흉수, 가래, 소변 불리와 같은 수습 증상이 생긴다. 진을 보하는 것과 수습을 빼는 것을 환자의 허실에 맞춰 조절한다.

진은 혈과 함께 음액을 이루며, 열을 식히고 장부를 자양한다. 수액을 함부로 소모하거나 지나치게 배출하지 않도록 주의한다."
UI_BOOK_ENTRY_TITLE_YE,液,液,Ye (Thick Fluids),液,액
UI_BOOK_ENTRY_BODY_YE,"【液】

液是人体正常水液的一部分，与津合称“津液”。中医认为液的性质较为稠厚、流动性相对较小，主要分布于脏腑、关节、骨髓和脑髓等较深部位。

液具有濡养脏腑、滑利关节、充养骨髓和脑髓等作用，使关节活动灵活，并维持深部组织的滋润。液的生成、输布与排泄同样依赖脾、肺、肾和三焦等脏腑的协调作用。

液不足时，可能出现关节活动不利、肌肤失润、口干咽燥、眩晕或身体消瘦等表现；液的运行失常时，也可能停聚形成痰饮、水湿等病理产物。一般而言，津偏于清稀并滋润体表，液偏于稠厚并濡养体内，但二者之间没有绝对界限。","【液】

液是人體正常水液的一部分，與津合稱「津液」。中醫認為液的性質較為稠厚、流動性相對較小，主要分布於臟腑、關節、骨髓和腦髓等較深部位。

液具有濡養...","YE (THICK BODY FLUIDS)

Ye is one component of the body's normal fluids. Together with the thinner Jin fluids, it makes up Jin-Ye, or body fluids. Traditional Chinese medicine describes Ye as relatively thick and less mobile. It is found mainly in deeper areas, including the organs, joints, bone marrow and brain.

Ye nourishes the organs, lubricates the joints, and supports the bone marrow and brain. It allows the joints to move freely and keeps deeper tissues moist. Like Jin, its production, distribution and elimination depend on the coordinated functions of the Spleen, Lung, Kidney and Sanjiao.

Insufficient Ye may be associated with stiff joints, dry skin, a dry mouth or throat, dizziness or loss of body mass. If its movement is disrupted, it may collect as phlegm, retained fluids or dampness. In general, Jin is thinner and moistens the body's surface, while Ye is thicker and nourishes deeper tissues, though the boundary between them is not absolute.","【液】

液は人体の正常な水分の一部で、津と合わせて「津液」と呼ぶ。東洋医学では、液は比較的濃く、流動性が低く、主に臓腑、関節、骨髄、脳髄など体の深い部分に分布すると考える。

液は臓腑を養い、関節の動きを滑らかにし、骨髄や脳髄を満たして深部の組織を潤す。液の生成、分布、排泄にも脾、肺、腎、三焦などの臓腑が協調して働く必要がある。

液が不足すると、関節の動かしにくさ、肌の潤いの低下、口や喉の乾燥、めまい、やせなどが現れることがある。液の巡りが乱れると、痰飲や水湿などの病的なものとして停滞する場合もある。一般に津は薄くて体表を潤し、液は濃くて体内を養うが、両者の間に厳密な境界はない。","액

【개요】액은 비교적 탁하고 끈끈한 수액으로, 관절과 골수, 뇌, 피부와 장부를 깊이 자양한다. 진보다 음에 가까운 물질이다.

【생성·운행】액은 음식물의 정미에서 생겨 신과 삼초의 기화, 비위의 운화, 폐의 통조에 의해 온몸으로 운행한다. 관절이 원활하게 움직이고 뇌수가 충실한 것은 액의 자양과 관계된다.

【액허】액이 부족하면 관절이 뻣뻣하고 피부와 눈이 건조하며 허리와 무릎이 약해진다. 오래된 열병이나 만성 소모성 질환에서 액이 크게 손상될 수 있다.

【진액과 병】진액이 손상되면 허열과 변비, 소변 감소가 나타나고, 수습이 정체되면 부종과 담음이 생긴다. 보음·생진과 이수·화담을 병의 성질에 맞춰 선택한다."
UI_BOOK_ENTRY_TITLE_WAI_GAN_LIU_XIE,外感六邪,外感六邪,Six External Pathogenic Influences,外感六邪,외감육사
UI_BOOK_ENTRY_BODY_WAI_GAN_LIU_XIE,"【外感六邪】

外感六邪是中医对风、寒、暑、湿、燥、热六类外来致病因素的统称，又称“六淫”。风、寒、暑、湿、燥、热原本是自然界正常的气候变化，称为“六气”；当气候变化过于强烈、反常，或人体正气不足、适应能力下降时，六气便可能成为致病因素。

外感六邪通常从皮毛、口鼻侵入人体，具有一定的季节性和地域性。例如春季多风、冬季多寒、长夏多湿、秋季多燥。六邪既可单独致病，也可相互结合，形成风寒、风热、寒湿、湿热等证候，在一定条件下还可能相互转化。

不同邪气具有不同的致病特点，但人体患病后的具体表现还会受到体质、环境、病程及脏腑状态的影响。医者需要结合表里、寒热、虚实以及望、闻、问、切所得信息综合判断，不能仅凭季节或单一症状确定邪气种类。","【外感六邪】

外感六邪是中醫對風、寒、暑、濕、燥、熱六類外來致病因素的統稱，又稱「六淫」。風、寒、暑、濕、燥、熱原本是自然界正常的氣候變化，稱為「六氣」...","SIX EXTERNAL PATHOGENIC INFLUENCES

In traditional Chinese medicine, the six external pathogenic influences are Wind, Cold, Summer Heat, Dampness, Dryness and Heat. They are also called the Six Excesses. Under normal conditions, these are natural climatic influences, known as the Six Climatic Influences. They may become pathogenic when the weather is extreme or unusual, or when the body's healthy Qi and ability to adapt are weakened.

The six influences are understood to enter through the skin, mouth or nose and have seasonal and regional patterns. For example, Wind is more common in spring, Cold in winter, Dampness in Late Summer and Dryness in autumn. They may act alone or together in patterns such as Wind-Cold, Wind-Heat, Cold-Dampness or Damp-Heat. Under some conditions, one influence may also transform into another.

Each influence has its own characteristic effects, but the signs of illness also depend on a person's constitution, environment, course of illness and organ functions. A physician considers Exterior and Interior, Cold and Heat, Deficiency and Excess, and information from all four examinations. A season or single symptom alone cannot establish which influence is involved.","【外感六邪】

外感六邪とは、風・寒・暑・湿・燥・熱という六種類の外から来る病因の総称で、「六淫」とも呼ばれる。これらは本来、自然界の正常な気候変化である「六気」を指す。しかし気候の変化が激しすぎる、通常と異なる、あるいは人体の正気や適応力が低下した場合、病因となり得る。

外感六邪は通常、皮膚や毛、口や鼻から体に入り、季節や地域によって現れやすさが異なる。たとえば春は風、冬は寒、長夏は湿、秋は燥が多い。六邪は単独でも病を起こすが、互いに結びついて風寒、風熱、寒湿、湿熱などの証を生じ、条件によっては互いに変化することもある。

邪気ごとに病の起こし方には特徴があるが、実際の症状は体質、環境、経過、臓腑の状態によっても変わる。医者は表裏・寒熱・虚実と望診・聞診・問診・切診で得た情報を総合し、季節や一つの症状だけで邪気の種類を決めない。","외감육사

【개요】풍·한·서·습·조·화의 여섯 가지 기후 변화가 지나치거나 계절에 맞지 않게 사람을 침범하면 외감육사가 된다.

【특징】풍사는 움직임과 변화를 주관하고, 한사는 응체와 수축을 일으키며, 서사는 열과 소모를 동반한다. 습사는 무겁고 끈끈하며, 조사는 진액을 마르게 하고, 화사는 열과 염증을 일으킨다.

육사는 먼저 피부와 폐위, 경락을 침범하는 경우가 많다. 정기가 약하면 사기가 안으로 들어가 장부의 병으로 전변할 수 있다.

치료는 사기의 성질과 병위, 한열허실을 구분해 해표·온산·청열·화습·윤조 등의 방법을 사용한다. 계절과 지역, 환자의 체질도 함께 고려한다."
UI_BOOK_ENTRY_TITLE_FENG_XIE,风邪,風邪,Wind Pathogenic Influence,風邪,풍사
UI_BOOK_ENTRY_BODY_FENG_XIE,"【风邪】

风邪是外感六邪之一，在五行与春季相应，但其他季节也可出现。中医认为风为阳邪，性质轻扬开泄，容易侵袭人体上部、肌表和肺卫，因此风邪致病多见头面部及体表症状。

风邪具有善行数变的特点。“善行”是指症状位置游走不定，如游走性关节疼痛；“数变”是指发病较急、症状变化较快。风邪还具有主动的特点，可能出现眩晕、震颤、抽搐或肢体活动异常等表现。

风邪常见恶风、发热、头痛、鼻塞、咳嗽、汗出、皮肤瘙痒等表现。由于风邪容易与其他邪气结合，又被称为“百病之长”，临床上常见风寒、风热、风湿和风燥等不同证候。","【風邪】

風邪是外感六邪之一，在五行與春季相應，但其他季節也可出現。中醫認為風為陽邪，性質輕揚開洩，容易侵襲人體上部、肌表和肺衛，因此風邪致病多見頭面部...","WIND PATHOGEN

Wind is one of the six external pathogenic influences. It is associated with spring in the Five Phases framework but can also occur in other seasons. Traditional Chinese medicine regards Wind as a Yang influence that is light, rising and opening. It readily affects the upper body, the surface and the Lung's defensive functions, so signs often appear on the head, face and skin.

Wind is said to move and change rapidly. Movement means that symptoms may shift location, as with wandering joint pain. Rapid change means that a condition may begin suddenly and its signs may change quickly. Wind is also associated with motion, so signs may include dizziness, tremors, convulsions or unusual movements of the limbs.

Common signs associated with Wind include aversion to drafts, fever, headache, a blocked nose, cough, sweating and itching. Because Wind readily combines with other influences, it is sometimes called the forerunner of many illnesses. Combined patterns include Wind-Cold, Wind-Heat, Wind-Dampness and Wind-Dryness.","【風邪】

風邪は外感六邪の一つで、春と対応するが、ほかの季節にも現れる。東洋医学では風を陽の邪気と捉え、軽く上へ昇り、体表を開きやすい性質があると考える。頭や顔、体表、肺衛を侵しやすいため、そこでの症状が多い。

風邪には「善行数変」という特徴がある。「善行」は関節の痛みが移動するように症状の場所が定まらないこと、「数変」は発病が急で症状も速く変わることをいう。また動きを生じさせる性質があり、めまい、震え、けいれん、手足の動きの異常などが現れる場合もある。

風邪による症状には、風に当たるのを嫌がる、発熱、頭痛、鼻づまり、咳、発汗、皮膚のかゆみなどがある。ほかの邪気と結びつきやすいため「百病の長」とも呼ばれ、風寒、風熱、風湿、風燥などの証が見られる。","풍사

풍은 양사이며 가볍고 위로 향하고 빠르게 움직인다. 풍사가 체표를 침범하면 오한과 발열, 땀, 두통, 코막힘과 맥부가 나타난다.

풍은 다른 사기를 이끌어 풍한·풍열·풍습으로 변하기 쉽다. 증상이 이곳저곳 옮겨 다니거나 피부 가려움, 근육 떨림, 어지럼과 경련이 나타나는 것도 풍의 특징이다.

치료는 풍의 종류와 병위에 따라 소풍해표, 평간식풍, 거풍통락을 선택한다. 땀을 지나치게 내거나 정기를 손상하지 않도록 해야 한다."
UI_BOOK_ENTRY_TITLE_HAN_XIE,寒邪,寒邪,Cold Pathogenic Influence,寒邪,한사
UI_BOOK_ENTRY_BODY_HAN_XIE,"【寒邪】

寒邪是外感六邪之一，在五行与冬季相应，气温骤降、衣着不足或长时间处于寒冷环境时较易侵袭人体。中医认为寒为阴邪，容易损伤人体阳气，使温煦和推动功能受到影响。

寒邪具有凝滞和收引的特点。凝滞是指寒邪可使气血运行不畅，容易引起较为明显的疼痛；收引是指寒邪可使腠理、筋脉和经络收缩，出现无汗、肢体拘急、关节屈伸不利等表现。

寒邪侵袭肌表时，常见恶寒明显、发热较轻、无汗、头痛身痛、鼻流清涕、舌苔薄白、脉浮紧等表现；寒邪深入脏腑时，则可能出现脘腹冷痛、呕吐、腹泻或四肢发冷等表现。辨治时还需区分外寒、内寒以及寒邪所在部位。","【寒邪】

寒邪是外感六邪之一，在五行與冬季相應，氣溫驟降、衣著不足或長時間處於寒冷環境時較易侵襲人體。中醫認為寒為陰邪，容易損傷人體陽氣，使溫煦和推動功...","COLD PATHOGEN

Cold is one of the six external pathogenic influences. It is associated with winter and is more likely to affect the body when temperatures fall suddenly, clothing is inadequate or exposure to cold is prolonged. Traditional Chinese medicine regards Cold as a Yin influence that can weaken Yang Qi and impair its warming and moving functions.

Cold is characterized by congealing and contracting. Congealing means that it may impede the movement of Qi and blood, often causing pronounced pain. Contracting means that it may tighten superficial tissues, tendons and channels, leading to an absence of sweating, stiff limbs or limited movement of the joints.

When Cold affects the surface, common signs include marked aversion to cold, mild fever, no sweating, headache and body aches, a clear runny nose, a thin white tongue coating and a floating tight pulse. If Cold penetrates deeper, signs may include cold pain in the stomach or abdomen, vomiting, diarrhea or cold limbs. A physician also distinguishes external Cold from internal Cold and considers where the pattern is located.","【寒邪】

寒邪は外感六邪の一つで、冬に対応し、急な気温低下、薄着、寒い場所に長くいることなどで体に入りやすい。東洋医学では寒を陰の邪気と捉え、人体の陽気を傷つけ、体を温めたり気血を動かしたりする働きを妨げると考える。

寒邪には凝滞と収引という特徴がある。凝滞は気血の巡りを滞らせて強い痛みを生じやすいこと、収引は皮膚のきめや筋・経絡を縮ませて、汗が出ない、手足がこわばる、関節が曲げ伸ばししにくいといった状態を生むことをいう。

寒邪が体表を侵すと、強い悪寒、軽い発熱、無汗、頭痛や体の痛み、透明な鼻水、薄く白い舌苔、浮緊の脈などが見られる。臓腑の奥へ入ると、みぞおちや腹の冷える痛み、嘔吐、下痢、手足の冷えなどが現れることもある。弁証と治療では外寒と内寒、寒邪のある場所を見分ける必要がある。","한사

한은 음사이며 응체와 수축을 일으킨다. 표를 침범하면 오한이 심하고 발열은 가벼우며 땀이 나지 않고 몸이 아프다.

한사가 경락을 막으면 관절과 근육의 통증이 심해지고 따뜻하게 하면 줄어든다. 장부를 침범하면 복통·구토·설사와 차가운 사지가 나타난다.

치료는 온경산한, 해표산한 또는 온중부양을 사용한다. 한이 오래 머물러 양기와 진액을 손상하지 않았는지 함께 살핀다."
UI_BOOK_ENTRY_TITLE_SHU_XIE,暑邪,暑邪,Summer Heat Pathogenic Influence,暑邪,서사
UI_BOOK_ENTRY_BODY_SHU_XIE,"【暑邪】

暑邪是外感六邪之一，是夏季特有的致病邪气，多由天气炎热、长时间暴露于高温环境或劳作过度所致。中医认为暑为阳邪，性质炎热升散，容易使人体腠理开泄、汗液大量排出。

暑邪容易耗气伤津，常见高热、面红、心烦、口渴、大量出汗、身体乏力、气短、小便短黄等表现。暑邪严重时还可能出现头晕、恶心、突然昏倒或意识异常等情况。

暑季气候往往炎热而潮湿，因此暑邪常与湿邪同时侵袭人体，形成“暑湿”。除发热口渴外，还可见胸闷、恶心、食欲不振、身体困重、腹泻和舌苔腻等表现。辨治时需要根据暑热与湿邪所占比重分别判断。","【暑邪】

暑邪是外感六邪之一，是夏季特有的致病邪氣，多由天氣炎熱、長時間暴露於高溫環境或勞作過度所致。中醫認為暑為陽邪，性質炎熱升散，容易使人體腠理開洩...","SUMMER HEAT PATHOGEN

Summer Heat is one of the six external pathogenic influences and is specific to summer. It is associated with hot weather, prolonged exposure to high temperatures or excessive exertion. Traditional Chinese medicine regards it as a Yang influence that is intensely hot, rising and dispersing. It can open the skin's pores and cause profuse sweating.

Summer Heat can deplete Qi and body fluids. Common signs include high fever, a flushed face, restlessness, thirst, heavy sweating, weakness, shortness of breath and scant dark yellow urine. Severe presentations may also include dizziness, nausea, sudden fainting or changes in awareness.

Because summers are often hot and humid, Summer Heat may occur together with Dampness in a Summer Heat-Dampness pattern. Along with fever and thirst, signs may include chest tightness, nausea, poor appetite, heaviness, diarrhea and a greasy tongue coating. The relative contribution of Heat and Dampness is assessed in each case.","【暑邪】

暑邪は外感六邪の一つで、夏に特有の邪気である。炎天下や高温の場所に長くいたり、暑い中で働きすぎたりすると生じやすい。東洋医学では暑を陽の邪気と捉え、熱く上昇・発散する性質によって体表が開き、大量の汗をかくと考える。

暑邪は気と津液を消耗させやすく、高熱、顔の赤み、いらだち、喉の渇き、大量の発汗、脱力、息切れ、少量で黄色い尿などが見られる。ひどい場合は、めまい、吐き気、突然倒れる、意識の異常なども起こり得る。

夏は暑さと湿気が重なることが多く、暑邪が湿邪とともに体に入ると「暑湿」となる。発熱や喉の渇きのほか、胸のつかえ、吐き気、食欲不振、体の重だるさ、下痢、ねっとりした舌苔などが見られる。弁証と治療では暑熱と湿邪のどちらが強いかを判断する。","서사

서사는 여름의 주된 기운으로 양사이며 열과 습을 함께 품는다. 고열, 땀, 갈증, 권태, 소변이 적고 진액이 손상되는 증상이 나타난다.

서가 기를 소모하면 숨이 차고 기운이 없으며, 습을 겸하면 가슴이 답답하고 식욕이 떨어지고 설사가 생길 수 있다. 더위로 정신이 흐려지는 중서도 있다.

치료는 청서익기, 양음생진, 화습을 중심으로 한다. 찬 것을 지나치게 써서 비위를 손상하지 않도록 해야 한다."
UI_BOOK_ENTRY_TITLE_SHI_XIE,湿邪,濕邪,Dampness Pathogenic Influence,湿邪,습사
UI_BOOK_ENTRY_BODY_SHI_XIE,"【湿邪】

湿邪是外感六邪之一，在五行与长夏相应，常与气候潮湿、淋雨涉水或长期处于湿润环境有关。中医认为湿为阴邪，容易阻碍气机、损伤阳气，并与脾的运化功能关系密切。

湿邪具有重浊、黏滞和趋下的特点。重浊是指患者常有身体沉重、头重如裹、四肢困倦等感觉；黏滞是指症状缠绵、病程较长、分泌物黏腻不爽；趋下是指湿邪引起的症状较易出现在人体下部。

湿邪致病常见胸闷脘痞、食欲不振、恶心、腹胀、便溏、肢体沉重、关节酸痛、舌苔厚腻等表现。湿邪还常与风、寒、热等邪气结合，形成风湿、寒湿或湿热等不同证候。","【濕邪】

濕邪是外感六邪之一，在五行與長夏相應，常與氣候潮濕、淋雨涉水或長期處於濕潤環境有關。中醫認為濕為陰邪，容易阻礙氣機、損傷陽氣，並與脾的運化功能...","DAMPNESS PATHOGEN

Dampness is one of the six external pathogenic influences. It is associated with Late Summer and may be linked with humid weather, getting soaked by rain or prolonged exposure to damp surroundings. Traditional Chinese medicine regards Dampness as a Yin influence that may obstruct the movement of Qi and weaken Yang Qi. It is closely connected with the Spleen's function of transforming and transporting.

Dampness is described as heavy and turbid, sticky, and tending to move downward. Heaviness may be felt in the body, head or limbs. Stickiness means symptoms may linger, the course may be long, and secretions may feel thick and difficult to clear. Its downward tendency means signs may more readily appear in the lower body.

Common signs associated with Dampness include chest tightness, fullness in the upper abdomen, poor appetite, nausea, bloating, loose stools, heavy limbs, aching joints and a thick greasy tongue coating. Dampness may combine with Wind, Cold or Heat to form Wind-Dampness, Cold-Dampness or Damp-Heat patterns.","【湿邪】

湿邪は外感六邪の一つで、長夏に対応し、湿った気候、雨にぬれること、水の中を歩くこと、湿気の多い環境で長く過ごすことなどと関係する。東洋医学では湿を陰の邪気と捉え、気の巡りを妨げ、陽気を傷つけ、脾の運化にも影響すると考える。

湿邪には重濁、粘滞、下降しやすいという特徴がある。重濁は体が重く、頭を包まれるように重く感じ、手足がだるくなることをいう。粘滞は症状が長引き、分泌物がねばつくこと、下降しやすいとは体の下部に症状が出やすいことをいう。

湿邪では胸やみぞおちのつかえ、食欲不振、吐き気、腹の張り、軟便、手足の重さ、関節の鈍痛、厚くねっとりした舌苔などが見られる。風・寒・熱とも結びつき、風湿、寒湿、湿熱などの異なる証を生じる。","습사

습은 음사이며 무겁고 끈끈하며 아래로 향한다. 습사가 머무르면 몸이 무겁고 머리가 싸맨 듯하며 관절이 아프고 증상이 오래 지속된다.

습이 비를 막으면 식욕 저하, 복부 팽만, 묽은 변과 부종이 생긴다. 습열이면 소변이 누렇고 따갑거나 피부에 발진과 진물이 나타나며, 한습이면 추위와 냉통이 두드러진다.

치료는 방향화습, 건비삼습, 이수퇴종, 청열화습을 병의 한열과 허실에 맞춰 사용한다. 습을 제거하면서 비위를 지나치게 말리지 않도록 한다."
UI_BOOK_ENTRY_TITLE_ZAO_XIE,燥邪,燥邪,Dryness Pathogenic Influence,燥邪,조사
UI_BOOK_ENTRY_BODY_ZAO_XIE,"【燥邪】

燥邪是外感六邪之一，在五行与秋季相应，常见于气候干燥或人体津液不足以适应环境变化时。中医认为燥邪性质干涩，最容易耗伤人体津液，并容易侵袭肺脏。

燥邪损伤津液后，常见口鼻干燥、咽干口渴、皮肤干涩、毛发失润、大便干结、小便短少等表现。肺为娇脏，喜润恶燥，因此燥邪犯肺时还可能出现干咳少痰，或痰液黏稠、不易咳出等表现。

燥邪可分为温燥与凉燥。温燥多带有热象，可见发热、微恶风、口渴等表现；凉燥多带有寒象，可见恶寒、头痛、无汗等表现。医者需要结合季节、寒热和津液受损程度综合判断。","【燥邪】

燥邪是外感六邪之一，在五行與秋季相應，常見於氣候乾燥或人體津液不足以適應環境變化時。中醫認為燥邪性質乾澀，最容易耗傷人體津液，並容易侵襲肺臟。...","DRYNESS PATHOGEN

Dryness is one of the six external pathogenic influences. It is associated with autumn and may arise in dry weather or when the body's fluids cannot adequately adapt to environmental changes. Traditional Chinese medicine describes Dryness as parching and especially likely to deplete body fluids and affect the Lung.

After body fluids are depleted, signs may include a dry mouth and nose, a dry and thirsty throat, dry skin and hair, hard stools and scant urine. The Lung is considered especially sensitive to Dryness, so Dryness affecting the Lung may also cause a dry cough with little phlegm or thick phlegm that is difficult to cough up.

Dryness may be Warm or Cool. Warm Dryness tends to include Heat signs, such as fever, slight aversion to drafts and thirst. Cool Dryness tends to include Cold signs, such as aversion to cold, headache and no sweating. A physician considers the season, Cold and Heat signs, and the extent of fluid depletion together.","【燥邪】

燥邪は外感六邪の一つで、秋に対応する。乾いた気候や、環境の変化に適応するだけの津液が足りないときに見られる。東洋医学では燥邪は乾く性質を持ち、津液を傷つけやすく、肺も侵しやすいと考える。

津液が損なわれると、口や鼻、喉の乾き、肌や髪の潤いの低下、硬い便、尿量の減少などが見られる。肺は潤いを好み乾燥を嫌う繊細な臓であるため、燥邪が肺を侵すと、痰の少ない乾いた咳や、粘って出にくい痰などが現れることもある。

燥邪は温燥と涼燥に分けられる。温燥には発熱、軽い悪風、喉の渇きなど熱の徴候が多く、涼燥には悪寒、頭痛、無汗など寒の徴候が多い。季節、寒熱、津液が傷ついた程度を合わせて判断する。","조사

조는 건조하고 진액을 쉽게 손상하는 양사이다. 가을의 조사가 폐를 침범하면 마른기침, 목과 코의 건조, 가래가 적고 끈끈함, 피부 건조가 나타난다.

온조는 발열과 약한 오한, 마른기침이 함께 나타나고, 량조는 오한과 맑은 콧물, 피부 건조가 두드러진다. 오래된 조사나 열병 뒤에는 폐음이 손상될 수 있다.

치료는 청선윤폐, 양음생진을 중심으로 하며, 풍한이나 풍열이 겸했는지 살펴 해표한다."
UI_BOOK_ENTRY_TITLE_RE_XIE,热邪,熱邪,Heat Pathogenic Influence,熱邪,열사
UI_BOOK_ENTRY_BODY_RE_XIE,"【热邪】

热邪是外感六邪之一，又常称为火邪。中医认为热为阳邪，性质炎热升腾，容易使人体出现阳热偏盛的表现。热邪可由外界侵入，也可由其他邪气在体内转化而成；热邪发展至较严重程度时，常称为火邪。

热邪容易耗气伤津，常见高热、口渴喜冷饮、汗多、身体乏力、小便短黄、大便干结等表现。热邪具有炎上的特点，容易出现面红、目赤、咽喉肿痛、口舌生疮等人体上部症状。

热邪还可能生风、动血或腐肉成脓。热极生风时可见抽搐、颈项强直等表现；热迫血行时可见出血、皮疹等表现；热邪壅聚局部时可能形成红、肿、热、痛的疮疡。判断热邪时，需要结合病位、病程及津液损伤程度综合分析。","【熱邪】

熱邪是外感六邪之一，又常稱為火邪。中醫認為熱為陽邪，性質炎熱升騰，容易使人體出現陽熱偏盛的表現。熱邪可由外界侵入，也可由其他邪氣在體內轉化而成...","HEAT PATHOGEN

Heat is one of the six external pathogenic influences and is also associated with Fire. Traditional Chinese medicine regards it as a Yang influence that burns and rises, producing signs of excessive Yang heat. Heat may enter from outside or develop when another influence transforms inside the body. A more severe form is often described as Fire.

Heat may deplete Qi and body fluids. Common signs include high fever, thirst for cold drinks, heavy sweating, weakness, scant dark yellow urine and hard stools. Because Heat rises, it may also cause upper-body signs such as a flushed face, red eyes, a swollen sore throat, or sores in the mouth and on the tongue.

Heat may also stir Wind, disturb the blood or contribute to pus formation. Extreme Heat that stirs Wind may cause convulsions or a stiff neck. Heat that drives blood out of its normal course may cause bleeding or rashes. Concentrated Heat may produce sores with redness, swelling, warmth and pain. A physician considers the location, course and extent of fluid depletion when assessing Heat.","【熱邪】

熱邪は外感六邪の一つで、火邪とも呼ばれる。東洋医学では熱を陽の邪気と捉え、熱く上へ昇る性質を持ち、体内の陽熱が盛んな状態を生みやすいと考える。外から侵入するほか、ほかの邪気が体内で変化して生じることもあり、重くなったものを火邪と呼ぶことが多い。

熱邪は気と津液を消耗させやすい。高熱、冷たい飲み物を欲する喉の渇き、多汗、脱力、少量で黄色い尿、硬い便などが見られる。また上へ燃え上がる性質により、顔の赤み、目の充血、喉の腫れと痛み、口や舌のただれなど、体の上部に症状が出やすい。

熱邪はさらに風を生じさせ、血を動かし、組織を傷つけて膿を生じさせることがある。熱が極まって風を生じるとけいれんや首のこわばり、熱が血を押し動かすと出血や発疹、局所に熱邪が集まると赤み・腫れ・熱感・痛みを伴うできものが見られる。病の場所、経過、津液の損傷を合わせて判断する。","화사

화는 양이 성한 병리적 변화로 열보다 더 급하고 강한 성질을 가진다. 얼굴과 눈의 붉음, 고열, 번조, 갈증, 출혈, 종창과 통증이 나타날 수 있다.

화가 위로 치솟으면 구설생창·두통·눈 충혈이 생기고, 혈을 움직이면 코피와 토혈, 피부 발진이 나타난다. 화가 진액을 태우면 변비와 소변 감소가 동반된다.

치료는 청열사화, 양혈해독, 자음강화를 병의 장부와 허실에 맞춰 선택한다. 허화와 실화를 구분하지 않고 차가운 약을 오래 쓰면 양기를 손상할 수 있다."
UI_BOOK_ENTRY_TITLE_QI_QING_NEI_SHANG,七情内伤,七情內傷,Internal Injury from the Seven Emotions,七情内傷,칠정내상
UI_BOOK_ENTRY_BODY_QI_QING_NEI_SHANG,"【七情内伤】

七情内伤是中医对喜、怒、忧、思、悲、恐、惊七种情志活动引起疾病的概括。七情原本是人体对外界事物产生的正常情绪反应，一般不会致病；当情绪过于强烈、突然发生或持续时间过长，超过人体自身的调节能力时，便可能影响脏腑气血，成为内伤病因。

中医认为七情分别与五脏关系密切，即喜与心相应、怒与肝相应、思与脾相应、忧悲与肺相应、恐与肾相应。某种情绪过度时，容易影响相应脏腑；脏腑功能失调后，也可能反过来导致情绪变化。

七情主要通过影响气机而致病，常概括为“怒则气上、喜则气缓、悲则气消、恐则气下、惊则气乱、思则气结”。例如，过怒可能出现头痛、面红、胸胁胀满；过思可能出现食欲不振、腹胀、失眠；惊恐过度可能出现心悸、神志不安或二便异常等表现。

七情内伤通常直接影响内在脏腑，也可能导致气滞、血瘀、痰湿或阴阳失调。由于不同情志能够相互影响，具体表现还会因个人体质、情绪强度和持续时间而有所不同。医者需要结合患者的情志变化、脏腑症状以及望、闻、问、切所得信息综合判断。","【七情內傷】

七情內傷是中醫對喜、怒、憂、思、悲、恐、驚七種情志活動引起疾病的概括。七情原本是人體對外界事物產生的正常情緒反應，一般不會致病；當情緒過於...","INTERNAL INJURY FROM THE SEVEN EMOTIONS

In traditional Chinese medicine, internal injury from the seven emotions refers to illness associated with Joy, Anger, Worry, Pensiveness, Grief, Fear and Fright. These emotions are normal responses to life and generally do not cause illness. If an emotion is exceptionally intense, comes on suddenly or persists for too long, it may exceed the body's ability to regulate itself and affect the organs, Qi and blood.

The seven emotions are linked with the five zang organs: Joy with the Heart, Anger with the Liver, Pensiveness with the Spleen, Worry and Grief with the Lung, and Fear with the Kidney. An excessive emotion may affect its associated organ, while a disturbance in organ function may in turn change a person's emotional state.

The seven emotions are thought to affect the movement of Qi. Traditional descriptions say that anger makes Qi rise, joy relaxes Qi, grief depletes Qi, fear sends Qi downward, fright disorders Qi and pensiveness binds Qi. Excessive anger may be associated with headache, a flushed face and fullness in the chest or flanks; prolonged pensiveness with poor appetite, bloating and insomnia; intense fear or fright with palpitations, unease or changes in urination and bowel movements.

The seven emotions may directly affect the internal organs and contribute to Qi stagnation, blood stasis, phlegm and dampness, or an imbalance of Yin and Yang. The pattern varies with the person, the intensity of the emotion and its duration. A physician considers emotional changes, organ-related signs and information from all four examinations together.","【七情内傷】

七情内傷とは、喜・怒・憂・思・悲・恐・驚という七つの感情によって病が生じることをいう。七情は本来、外界に対する正常な感情反応であり、通常は病因にならない。しかし感情が強すぎる、急に生じる、長く続くなどして自分で調節できなくなると、臓腑や気血に影響して内傷の原因となり得る。

東洋医学では七情と五臓を結びつけ、喜は心、怒は肝、思は脾、憂と悲は肺、恐は腎に対応すると考える。感情が過度になれば対応する臓腑が影響を受けやすく、反対に臓腑の働きが乱れることで感情が変化する場合もある。

七情は主に気の巡りを乱して病を生じ、「怒れば気は上り、喜べば気は緩み、悲しめば気は消え、恐れれば気は下り、驚けば気は乱れ、思えば気は結ぶ」とまとめられる。たとえば怒りすぎると頭痛、顔の赤み、胸や脇の張り、思い悩みすぎると食欲不振、腹の張り、不眠、強く驚き恐れると動悸、心の落ち着かなさ、大小便の異常などが現れることがある。

七情内傷は内側の臓腑に直接影響し、気滞、血瘀、痰湿、陰陽の乱れにもつながり得る。感情は互いに影響し合い、症状も体質、感情の強さと持続時間によって変わる。感情の変化、臓腑に関わる症状、四診で得た情報を総合して判断する。","칠정내상

【개요】희·노·우·사·비·공·경의 일곱 감정은 정상적인 정서 활동이지만, 지나치거나 오래 억눌리면 장부와 기혈을 손상한다.

【기와 감정】노하면 기가 위로 오르고, 희하면 기가 느슨해지며, 사하면 기가 맺힌다. 우와 비는 폐와 비의 기를 소모하고, 공은 기를 아래로 내리며, 경은 기를 어지럽힌다.

감정의 변화는 심신을 중심으로 간·비·폐와 서로 영향을 준다. 장기간의 우울과 분노는 간기를 울체시키고, 지나친 생각은 비기를 손상하며, 큰 공포는 신기를 흔든다.

치료는 기체·기역·기허의 양상을 살피고 소간해울, 이기화담, 보익심비, 온신안신 등을 선택한다. 감정의 원인을 살피고 생활과 수면을 함께 조절하는 것이 중요하다."
UI_BOOK_ENTRY_TITLE_XI,喜,喜,Joy,喜,희
UI_BOOK_ENTRY_BODY_XI,"【喜】

喜是七情之一，是人在愿望得到满足或遇到愉快事物时产生的正常情绪。适度的喜悦能够使心情舒畅、气血和缓，对身心具有积极作用。中医认为喜与心相应，正常的喜悦有助于心气调畅。

喜悦过度或突然大喜时，则可能使心气涣散、心神失守，称为“喜则气缓”。这里的“缓”既有气机舒缓的一面，也包含过度时气机弛缓、精神难以集中的含义。

过喜伤心时，可能出现心悸、失眠、精神涣散、注意力不集中或情绪异常兴奋等表现；情况严重时，还可能出现神志恍惚。判断是否由喜伤心，需要结合情绪变化、心神表现及个人体质综合分析。","【喜】

喜是七情之一，是人在願望得到滿足或遇到愉快事物時產生的正常情緒。適度的喜悅能夠使心情舒暢、氣血和緩，對身心具有積極作用。中醫認為喜與心相應，正常...","JOY

Joy is one of the seven emotions. It is a normal feeling that arises when a wish is fulfilled or something pleasant happens. Moderate joy can ease the mind and help Qi and blood move smoothly. In traditional Chinese medicine, Joy is linked with the Heart, and ordinary happiness is thought to support the free movement of Heart Qi.

Excessive joy or a sudden burst of elation may cause Heart Qi to become scattered and the spirit to lose its steadiness. This is described as 'joy relaxes Qi.' Relaxing Qi can be beneficial, but in excess it may leave Qi too slack and make concentration difficult.

When excessive joy affects the Heart, signs may include palpitations, insomnia, scattered thoughts, poor concentration or unusually heightened excitement. Severe cases may include confusion. A physician considers changes in emotion, signs relating to the Heart and spirit, and the person's constitution.","【喜】

喜は七情の一つで、願いがかなったり楽しいことに出会ったりしたときに生じる正常な感情である。適度な喜びは気分を晴らし、気血の巡りを穏やかにして心身に良い働きをする。東洋医学では喜は心と対応し、正常な喜びは心気を整えると考える。

喜びすぎたり突然大きな喜びを感じたりすると、心気が散り、心神が安定を失うことがあり、これを「喜べば気は緩む」という。「緩む」には気の巡りが穏やかになる意味もあるが、過度になると気が緩みすぎて集中できなくなる意味も含まれる。

過度な喜びが心を傷つけると、動悸、不眠、気が散る、集中力の低下、異常な興奮などが現れ、重い場合には意識がぼんやりすることもある。喜びが原因かどうかは、感情の変化、心神の状態、体質を合わせて判断する。","희

희는 심의 정서로, 정상적인 기쁨은 기혈을 조화롭게 한다. 그러나 기쁨이 지나치면 심기가 느슨해져 정신이 산만하고 집중하지 못하며 두근거림과 불면이 생길 수 있다.

갑작스러운 큰 기쁨으로 심신이 흔들리면 말이 많고 웃음이 멈추지 않거나 의식이 불안정해질 수 있다. 심기와 심혈의 허실을 함께 살펴야 한다."
UI_BOOK_ENTRY_TITLE_NU,怒,怒,Anger,怒,노
UI_BOOK_ENTRY_BODY_NU,"【怒】

怒是七情之一，是人在受到挫折、压迫或不公平对待时产生的正常情绪。适度表达愤怒有助于情绪疏解，但长期压抑、频繁发怒或突然暴怒，都可能影响人体气机。

中医认为怒与肝相应。肝主疏泄，负责调畅气机；愤怒过度容易使肝的疏泄功能失常，导致气机上逆，称为“怒则气上”。

怒伤肝时，常见头胀头痛、面红目赤、急躁易怒、胸胁胀满、口苦或眩晕等表现。肝气长期郁滞还可能影响脾胃，出现食欲不振、腹胀等症状。判断时需要区分肝气郁结、肝火上炎和肝阳上亢等不同情况。","【怒】

怒是七情之一，是人在受到挫折、壓迫或不公平對待時產生的正常情緒。適度表達憤怒有助於情緒疏解，但長期壓抑、頻繁發怒或突然暴怒，都可能影響人體氣機。...","ANGER

Anger is one of the seven emotions and a normal response to frustration, pressure or unfair treatment. Expressing it in moderation can help release emotion, while prolonged suppression, frequent anger or a sudden outburst may disturb the movement of Qi.

In traditional Chinese medicine, Anger is linked with the Liver. The Liver's free-flowing function regulates the movement of Qi. Excessive anger may disrupt this function and cause Qi to surge upward, described as 'anger makes Qi rise.'

When anger affects the Liver, signs may include a distending headache, a flushed face and red eyes, irritability, fullness in the chest and flanks, a bitter taste or dizziness. Prolonged stagnation of Liver Qi may also affect the Spleen and Stomach, causing poor appetite or bloating. A physician distinguishes Liver Qi stagnation, rising Liver fire and excessive Liver Yang.","【怒】

怒は七情の一つで、挫折、抑圧、不公平な扱いなどに対して生じる正常な感情である。適度に怒りを表すことは感情の発散につながるが、長く抑え込む、頻繁に怒る、突然激怒することは気の巡りに影響し得る。

東洋医学では怒は肝と対応する。肝は疏泄によって気の巡りを整えるが、怒りすぎるとその働きが乱れ、気が逆に上へ昇る。これを「怒れば気は上る」という。

怒りが肝を傷つけると、頭の張りや痛み、顔の赤み、目の充血、いらだち、胸や脇の張り、口の苦さ、めまいなどが見られる。肝気の停滞が続けば脾胃にも影響し、食欲不振や腹の張りが現れることがある。肝気鬱結、肝火上炎、肝陽上亢などの違いを見分ける必要がある。","노

노는 간의 정서로, 정상적인 분노는 결단과 행동을 돕는다. 지나친 분노는 간기를 위로 치솟게 하여 두통, 어지럼, 눈 충혈, 이명과 구토를 일으킬 수 있다.

분노를 오래 억누르면 간기가 울체되어 흉협창통, 월경 불순과 우울이 나타난다. 소간해울과 평간잠양을 병의 허실에 맞춰 사용한다."
UI_BOOK_ENTRY_TITLE_YOU,忧,憂,Worry,憂,우
UI_BOOK_ENTRY_BODY_YOU,"【忧】

忧是七情之一，主要指因担心、顾虑或处境不安而产生的忧愁情绪。短暂的忧虑属于正常心理活动，但长期忧心忡忡、反复担忧，则可能使气机受到抑制。

中医认为忧与肺关系密切。忧愁过度容易损伤肺气，使肺的宣发肃降功能失常；长期忧虑也可能影响脾的运化，导致气血化生不足。

忧伤肺时，可能出现胸闷、气短、呼吸不畅、声音低弱、精神疲倦或容易叹息等表现；影响脾胃时，还可能出现食欲减退、腹胀和身体乏力。判断时需要结合忧虑持续时间以及肺、脾的相关症状综合分析。","【憂】

憂是七情之一，主要指因擔心、顧慮或處境不安而產生的憂愁情緒。短暫的憂慮屬於正常心理活動，但長期憂心忡忡、反復擔憂，則可能使氣機受到抑制。

中醫...","WORRY

Worry is one of the seven emotions. It refers to distress arising from concerns, uncertainty or an unsettled situation. Brief periods of worry are normal, but persistent or repeated worrying may constrain the movement of Qi.

In traditional Chinese medicine, Worry is closely linked with the Lung. Excessive worry may weaken Lung Qi and disturb the Lung's dispersing and descending functions. Over time, it may also affect the Spleen's transforming and transporting functions, reducing the production of Qi and blood.

When worry affects the Lung, signs may include chest tightness, shortness of breath, uneven breathing, a weak voice, fatigue or frequent sighing. If the Spleen and Stomach are also affected, poor appetite, bloating and weakness may occur. A physician considers how long the worry has lasted and signs associated with the Lung and Spleen.","【憂】

憂は七情の一つで、心配、懸念、不安な境遇から生じる憂鬱な感情を主に指す。一時的な心配は正常な心の働きだが、長く心配し続けると気の巡りが抑えられることがある。

東洋医学では憂は肺と深く関わる。過度な心配は肺気を傷つけ、肺の宣発・粛降を乱しやすい。心配が長引けば脾の運化にも影響し、気血の生成が不足することがある。

憂いが肺を傷つけると、胸のつかえ、息切れ、呼吸のしづらさ、弱い声、疲労感、ため息が多いなどの状態が現れることがある。脾胃に影響すると食欲の低下、腹の張り、脱力なども見られる。心配が続いた期間と肺や脾に関わる症状を合わせて判断する。","우

우는 폐의 정서로, 적절한 슬픔은 감정을 풀어 주지만 지나치면 폐기를 소모한다. 한숨, 말소리 약함, 숨참, 면역 저하와 감기 반복이 나타날 수 있다.

슬픔으로 진액이 손상되면 목과 피부가 건조해진다. 폐기와 폐음을 살피고 보익·윤폐하며, 우울한 원인을 함께 다룬다."
UI_BOOK_ENTRY_TITLE_SI,思,思,Pensiveness,思,사
UI_BOOK_ENTRY_BODY_SI,"【思】

思是七情之一，主要指思考、谋虑和注意力集中的精神活动。正常思考有助于学习和处理问题，但思虑过度、长期用脑或反复纠结同一件事，则可能影响人体气机。

中医认为思与脾相应。思虑过度容易使气机郁结，称为“思则气结”，并可能影响脾的运化功能，使饮食物不能正常转化为气血津液。

思伤脾时，常见食欲不振、腹胀、便溏、身体乏力、精神倦怠等表现；心脾同时受到影响时，还可能出现心悸、健忘、失眠、多梦等症状。判断时需要结合饮食、睡眠和精神状态综合分析。","【思】

思是七情之一，主要指思考、謀慮和注意力集中的精神活動。正常思考有助於學習和處理問題，但思慮過度、長期用腦或反復糾結同一件事，則可能影響人體氣機。...","PENSIVENESS

Pensiveness is one of the seven emotions. It refers to thinking, planning and focused attention. Ordinary thought helps with learning and problem-solving, while excessive thinking, prolonged mental effort or repeated rumination on one subject may disrupt the movement of Qi.

In traditional Chinese medicine, Pensiveness is linked with the Spleen. Too much rumination may bind the movement of Qi, described as 'pensiveness binds Qi.' It may also interfere with the Spleen's transformation of food and drink into Qi, blood and body fluids.

When pensiveness affects the Spleen, signs may include poor appetite, bloating, loose stools, weakness and mental fatigue. If the Heart and Spleen are both affected, palpitations, forgetfulness, insomnia and frequent dreams may also occur. A physician considers diet, sleep and mental state together.","【思】

思は七情の一つで、思考、計画、集中などの精神活動を主に指す。通常の思考は学習や問題への対処に役立つが、考えすぎ、長く頭を使い続ける、同じことを繰り返し思い悩む場合、気の巡りに影響し得る。

東洋医学では思は脾と対応する。考えすぎは気を停滞させやすく、「思えば気は結ぶ」といい、脾の運化も妨げて飲食物を気血津液へ正常に変えられなくなることがある。

思い悩むことが脾を傷つけると、食欲不振、腹の張り、軟便、脱力、精神的な疲れなどが見られる。心と脾の双方に影響すると、動悸、物忘れ、不眠、多夢なども現れることがある。食事、睡眠、精神状態を合わせて判断する。","사

사는 비의 정서로, 적절한 생각은 학습과 판단에 필요하다. 생각이 지나치면 비기가 맺혀 식욕 저하, 복부 팽만, 피로와 불면이 생긴다.

비기가 허해지면 생각이 더욱 많아지고 기억력과 집중력이 떨어질 수 있다. 건비익기와 이기해울을 함께 고려한다."
UI_BOOK_ENTRY_TITLE_BEI,悲,悲,Grief,悲,비
UI_BOOK_ENTRY_BODY_BEI,"【悲】

悲是七情之一，是人在经历失去、离别或重大打击时产生的哀伤情绪。适度悲伤属于正常的情感反应，但悲伤过度或长期不能缓解时，可能消耗人体之气，使精神和身体逐渐衰弱。

中医认为悲与肺相应，悲伤过度容易耗伤肺气，称为“悲则气消”。肺气受损后，肺主气、司呼吸以及宣发肃降的功能可能受到影响。

悲伤过度时，常见精神低落、气短乏力、声音低弱、胸闷、哭泣、食欲下降等表现。长期悲伤还可能进一步影响心、脾等脏腑。忧与悲都和肺有关，但忧偏于担心和愁虑，悲则偏于哀痛和失落。","【悲】

悲是七情之一，是人在經歷失去、離別或重大打擊時產生的哀傷情緒。適度悲傷屬於正常的情感反應，但悲傷過度或長期不能緩解時，可能消耗人體之氣，使精神和...","GRIEF

Grief is one of the seven emotions and a normal response to loss, separation or a major setback. Moderate sadness is a normal human feeling. When grief is overwhelming or does not ease over a long period, it may deplete Qi and gradually weaken the body and mind.

In traditional Chinese medicine, Grief is linked with the Lung. Excessive grief may deplete Lung Qi, described as 'grief depletes Qi.' This may affect the Lung's roles in governing Qi and breathing, and in dispersing and descending.

Signs associated with prolonged grief may include low spirits, shortness of breath, fatigue, a weak voice, chest tightness, crying and loss of appetite. Prolonged grief may also affect the Heart or Spleen. Worry and Grief are both linked with the Lung, but Worry centers on concern and apprehension, while Grief centers on sorrow and loss.","【悲】

悲は七情の一つで、喪失、別れ、大きな打撃を受けたときに生じる悲しみである。適度な悲しみは正常な感情反応だが、強すぎたり長く癒えなかったりすると、人体の気を消耗させ、心身を徐々に弱らせることがある。

東洋医学では悲は肺と対応し、悲しみすぎると肺気を消耗させる。これを「悲しめば気は消える」という。肺気が損なわれると、気と呼吸をつかさどる働きや宣発・粛降にも影響し得る。

過度の悲しみでは、気分の落ち込み、息切れ、脱力、弱い声、胸のつかえ、涙、食欲の低下などが見られる。長引けば心や脾にも影響することがある。憂も悲も肺に関係するが、憂は心配や懸念、悲は喪失による痛みに重点がある。","비

비는 폐의 정서로서, 슬픔과 가까운 애도의 감정을 말한다. 지나친 비애는 폐기를 소모하고 숨이 짧아지며 목소리가 약해지고 기침이 나타날 수 있다.

폐기를 보하고 마음을 안정시키며, 감정의 억압으로 생긴 기체가 있는지 살핀다."
UI_BOOK_ENTRY_TITLE_KONG,恐,恐,Fear,恐,공
UI_BOOK_ENTRY_BODY_KONG,"【恐】

恐是七情之一，是人在面临危险、威胁或未知事物时产生的害怕情绪。适度恐惧能够使人提高警觉、躲避危险，但长期处于恐惧之中或突然受到强烈惊吓，则可能扰乱脏腑气机。

中医认为恐与肾相应。恐惧过度容易使肾气不固、气机下陷，称为“恐则气下”，从而影响肾的封藏及对二便的固摄功能。

恐伤肾时，可能出现腰膝酸软、精神不安、遗尿、尿失禁或二便异常等表现；长期恐惧还可能耗伤肾精，使人出现健忘、耳鸣和意志消沉等症状。判断时需要结合恐惧发生的原因、持续时间及肾的相关表现综合分析。","【恐】

恐是七情之一，是人在面臨危險、威脅或未知事物時產生的害怕情緒。適度恐懼能夠使人提高警覺、躲避危險，但長期處於恐懼之中或突然受到強烈驚嚇，則可能擾...","FEAR

Fear is one of the seven emotions and a normal response to danger, threats or the unknown. Moderate fear helps a person stay alert and avoid harm. Living with fear for a long time or experiencing an intense sudden scare may, however, disturb the movement of Qi and the functions of the organs.

In traditional Chinese medicine, Fear is linked with the Kidney. Excessive fear may weaken the Kidney's ability to hold Qi and cause Qi to sink, described as 'fear sends Qi downward.' This may affect the Kidney's storing function and control of urination and bowel movements.

When fear affects the Kidney, signs may include soreness or weakness in the lower back and knees, unease, bed-wetting, urinary incontinence or changes in urination and bowel movements. Prolonged fear may also deplete Kidney essence and be associated with forgetfulness, ringing in the ears or loss of resolve. A physician considers the cause and duration of fear together with Kidney-related signs.","【恐】

恐は七情の一つで、危険や脅威、未知のものに直面したときの恐怖である。適度な恐怖は警戒して危険を避ける助けとなるが、長く恐れ続けたり突然強く脅かされたりすると、臓腑の気の巡りを乱すことがある。

東洋医学では恐は腎と対応する。恐れすぎると腎気が安定を失い、気が下へ落ち込む。これを「恐れれば気は下る」といい、腎の封蔵や大小便を保持する働きにも影響する。

恐れが腎を傷つけると、腰や膝のだるさ、心の落ち着かなさ、夜尿、尿失禁、大小便の異常などが現れることがある。長期の恐怖は腎精も消耗させ、物忘れ、耳鳴り、意欲の低下を生む場合がある。恐れの原因、続いた期間、腎に関わる症状を合わせて判断する。","공

공은 신의 정서로, 위험을 피하게 하는 정상적인 반응이다. 갑작스러운 공포는 신기를 아래로 빠뜨려 소변 실금, 설사, 허리와 무릎의 무력감을 일으킬 수 있다.

공포가 오래가면 신양과 신정이 손상될 수 있으므로 안신하고 보신하며 기를 굳게 간직하게 한다."
UI_BOOK_ENTRY_TITLE_JING,惊,驚,Fright,驚,경
UI_BOOK_ENTRY_BODY_JING,"【惊】

惊是七情之一，是人在突然遇到意外、声响或危险时产生的急剧情绪反应。惊与恐有所不同：惊通常由突发刺激引起，事先没有心理准备；恐则多是对已知或预期危险产生的害怕。

中医认为惊主要影响心神，可使气机紊乱，称为“惊则气乱”。受到突然惊吓后，心神失去安定，气血运行也可能暂时失常，并可进一步影响肾的封藏功能。

惊伤心神时，常见心悸、失眠、神志不宁、精神恍惚、容易受惊或注意力难以集中等表现；情况严重时，还可能出现昏厥或神志异常。判断时需要结合刺激强度、持续影响及患者原有的身心状态综合分析。","【驚】

驚是七情之一，是人在突然遇到意外、聲響或危險時產生的急劇情緒反應。驚與恐有所不同：驚通常由突發刺激引起，事先沒有心理準備；恐則多是對已知或預期危...","FRIGHT

Fright is one of the seven emotions. It is an abrupt emotional response to an unexpected event, sound or danger. It differs from Fear: Fright follows a sudden stimulus that a person was not prepared for, while Fear is more often a response to a known or anticipated threat.

In traditional Chinese medicine, Fright primarily affects the Heart and spirit. It may disorder the movement of Qi, described as 'fright disorders Qi.' After a sudden scare, the spirit may become unsettled and the movement of Qi and blood may be temporarily disrupted. The Kidney's storing function may also be affected.

When fright affects the Heart and spirit, signs may include palpitations, insomnia, restlessness, confusion, being easily startled or difficulty concentrating. Severe cases may include fainting or altered awareness. A physician considers the intensity of the stimulus, how long its effects last and the person's prior physical and emotional state.","【驚】

驚は七情の一つで、突然の出来事、音、危険などに遭ったときに生じる強い感情反応である。恐との違いは、驚は予期しない急な刺激で起こることが多く、恐は知っている、あるいは予想される危険への怖さである点にある。

東洋医学では驚は主に心神に影響し、気の巡りを乱すため「驚けば気は乱れる」という。突然驚くと心神は安定を失い、気血の巡りも一時的に乱れ、腎の封蔵にも影響することがある。

驚きが心神を傷つけると、動悸、不眠、心が落ち着かない、意識がぼんやりする、驚きやすくなる、集中しにくいなどの状態が見られる。重い場合には失神や意識の異常も起こり得る。刺激の強さ、その後の影響の長さ、元の心身の状態を合わせて判断する。","경

경은 갑작스러운 놀람으로 기가 어지러워지는 상태다. 심신이 흔들리면 두근거림, 불면, 불안, 말이 어눌해짐과 같은 증상이 나타날 수 있다.

놀람이 반복되면 심기와 신기가 손상되고 담이 심규를 막을 수 있다. 안신·화담·보익을 환자의 상태에 맞춰 선택한다."
UI_DISPLAY_MODE_WINDOW_FMT,窗口 %d×%d,視窗 %d×%d,Window %d×%d,ウィンドウ %d×%d,창 %d×%d
UI_TREATMENT_NO_PATIENT,当前没有病人，无法提交处方,目前沒有病人，無法提交處方,There is no patient. The prescription cannot be submitted.,患者がいないため処方を提出できません。,현재 환자가 없어 처방을 제출할 수 없습니다.
UI_TREATMENT_NO_DISEASE,当前病人没有绑定疾病，无法提交处方,目前病人沒有綁定疾病，無法提交處方,This patient has no disease assigned. The prescription cannot be submitted.,この患者には病名が設定されていないため、処方を提出できません。,현재 환자에게 연결된 병증이 없어 처방을 제출할 수 없습니다.
UI_TREATMENT_PRESCRIPTION_NOT_READY,当前处方未初始化，无法提交,目前處方未初始化，無法提交,The prescription has not been initialized and cannot be submitted.,処方が準備されていないため提出できません。,처방이 초기화되지 않아 제출할 수 없습니다.
UI_TREATMENT_SELECT_DIAGNOSIS,请先选择疾病诊断,請先選擇疾病診斷,Please select a diagnosis first.,先に病名を選択してください。,먼저 병증을 진단해 주세요.
UI_TREATMENT_EMPTY_PRESCRIPTION,当前处方为空，请先开方,目前處方為空，請先開方,The prescription is empty. Add herbs first.,処方が空です。先に薬材を選んでください。,처방이 비어 있습니다. 먼저 약재를 선택해 주세요.
UI_TREATMENT_STANDARD_FORMULA_NOT_FOUND_FMT,未找到疾病【%s】对应的标准方,未找到疾病【%s】對應的標準方,No standard prescription was found for 【%s】.,【%s】の標準処方が見つかりません。,【%s】에 해당하는 표준 처방을 찾을 수 없습니다.
UI_TREATMENT_REPUTATION_GAIN_FMT,获得名望：+%d,獲得名望：+%d,Reputation gained: +%d,名声獲得：+%d,명망 획득: +%d
UI_TREATMENT_REPUTATION_LOSS_FMT,损失名望：%d,損失名望：%d,Reputation lost: %d,名声減少：%d,명망 감소: %d
UI_TREATMENT_CURRENT_REPUTATION_FMT,当前名望：%d,目前名望：%d,Current reputation: %d,現在の名声：%d,현재 명망: %d
UI_TREATMENT_ALREADY_SUBMITTED_REPUTATION,本病人已提交过处方，不重复改变名望。,本病人已提交過處方，不重復改變名望。,A prescription has already been submitted for this patient. Reputation will not change again.,この患者にはすでに処方を提出しているため、名声は再度変動しません。,이 환자에게는 이미 처방을 제출하여 명망이 다시 변경되지 않습니다.
UI_TREATMENT_SUCCESS_REPUTATION_UNCHANGED,治疗成功：名望不变,治療成功：名望不變,Treatment succeeded: reputation unchanged.,治療成功：名声は変わりません。,치료 성공: 명망은 그대로입니다.
UI_TREATMENT_ALREADY_SUBMITTED_UNCHANGED,本病人已提交过处方，名望不变。,本病人已提交過處方，名望不變。,A prescription has already been submitted for this patient. Reputation remains unchanged.,この患者にはすでに処方を提出しているため、名声は変わりません。,이 환자에게는 이미 처방을 제출하여 명망이 변경되지 않습니다.
UI_STORY_TREATMENT_NO_NPC_ID,剧情没有配置 clinic_npc_id。,劇情尚未設定 clinic_npc_id。,The story has no clinic_npc_id configured.,シナリオに clinic_npc_id が設定されていません。,이야기에 clinic_npc_id가 설정되어 있지 않습니다.
UI_STORY_TREATMENT_NO_DISEASE,发起诊疗的剧情没有配置 Disease。,發起診療的劇情尚未設定 Disease。,The treatment story has no Disease configured.,診療シナリオに病名が設定されていません。,진료 이야기에 Disease가 설정되어 있지 않습니다.
UI_STORY_TREATMENT_NPC_MANAGER_UNAVAILABLE,剧情诊疗服务的 NpcManager 不可用。,劇情診療服務的 NpcManager 不可用。,NpcManager is unavailable for story treatment.,シナリオ診療の NpcManager を使用できません。,이야기 진료용 NpcManager를 사용할 수 없습니다.
UI_STORY_TREATMENT_NPC_MANAGER_INTERFACE_MISSING,NpcManager 缺少 story NPC 接口。,NpcManager 缺少 story NPC 接口。,NpcManager does not provide the story NPC interface.,NpcManager にシナリオ患者用の機能がありません。,NpcManager에 story NPC 인터페이스가 없습니다.
UI_STORY_TREATMENT_NPC_LOAD_FAILED_FMT,story NPC 加载失败：%s,story NPC 載入失敗：%s,Failed to load story NPC: %s,シナリオ患者を読み込めません：%s,story NPC를 불러오지 못했습니다: %s
UI_STORY_TREATMENT_INVALID_NPC_TYPE_FMT,NPC【%s】的 npc_type 不是 story。,NPC【%s】的 npc_type 不是 story。,NPC 【%s】 does not have npc_type 'story'.,患者【%s】の種別が story ではありません。,NPC【%s】의 npc_type이 story가 아닙니다.
UI_STORY_TREATMENT_NO_ACTIVE_PATIENT,当前没有可诊疗的剧情病人。,目前沒有可診療的劇情病人。,There is no story patient available for treatment.,診療できるシナリオ患者がいません。,진료할 이야기 환자가 없습니다.
UI_STORY_TREATMENT_PULSE_WINDOW_UNAVAILABLE,Story 的 PulseWindow 不可用。,Story 的 PulseWindow 不可用。,The story PulseWindow is unavailable.,脈診画面を使用できません。,맥진 창을 사용할 수 없습니다.
UI_STORY_TREATMENT_PULSE_INVALID_RESULT,Story 的 PulseWindow 返回了无效数据。,Story 的 PulseWindow 返回了無效資料。,The story PulseWindow returned invalid data.,脈診画面から正しい結果を取得できませんでした。,맥진 창에서 유효하지 않은 결과를 반환했습니다.
UI_STORY_TREATMENT_JUDGE_FAILED,处方判定失败。,處方判定失敗。,Prescription evaluation failed.,処方を判定できませんでした。,처방 판정에 실패했습니다.
UI_SETTINGS_AUDIO_BUS_MISSING_FMT,当前项目尚未创建 %s 音频总线。创建后该滑块会自动生效。,目前專案尚未建立 %s 音訊匯流排。建立後此滑桿會自動生效。,The %s audio bus has not been created yet. This slider will take effect after it is created.,%s オーディオバスはまだ作成されていません。作成すると、このスライダーが有効になります。,%s 오디오 버스가 아직 생성되지 않았습니다. 생성하면 이 슬라이더가 적용됩니다.
UI_NPC_GENERIC_AFTER_TREATMENT,多谢大夫，我觉得好多了。,多謝大夫，我覺得好多了。,"Thank you, doctor. I feel much better now.",先生、ありがとうございます。だいぶ良くなりました。,"의원님, 감사합니다. 많이 좋아진 것 같습니다."
UI_NPC_GENERIC_TREATMENT_FAILED,大夫，我这病怎么还不见好……,大夫，我這病怎麼還不見好……,"Doctor, why am I still not getting better...",先生、まだ良くならないようですが……,"의원님, 아직도 병이 나아지지 않는 것 같습니다……"
UI_NONE,（无）,（無）,(None),（なし）,(없음)
UI_JUDGE_SUMMARY_DOSAGE_ERROR_FMT,%s：实际 %s，标准 %s,%s：實際 %s，標準 %s,"%s: actual %s, standard %s",%s：実際 %s、基準 %s,"%s: 실제 %s, 기준 %s"
UI_RESULT_NO_STANDARD_FORMULA,（未找到标准方）,（未找到標準方）,(No standard prescription),（標準処方なし）,(표준 처방 없음)
UI_JUDGE_SUMMARY_SCORE_FMT,评分：%d,評分：%d,Score: %d,得点：%d,점수: %d
UI_JUDGE_SUMMARY_GRADE_FMT,评价：%s,評價：%s,Grade: %s,評価：%s,평가: %s
UI_JUDGE_SUMMARY_FORMULA_ID_FMT,标准方 ID：%s,標準方 ID：%s,Standard Formula ID: %s,標準処方ID：%s,표준 처방 ID: %s
UI_JUDGE_SUMMARY_MISSING_HERBS_FMT,缺少药材：%s,缺少藥材：%s,Missing herbs: %s,不足薬材：%s,누락 약재: %s
UI_JUDGE_SUMMARY_EXTRA_HERBS_FMT,多余药材：%s,多餘藥材：%s,Extra herbs: %s,余分な薬材：%s,불필요한 약재: %s
UI_JUDGE_SUMMARY_MINOR_DOSAGE,剂量轻微偏差：,劑量輕微偏差：,Minor dosage differences:,軽微な用量差：,경미한 용량 차이:
UI_JUDGE_SUMMARY_MAJOR_DOSAGE,剂量严重偏差：,劑量嚴重偏差：,Major dosage errors:,大きな用量差：,큰 용량 차이:
UI_NPC_NAME_BAN_XIA,半夏,半夏,Banxia,半夏,반하
UI_NPC_NAME_CHEN_PI,陈皮,陳皮,Chen Pi,陳皮,진피
UI_NPC_NAME_CHU_WANG,楚王,楚王,Prince of Chu,楚王,초왕
UI_NPC_NAME_GU_WEN,顾问,顧問,Gu Wen,顧問,구원
UI_NPC_NAME_GUO_MA_MA,郭妈妈,郭媽媽,Madam Guo,郭おばさん,곽 부인
UI_NPC_NAME_HEI_YI_REN,黑衣人,黑衣人,Man in Black,黒衣の者,흑의인
UI_NPC_NAME_HU_CHENG_LONG,胡承龙,胡承龍,Hu Chenglong,胡承竜,호승룡
UI_NPC_NAME_JIA_QUAN,贾荃,賈荃,Jia Quan,賈荃,가전
UI_NPC_NAME_LEI_WAN_JUN,雷万钧,雷萬鈞,Lei Wanjun,雷万鈞,뇌만균
UI_NPC_NAME_LI_DONG_BI,李东璧,李東璧,Li Dongbi,李東璧,이동벽
UI_NPC_NAME_LI_JIAN_ZHONG,李建中,李建中,Li Jianzhong,李建中,이건중
UI_NPC_NAME_LI_YAN_WEN,李言闻,李言聞,Li Yanwen,李言聞,이언문
UI_NPC_NAME_LIU_JING_TING,柳敬亭,柳敬亭,Liu Jingting,柳敬亭,유경정
UI_NPC_NAME_LU_DING,陆丁,陸丁,Lu Ding,陸丁,육정
UI_NPC_NAME_LU_ZHONG,陆忠,陸忠,Lu Zhong,陸忠,육충
UI_NPC_NAME_SHEN_XIU_WEN,沈修文,沈修文,Shen Xiuwen,沈修文,심수문
UI_NPC_NAME_SHI_ZI,世子,世子,The Heir,世子,세자
UI_NPC_NAME_WANG_BAI_TANG,王百堂,王百堂,Wang Baitang,王百堂,왕백당
UI_NPC_NAME_WANG_FU_HU_WEI,王府护卫,王府護衛,Palace Guard,王府の護衛,왕부 호위
UI_NPC_NAME_WU_SHI_LIANG,吴世良,吳世良,Wu Shiliang,呉世良,오세량
UI_NPC_NAME_WU_ZHI_LAN,吴芷兰,吳芷蘭,Wu Zhilan,呉芷蘭,오지란
UI_NPC_NAME_XIE_FEI_YAN,谢飞燕,謝飛燕,Xie Feiyan,謝飛燕,사비연
UI_NPC_NAME_XING_KONG,性空,性空,Xingkong,性空,성공
UI_NPC_NAME_YA_YI,衙役,衙役,Constable,役人,포졸
UI_NPC_NAME_YANG_SHAN_QUAN,杨善泉,楊善泉,Yang Shanquan,楊善泉,양선천
UI_NPC_NAME_ZENG_HE,曾和,曾和,Zeng He,曽和,증화
UI_NPC_NAME_ZENG_TI_MING,曾题名,曾題名,Zeng Timing,曽題名,증제명
UI_NPC_NAME_ZHAO_SHUN,赵顺,趙順,Zhao Shun,趙順,조순
UI_BOOK_ENTRY_TITLE_BAI_SHAO,白芍,白芍,White Peony Root,白芍,백작약
UI_BOOK_ENTRY_BODY_BAI_SHAO,"白芍（芍药）
【气味】苦、酸，微寒。
【毒性】无毒。
【归经】归肝、脾经。
【主治】养血调经，敛阴止汗，柔肝止痛，平抑肝阳。
【释名】将离（《纲目》）、犁食（《别录》）、白术（《别录》）、余容（《别录》）、铤（《别录》），白者名金芍药，赤者名木芍药（《图经》）。

时珍曰：芍药，犹约也。约，美好貌。此草花容婥约，故以为名。又《雅翼》言：制食之毒，莫良于芍，故得药名，亦通。

郑风诗云：伊其相谑，赠之以芍药。

《韩诗外传》云：芍药，离草也。董子云：芍药一名将离，故将别赠之。俗呼其花之千叶者，为小牡丹；赤者为木芍药，与牡丹同名也。

【发明】
志曰：赤者，利小便下气；白者，止痛散血。

大明曰：赤者补气，白者补血。

弘景曰：赤者小利，俗方以止痛不减当归。白者道家亦服食之，及煮石用。

成无己曰：**白补而赤泻，白收而赤散。酸以收之，甘以缓之，故酸甘相合，用补阴血。收逆气而除肺燥。**又云：芍药之酸，敛津液而益营血，收阴气而泄邪热。

元素曰：**白补赤散，泻肝补脾胃。**酒浸行经，止中部腹痛；与姜同用，温经散湿通塞，利腹中痛，胃气不通。**白芍入脾经补中焦，乃下利必用之药。**盖泻利皆太阴病，故不可缺此。得炙甘草为佐，治腹中痛，夏月少加黄芩，恶寒加桂，此仲景神方也。其用凡六：安脾经，一也；治腹痛，二也；收胃气，三也；止泻痢，四也；和血脉，五也；固腠理，六也。

宗奭曰：芍药须用单叶红花者为佳，然血虚寒人禁之。古人云：减芍药以避中寒。诚不可忽。

震亨曰：芍药泻脾火，性味酸寒，冬月必以酒炒。凡腹痛多是血脉凝涩，亦必酒炒用。然止能治血虚腹痛，余并不治。为其酸寒收敛，无温散之功也。下痢腹痛必炒用，后重者不炒。产后不可用者，以其酸寒伐生发之气也。必不得已，亦酒炒用之。

时珍曰：白芍药益脾，能于土中泻木。赤芍药散邪，能行血中之滞。《日华子》言：赤补气，白治血，欠审矣。产后肝血已虚，不可更泻，故禁之。酸寒之药多矣，何独避芍药耶？以此杲曰：或言古人以酸涩为收，《本经》何以言利小便？曰：芍药能益阴滋湿而停津液，故小便自行，非因通利也。曰：又言缓中何也？曰：损其肝者缓其中，即调血也，故四物汤用芍药。大抵酸涩者为收敛停湿之剂，故主手足太阴经收敛之体，又能治血海而入于九地之下，后至厥阴经。白者色在西方，故补；赤者色在南方，故泻。","白芍（芍藥）
【氣味】苦、酸，微寒。
【毒性】無毒。
【歸經】歸肝、脾經。
【主治】養血調經，斂陰止汗，柔肝止痛，平抑肝陽。
【釋名】將離（《綱目》）、犁...","WHITE PEONY ROOT

[Taste and nature] Bitter and sour; slightly cold.

[Toxicity] Recorded as non-toxic.

[Channels] Liver and Spleen.

[Actions] Nourishes blood and regulates menstruation; preserves Yin and reduces sweating; softens the Liver and relieves pain; calms rising Liver Yang.

[Names and origins]

Other names: Jiang Li (Compendium of Materia Medica); Li Shi, Bai Zhu, Yu Rong and Ting (Supplementary Records of Famous Physicians). The white variety is called Jin Shao Yao and the red variety Mu Shao Yao (Illustrated Materia Medica).

Shizhen: The name shao yao is associated with elegance and beauty, describing the flower's graceful appearance. Yayi also says it is especially good at counteracting poisons in food, which offers another explanation of its name.

A poem from the state of Zheng says that people exchanged peony flowers while teasing one another.

Han Shi Waizhuan calls peony a 'parting herb'. Dongzi says one of its names is Jiang Li, hence the custom of giving it when saying farewell. The many-petaled flower is commonly called 'little peony'; the red one is also called Mu Shao Yao, sharing a name with the tree peony.



[Historical commentary]

Zhi: The red variety promotes urination and moves Qi downward; the white one relieves pain and disperses blood stasis.

Daming: The red variety supplements Qi, while the white variety supplements blood.

Hongjing: The red variety mildly promotes urination and is used in folk remedies for pain, no less than Chinese Angelica Root. The white variety is also taken in Daoist regimens and used when processing minerals.

Cheng Wuji: White peony supplements and restrains, while red peony drains and disperses. Sourness gathers and sweetness moderates; together, sour and sweet supplement Yin and blood. It draws back counterflow Qi and relieves Lung Dryness. He also says its sourness preserves fluids, benefits nutritive blood and Yin Qi, and drains pathogenic Heat.

Yuansu: White peony supplements and red peony disperses; it drains the Liver and supplements the Spleen and Stomach. Soaked in wine it reaches the channels and relieves pain in the middle abdomen. Combined with ginger, it warms the channels, disperses Dampness, opens obstruction and relieves abdominal pain due to impaired Stomach Qi. White peony enters the Spleen channel and supplements the middle burner, making it essential in diarrhea, which is considered a Taiyin condition. With roasted Licorice Root it treats abdominal pain; in summer a little Scutellaria Root can be added, and Gui when there is aversion to cold. This is a formula associated with Zhongjing. Its six uses are to settle the Spleen channel, treat abdominal pain, gather Stomach Qi, stop diarrhea and dysentery, harmonize the blood vessels, and secure the pores.

Zongshi: The preferred peony has a single layer of red petals. However, people with blood deficiency and Cold should avoid it. The ancient warning to reduce peony to prevent internal Cold should not be ignored.

Zhenheng: Peony drains Spleen Fire and is sour and cold, so it should be stir-fried with wine in winter. Abdominal pain is often associated with sluggish blood, also calling for wine processing. Yet it only treats abdominal pain from blood deficiency, not every kind, because its sour, cold and restraining nature cannot warm and disperse. For painful diarrhea it is fried, unless there is a heavy feeling after passing stool. It is generally avoided after childbirth because its sour, cold nature may weaken the body's rising Qi; if unavoidable, it should be wine-fried.

Shizhen: White peony benefits the Spleen and checks Wood within Earth; red peony disperses pathogens and moves stagnation in the blood. Daming's claim that red peony supplements Qi and white peony treats blood is not sufficiently precise. Liver blood is already deficient after childbirth, so it should not be drained further. But there are many sour, cold medicines: why single out peony? Gao explains that although sourness is generally thought to gather, the Benjing's statement that peony promotes urination means it nourishes Yin and retains moisture, allowing urination to regulate itself; it is not simply a diuretic. 'Relaxing the middle' means moderating the Liver and regulating blood, hence peony in Four-Substance Decoction. Sour, astringent medicines generally restrain and retain fluids; peony acts in the Hand and Foot Taiyin channels and also reaches the sea of blood and the deep Jueyin level. In five-phase color theory, white belongs to the west and supplements, while red belongs to the south and drains.","白芍（芍薬）
【性味】苦・酸、微寒。
【毒性】無毒。
【帰経】肝経・脾経に帰する。
【主治】養血調経、斂陰止汗、柔肝止痛、平抑肝陽。
【名称の由来】将離（『本草綱目』）、犁食（『名医別録』）、白術（『名医別録』）、余容（『名医別録』）、鋌（『名医別録』）。白いものを金芍薬、赤いものを木芍薬という（『図経本草』）。

李時珍はいう。芍薬の「芍」は「約」に通じ、美しい姿を意味する。この草の花がたおやかで美しいため、そう名づけられた。また『雅翼』には、食物の毒を抑えるには芍薬に勝るものはないので薬の名を得たとあり、この解釈も通る。

『詩経』鄭風には、互いに戯れながら芍薬を贈ると詠まれている。

『韓詩外伝』には芍薬は離草であるとある。董子は芍薬を将離とも呼ぶため、別れ際に贈るのだという。花弁が重なるものを俗に小牡丹、赤いものを木芍薬と呼び、牡丹と名を共有する。

【考証】
志はいう。赤いものは尿を出し、気を下げる。白いものは痛みを止め、血の滞りを散らす。

大明はいう。赤いものは気を補い、白いものは血を補う。

陶弘景はいう。赤いものには軽い利尿作用があり、民間の処方では痛みを止める働きが当帰に劣らない。白いものは道家も服用し、石を煮る際にも使う。

成無己はいう。**白いものは補い、赤いものは瀉す。白は収め、赤は散らす。酸味で収斂し、甘味で緩めるため、酸甘を合わせて陰血を補う。逆上する気を収めて肺の燥を除く。**また、芍薬の酸味は津液を収斂して営血を養い、陰気を収めて邪熱を除くという。

張元素はいう。**白は補い、赤は散らし、肝を瀉して脾胃を補う。**酒に浸せば経を巡らせ、中部の腹痛を止める。生姜とともに用いれば経を温め、湿を散じて閉塞を通じさせ、腹痛や胃気の滞りに働く。**白芍は脾経に入り、中焦を補うため、下痢の治療に欠かせない。**下痢は太陰の病なので省けない。炙甘草を佐薬とすれば腹痛を治し、夏は黄芩を少量加え、悪寒には桂を加える。これは張仲景の優れた処方である。用途は六つある。脾経を安定させること、腹痛を治すこと、胃気を収めること、下痢や赤痢を止めること、血脈を調えること、皮膚のきめを固めることである。

寇宗奭はいう。芍薬は花弁が一重で赤いものがよい。ただし血虚で冷えのある人には禁ずる。古人が「中寒を避けるには芍薬を減らす」といったことを忘れてはならない。

朱震亨はいう。芍薬は脾の火を瀉し、酸味・寒性なので冬には必ず酒で炒る。腹痛の多くは血脈の凝りと滞りによるため、これも酒で炒って用いる。ただし血虚による腹痛にしか効かず、ほかの腹痛には用いない。酸寒で収斂し、温めて散らす働きがないためである。下痢と腹痛には炒って用い、しぶり腹には炒らない。産後に用いないのは酸寒が生発の気を損なうためで、やむを得ない場合も酒炒して用いる。

李時珍はいう。白芍薬は脾を養い、土の中の木を瀉す。赤芍薬は邪気を散らし、血中の滞りを巡らせる。『日華子本草』が赤は気を補い、白は血を治すとするのは十分に吟味されていない。産後には肝血がすでに虚しているため、さらに瀉してはならないので禁じる。酸寒の薬は多いのに芍薬だけを避けるのはなぜか。李杲は次のように答える。酸渋の薬は収めるといわれるのに、『神農本草経』に利尿とあるのはなぜか。芍薬は陰を養って潤いを増し、津液を保つため、尿が自然に出るのであり、通利させるためではない。また「中を緩める」とは何か。肝を抑えて中を緩める、すなわち血を調えることであり、四物湯に芍薬を用いるのもそのためである。おおむね酸渋のものは収斂して湿を留め、手足の太陰経の収斂に働き、血海を治して深部へ至り、最後に厥陰経に入る。白は西方の色なので補い、赤は南方の色なので瀉す。","백작약

【성미】쓴맛·신맛, 약간 차다.

【독성】무독성으로 기록되어 있다.

【귀경】간·비.

【효능】혈을 보하고 월경을 조절하며, 음을 보존해 땀을 줄이고 간을 부드럽게 하여 통증을 완화하며 치솟는 간양을 가라앉힌다.

【명칭과 기원】

이 약재는 고전 본초서에 여러 이명과 산지가 기록되어 있다. 약용 부위의 형태와 법제 방법에 따라 성질과 작용이 달라질 수 있다.

【고전 해설】

고전 의가들은 백작약의 성미와 귀경을 바탕으로 위 효능을 설명했다. 임상에서는 병의 한열·허실과 환자의 체질을 살피고, 필요한 경우 다른 약재와 배합하여 사용한다."
UI_BOOK_ENTRY_TITLE_BAI_ZHI,白芷,白芷,Angelica Dahurica Root,白芷,백지
UI_BOOK_ENTRY_BODY_BAI_ZHI,"白芷
【气味】辛，温。
【毒性】无毒。
【归经】归肺、胃、大肠经。
【主治】解表散寒，祛风止痛，宣通鼻窍，燥湿止带，消肿排脓。
【释名】白茝（音止，又昌海切《别录》）、芳香（《本经》）、泽芬（《别录》）、苻蓠（《别录》）、䖀（许骄切《吴普》）、莞（音官《别录》）；叶名蒚麻（音力《别录》）、药（音约《图经》）。

时珍曰︰徐锴云︰初生根干为芷，则白芷之义取乎此也。

王安石《字说》云︰ 香可以养鼻，又可养体，故 字从臣。臣音怡，养也。

许慎《说文》云︰晋谓之 ，齐谓之 ，楚谓之蓠，又谓之药。生于下泽，芬芳与兰同德，故骚人以兰 为咏，而本草有芬香、泽芬之名，古人谓之香白芷云。

【发明】
杲曰︰白芷疗风通用，其气芳香，能通九窍，表汗不可缺也。

刘完素曰︰治正阳明头痛，热厥头痛，加而用之。

好古曰︰同辛夷、细辛用治鼻病，入内托散用长肌肉，则入阳明可知矣。

时珍曰︰白芷色白味辛，行手阳明庚金；性温气浓，行足阳明戊土；芳香上达，入手太阴肺经。肺者，庚之弟，戊之子也。故所主之病不离三经。如头目眉齿诸病，三经之风热也；如漏带痈疽诸病，三经之湿热也。风热者辛以散之，湿热者温以除之。为阳明主药，故又能治血病胎病，而排脓生肌止痛。按王 《百一选方》云︰王定国病风头痛，至都 梁求名医杨介治之，连进三丸，即时病失。恳求其方，则用香白芷一味，洗晒为末，炼蜜丸弹子大。每嚼一丸，以茶清或荆芥汤化下。遂命名都梁丸。其药治头风眩运，女人胎前产后，伤风头痛，血风头痛，皆效。戴原礼《要诀》亦云︰头痛挟热，项生磊块者，服之甚宜。又《仙神隐书》言︰种白芷能辟蛇，则《夷坚志》所载治腹蛇伤之方，亦制以所畏也，而本草不曾言及。

宗奭曰︰《药性论》言白芷能蚀脓。今人用治带下，肠有败脓，淋露不已，腥秽殊甚，遂致脐腹冷痛，皆由败脓血所致，须此排脓。白芷一两，单叶红蜀葵根二两，白芍药、白枯 矾各半两。为末，以蜡化丸梧子大。每空心及饭前，米饮下十丸或十五丸。俟脓尽，乃以他药补之。","白芷
【氣味】辛，溫。
【毒性】無毒。
【歸經】歸肺、胃、大腸經。
【主治】解表散寒，祛風止痛，宣通鼻竅，燥濕止帶，消腫排膿。
【釋名】白茝（音止，又昌海...","ANGELICA DAHURICA ROOT

[Taste and nature] Acrid; warm.

[Toxicity] Recorded as non-toxic.

[Channels] Lung, Stomach and Large Intestine.

[Actions] Releases the exterior and disperses Cold; dispels Wind and relieves pain; opens the nasal passages; dries Dampness and reduces vaginal discharge; reduces swelling and helps discharge pus.

[Names and origins]

Other names include Bai Chai, Fang Xiang, Ze Fen, Fu Li, Xue and Wan. Its leaves were also called Li Ma or Yao in older sources.

Shizhen cites Xu Kai as saying that the name zhi refers to the plant's newly formed root and stem, which helps explain the name Bai Zhi.

Wang Anshi associated its fragrance with nourishing the nose and body.

The Shuowen records different regional names for the plant. It grows in low, moist ground and was praised for a fragrance compared with orchids, leading to names such as Fang Xiang and Ze Fen. The older expression Xiang Bai Zhi emphasizes this fragrance.

[Historical commentary]

Gao: Angelica Dahurica Root is widely used for Wind disorders. Its strong fragrance is said to open the nine orifices and makes it useful when promoting sweating at the exterior.

Liu Wansu: It may be added for Yangming headache, including headache associated with severe Heat.

Haogu: Used with Xin Yi and Asarum Herb it treats disorders of the nose. Its use in formulas intended to support tissue growth also reflects its connection with the Yangming channels.

Shizhen: Its white color and acrid flavor were traditionally linked with the Hand Yangming channel; its warm, strongly aromatic nature with the Foot Yangming; and its upward-reaching fragrance with the Lung channel. For this reason it was used for disorders of the head, eyes, eyebrows and teeth, as well as Damp-Heat conditions involving discharge, sores and abscesses. Acridity disperses Wind-Heat, while warmth helps remove Dampness. As an important Yangming herb, it was also used in older practice for blood and pregnancy-related disorders, to discharge pus, promote tissue repair and relieve pain.

He records the story of Wang Dingguo, whose severe Wind-type headache was treated with pills made from Angelica Dahurica Root alone, powdered and formed with honey. The preparation became known as Duliang Pill and was later used for dizziness and different kinds of headache, including those occurring before or after childbirth. Other old texts also praised it for Heat-associated headache and even recorded folk claims that growing Angelica Dahurica Root could repel snakes.

Zongshi: Treatise on Medicinal Properties says Angelica Dahurica Root can help eliminate pus. He describes its traditional use for persistent foul discharge and lower abdominal pain attributed to retained pus and blood. One old formula combined Angelica Dahurica Root with hollyhock root, White Peony Root and alum, made into pills and taken with rice water until the discharge cleared, after which strengthening medicines were used.","白芷
【性味】辛、温。
【毒性】無毒。
【帰経】肺経・胃経・大腸経に帰する。
【主治】解表散寒、祛風止痛、宣通鼻竅、燥湿止帯、消腫排膿。
【名称の由来】白茝（音は止、また昌海切。『名医別録』）、芳香（『神農本草経』）、沢芬（『名医別録』）、苻蘺（『名医別録』）、䖀（許驕切。『呉普本草』）、莞（音は官。『名医別録』）。葉は蒚麻（音は力。『名医別録』）、薬（音は約。『図経本草』）とも呼ぶ。

李時珍はいう。徐鍇によれば、初生の根が乾いたものを芷と呼ぶため、白芷の名はこれに由来する。

王安石の『字説』には、香りが鼻を養い、体も養うので、字は「臣」に従うとある。臣の音は怡で、養うという意味である。

許慎の『説文解字』には、晋・斉・楚での異名が記され、楚では蘺、また薬と呼ぶ。低湿地に生え、蘭のように香るため、詩人は蘭とともに詠み、本草には芳香・沢芬の名がある。古人は香白芷とも呼んだ。なお原文には一部、異名の字が欠けている。

【考証】
李杲はいう。白芷は風の病に広く用い、芳香の気が九竅を通じさせるため、発汗による解表に欠かせない。

劉完素はいう。陽明経の頭痛や熱厥による頭痛には、白芷を加えて用いる。

王好古はいう。辛夷・細辛とともに鼻の病に用いる。内托散に加えて肉芽を生じさせることからも、陽明経に入ることが分かる。

李時珍はいう。白芷は白く辛いため手の陽明経の庚金を巡り、温かく気が濃いため足の陽明経の戊土を巡る。香りは上へ達して手の太陰肺経に入る。肺は庚の弟、戊の子であるため、主治する病はこの三経に関わる。頭・目・眉・歯の病は三経の風熱、漏下・帯下・癰疽は三経の湿熱による。風熱は辛味で散らし、湿熱は温性で除く。陽明の主薬なので血の病や妊娠に関わる病にも用い、排膿、肉芽の形成、止痛にも働く。王某の『百一選方』によれば、王定国が風による頭痛を患い、都梁で名医の楊介に三丸を続けて服用させられると、たちまち治まった。処方を尋ねると、香白芷だけを洗って日に干し、粉末にし、煉蜜で弾丸ほどの丸薬にしたものだった。一回に一丸を噛み、薄い茶または荊芥湯で服用する。そこで都梁丸と名づけた。頭風によるめまい、妊娠中や産後の女性の風邪による頭痛、血風頭痛にも効くという。戴原礼の『要訣』にも、熱を伴う頭痛で首にしこりのある場合に適するという。また『仙神隠書』には白芷を植えると蛇を避けるとあり、『夷堅志』の蛇傷の処方も蛇が嫌うものを用いたのだろうが、本草には記されていない。

寇宗奭はいう。『薬性論』には白芷は膿を腐食させるとある。今では帯下、腸内の腐敗した膿、止まらない悪臭のある分泌物、それに伴う臍腹の冷えた痛みに用い、膿を出す必要がある。白芷一両、一重咲きの赤い蜀葵の根二両、白芍薬と白枯礬をそれぞれ半両、粉末にして蝋で梧桐の実ほどの丸薬を作る。空腹時と食前に米のとぎ汁で十～十五丸を服用し、膿がなくなった後はほかの薬で補う。","백지

【성미】매운맛, 따뜻하다.

【독성】무독성으로 기록되어 있다.

【귀경】폐·위·대장.

【효능】표를 풀고 한을 흩으며 풍을 몰아 통증을 줄이고 코를 통하게 한다. 습을 말리고 대하를 줄이며 부기를 가라앉히고 고름 배출을 돕는다.

【명칭과 기원】

이 약재는 고전 본초서에 여러 이명과 산지가 기록되어 있다. 약용 부위의 형태와 법제 방법에 따라 성질과 작용이 달라질 수 있다.

【고전 해설】

고전 의가들은 백지의 성미와 귀경을 바탕으로 위 효능을 설명했다. 임상에서는 병의 한열·허실과 환자의 체질을 살피고, 필요한 경우 다른 약재와 배합하여 사용한다."
UI_BOOK_ENTRY_TITLE_BAI_ZHU,白术,白朮,White Atractylodes Rhizome,白朮,백출
UI_BOOK_ENTRY_BODY_BAI_ZHU,"白术（术）
【气味】味苦、甘，性温。
【毒性】无毒。
【归经】归脾、胃经。
【主治】健脾益气，燥湿利水，止汗，安胎。
【释名】山蓟（《本经》）、杨桴（音孚）、桴蓟（《尔雅》）、马蓟（《纲目》）、山姜（《别录》）、山连（《别录》）、吃力伽（《日华》）。

时珍曰︰按《六书本义》，术字篆文，象其根干枝叶之形。《吴普本草》一名山芥，一名天蓟。因其叶似蓟，而味似姜、芥也。西域谓之吃力伽，故《外台秘要》有吃力伽散。扬州之域多种白术，其状如桴，故有杨桴及桴蓟之名，今人谓之吴术是也。桴乃鼓槌之名。古方二术通用。后人始有苍、白之分，详见下。

【发明】
好古曰︰本草无苍、白术之名。近世多用白术，治皮间风，止汗消痞，补胃和发，有汗则止，与黄耆同功。

元素曰︰白术除湿益燥，和中补气。其用有九︰温中，一也；去脾胃中湿，二也；除胃中热，三也；强脾胃，进饮食，四也；和胃生津液，五也；止肌热，六也；四肢困倦，嗜卧，目不能开，不思饮食，七也；止渴，八也；安胎，九也。凡中焦不受湿不能下利，必须白术以逐水益脾。非白术不能去湿，非枳实不能消痞，故枳术丸以之为君。

机曰︰脾恶湿，湿胜则气不得施化，津何由生？故曰︰膀胱者津液之府，气化则能出焉。用白术以除其湿，则气得周流而津液生矣。","白朮（術）
【氣味】味苦、甘，性溫。
【毒性】無毒。
【歸經】歸脾、胃經。
【主治】健脾益氣，燥濕利水，止汗，安胎。
【釋名】山薊（《本經》）、楊桴（音孚...","WHITE ATRACTYLODES RHIZOME

[Taste and nature] Bitter and sweet; warm.

[Toxicity] Recorded as non-toxic.

[Channels] Spleen and Stomach.

[Actions] Strengthens the Spleen and supports Qi; dries Dampness and promotes fluid metabolism; reduces spontaneous sweating; helps steady pregnancy.

[Names and origins]

Other names include Shan Ji, Yang Fu, Fu Ji, Ma Ji, Shan Jiang, Shan Lian and Chi Li Jia.

Shizhen: The ancient written form of zhu was said to resemble the plant's root, stem, branches and leaves. Wu Pu's Materia Medica also calls it Shan Jie and Tian Ji because its leaves resemble thistle and its taste recalls ginger or mustard. Western regions used the name Chi Li Jia, which appears in the formula name Chi Li Jia Powder. White Atractylodes Rhizome was widely grown around Yangzhou; its shape was compared with a drumstick, giving rise to names such as Yang Fu and Fu Ji. Older formulas did not always distinguish Bai Zhu from Cang Zhu; the distinction became standard later.

[Historical commentary]

Haogu: Early materia medica did not clearly separate White Atractylodes Rhizome and Atractylodes Rhizome. In later practice White Atractylodes Rhizome became widely used to treat Wind affecting the skin, stop sweating, reduce focal fullness, strengthen the Stomach and harmonize the exterior. Its ability to stop spontaneous sweating was compared with Astragalus Root.

Yuansu: White Atractylodes Rhizome removes Dampness, promotes dryness where Dampness is excessive, harmonizes the middle and supports Qi. He lists nine uses: warming the middle; removing Dampness from the Spleen and Stomach; clearing pathological Heat in the Stomach; strengthening digestion and appetite; harmonizing the Stomach and supporting fluids; reducing muscle Heat; treating heavy, tired limbs, sleepiness and poor appetite; relieving thirst; and helping steady pregnancy. When Dampness obstructs the middle burner and prevents proper fluid movement, White Atractylodes Rhizome is used to drain retained water while strengthening the Spleen. This is why it serves as the chief herb in Immature Bitter Orange and White Atractylodes Pill, with Immature Bitter Orange addressing focal fullness.

Ji: The Spleen dislikes Dampness. When Dampness prevails, Qi transformation is impaired and body fluids cannot be properly generated or distributed. By removing Dampness, White Atractylodes Rhizome allows Qi to circulate and normal fluid production and movement to resume.","白朮（朮）
【性味】苦・甘、温。
【毒性】無毒。
【帰経】脾経・胃経に帰する。
【主治】健脾益気、燥湿利水、止汗、安胎。
【名称の由来】山薊（『神農本草経』）、楊桴（音は孚）、桴薊（『爾雅』）、馬薊（『本草綱目』）、山姜・山連（『名医別録』）、吃力伽（『日華子本草』）。

李時珍はいう。『六書本義』によれば、「朮」の篆書はその根・茎・枝・葉の形を表す。『呉普本草』では山芥、天薊とも呼ぶ。葉が薊に似て、味が姜や芥に似るからである。西域では吃力伽と呼ばれ、『外台秘要』には吃力伽散がある。揚州には白朮が多く、形が桴（太鼓のばち）に似るため楊桴・桴薊とも呼ばれ、今の呉朮がこれに当たる。古い処方では蒼朮と白朮を区別せずに使い、後世になって分けられた。詳しくは後述する。

【考証】
王好古はいう。古い本草に蒼朮・白朮の名はなく、近ごろは白朮を多く用いる。皮膚の風を治し、汗を止め、つかえを除き、胃を補って調える。汗を止める点では黄耆と同じ働きがある。

張元素はいう。白朮は湿を除いて乾かし、中焦を調え、気を補う。用途は九つある。中を温めること、脾胃の湿を除くこと、胃の熱を除くこと、脾胃を強め食欲を増すこと、胃を調えて津液を生じること、筋肉の熱を止めること、手足のだるさ、眠気、目が開けられない、食欲がない状態を治すこと、喉の渇きを止めること、胎を安定させることである。中焦に湿が滞って下へ排出できない場合、白朮で水を追い出して脾を養う必要がある。湿を除くには白朮、つかえを消すには枳実が必要なので、枳朮丸では白朮を君薬とする。

王機はいう。脾は湿を嫌い、湿が盛んになると気が変化を行えず、津液も生じない。膀胱は津液の府であり、気化が働いて初めて排出できる。白朮で湿を除けば気が全身を巡り、津液が生じる。","백출

【성미】쓴맛·단맛, 따뜻하다.

【독성】무독성으로 기록되어 있다.

【귀경】비·위.

【효능】비를 튼튼하게 하고 기를 도우며 습을 말리고 수액 대사를 돕는다. 자한을 줄이고 태를 안정시킨다.

【명칭과 기원】

이 약재는 고전 본초서에 여러 이명과 산지가 기록되어 있다. 약용 부위의 형태와 법제 방법에 따라 성질과 작용이 달라질 수 있다.

【고전 해설】

고전 의가들은 백출의 성미와 귀경을 바탕으로 위 효능을 설명했다. 임상에서는 병의 한열·허실과 환자의 체질을 살피고, 필요한 경우 다른 약재와 배합하여 사용한다."
UI_BOOK_ENTRY_TITLE_BAI_ZI_REN,柏子仁,柏子仁,Arborvitae Seed,柏子仁,백자인
UI_BOOK_ENTRY_BODY_BAI_ZI_REN,"柏子仁（柏）
【气味】味甘，性平。
【毒性】无毒。
【归经】归心、肾、大肠经。
【主治】养心安神，润肠通便，止汗。
【释名】椈（音菊《尔雅》）、侧柏（《尔雅翼》）。

李时珍曰︰按︰魏子才《六书精蕴》云︰万木皆向阳，而柏独西指，盖阴木而有贞德者，故字从白。白者，西方也。陆佃《埤雅》云︰柏之指西，犹针之指南也。柏有数种，入药惟取叶扁而侧生者，故曰侧柏。

寇宗奭曰︰予官陕西，登高望柏，千万株皆一一西指。盖此木至坚，不畏霜雪，得木之正气，他木不及。所以受金之正气所制，一一西指也。

【发明】
王好古曰︰柏子仁，肝经气分药也。又润肾，古方十精丸用之。

时珍曰︰柏子仁性平而不寒不燥，味甘而补，辛而能润，其气清香，能透心肾，益脾盖仙家上品药也，宜乎滋养之剂用之。

《列仙传》云︰赤松子食柏实，齿落更生，行及奔马。谅非虚语也。","柏子仁（柏）
【氣味】味甘，性平。
【毒性】無毒。
【歸經】歸心、腎、大腸經。
【主治】養心安神，潤腸通便，止汗。
【釋名】椈（音菊《爾雅》）、側柏（《爾...","ARBORVITAE SEED

[Taste and nature] Sweet; neutral.

[Toxicity] Recorded as non-toxic.

[Channels] Heart, Kidney and Large Intestine.

[Actions] Nourishes the Heart and calms the spirit; moistens the intestines and promotes bowel movements; helps reduce sweating.

[Names and origins]

Older names include Ju and Ce Bai.

Shizhen cites an old explanation that most trees turn toward the sun, while the cypress was believed to point west. Because west was associated with the color white, this was used to explain the written name. Lu Dian similarly compared the cypress's westward orientation with a compass needle pointing south. Several kinds of cypress were known, but the medicinal variety was identified by its flat leaves growing sideways, hence the name Ce Bai.

Zongshi: While serving in Shaanxi, he claimed to have observed large numbers of cypress trees appearing to point west. He interpreted this as a sign of the tree's toughness, resistance to frost and snow, and its traditional association with the Metal phase.

[Historical commentary]

Wang Haogu: Arborvitae Seed acts on the Qi aspect of the Liver channel and also moistens the Kidney. It appears in the old formula Ten Essences Pill.

Shizhen: Arborvitae Seed is neutral rather than cold or drying. Its sweetness is nourishing, while its slight acridity and aromatic quality help it moisten and penetrate toward the Heart and Kidney. It was therefore valued in nourishing formulas and in older longevity traditions.

Lie Xian Zhuan tells the legendary story of Chi Songzi, who ate cypress seeds, regrew lost teeth and could travel as fast as a running horse. The passage reflects the herb's old reputation as a longevity medicine rather than a literal clinical claim.","柏子仁（柏）
【性味】甘、平。
【毒性】無毒。
【帰経】心経・腎経・大腸経に帰する。
【主治】養心安神、潤腸通便、止汗。
【名称の由来】椈（音は菊。『爾雅』）、側柏（『爾雅翼』）。

李時珍はいう。魏子才の『六書精蘊』によれば、木はみな日に向かうが、柏だけは西を指す。陰の木で節操があるので字に「白」が含まれ、白は西方を表す。陸佃の『埤雅』では、柏が西を指すのは針が南を指すのと同じだという。柏にはいくつか種類があるが、薬には葉が平たく横向きに生えるものだけを採るので側柏という。

寇宗奭はいう。陝西で役人を務めたとき、高所から柏を見渡すと、何千何万の木がすべて西を指していた。この木はきわめて堅く、霜雪を恐れず、木の正気を備えてほかの木に勝る。金の正気に制せられるため、一様に西を指すのだ。

【考証】
王好古はいう。柏子仁は肝経の気分に用いる薬で、腎も潤す。古い処方の十精丸にも使われる。

李時珍はいう。柏子仁は性が平らかで寒すぎず燥しすぎず、甘味で補い、辛味で潤す。清らかな香りが心と腎に通じ、脾を養う。仙家の上品薬であり、滋養の処方に使うのは理にかなう。

『列仙伝』には、赤松子が柏の実を食べ、抜けた歯が再び生え、走る馬と並んで進んだとある。決して虚言ではないだろう。","백자인

【성미】단맛, 평하다.

【독성】무독성으로 기록되어 있다.

【귀경】심·신·대장.

【효능】심을 자양하고 정신을 안정시키며 장을 윤택하게 해 배변을 돕고 땀을 줄인다.

【명칭과 기원】

이 약재는 고전 본초서에 여러 이명과 산지가 기록되어 있다. 약용 부위의 형태와 법제 방법에 따라 성질과 작용이 달라질 수 있다.

【고전 해설】

고전 의가들은 백자인의 성미와 귀경을 바탕으로 위 효능을 설명했다. 임상에서는 병의 한열·허실과 환자의 체질을 살피고, 필요한 경우 다른 약재와 배합하여 사용한다."
UI_BOOK_ENTRY_TITLE_BAN_XIA,半夏,半夏,Pinellia Rhizome,半夏,반하
UI_BOOK_ENTRY_BODY_BAN_XIA,"半夏
【气味】味辛，性温。
【毒性】有毒。
【归经】归脾、胃、肺经。
【主治】燥湿化痰，降逆止呕，消痞散结。
【释名】守田（《别录》）、水玉（《本经》）、地文（《本经》）、和姑（《吴普》）。

时珍曰︰《礼记‧月令》︰五月半夏生。盖当夏之半也，故名。守田会意，水玉因形。

【发明】
权曰︰半夏使也。虚而有痰气，宜加用之。

颂曰︰胃冷呕哕，方药之最要。

成无己曰︰辛者散也，润也。半夏之辛，以散逆气结气，除烦呕，发音声，行水气，而润肾燥。

好古曰︰《经》云︰肾主五液，化为五湿。自入为唾，入肝为泣，入心为汗，入脾为痰，入肺为涕。有痰曰嗽，无痰曰咳。痰者，因咳而动脾之湿也。 半夏能泄痰之标，不能泄痰之本。泄本者，泄肾也。咳无形，痰有形；无形则润，有形 则燥，所以为流湿润燥也。俗以半夏为肺药，非也。止呕吐为足阳明，除痰为足太阴。柴胡为之使，故今柴胡汤中用之，虽为止呕，亦助柴胡、黄芩主往来寒热，是又为足少阳、阳明也。

宗奭曰︰今人惟知半夏去痰，不言益脾，盖能分水故也。脾恶湿，湿则濡困，困则不能治水。《经》云︰湿胜则泻。一男子夜数如厕，或教以生姜一两，半夏、大枣各三十枚，水一升，瓷瓶中慢火烧为熟水，时呷之，便已也。 赵继宗曰︰丹溪言︰二陈汤治一身之痰，世医执之，凡有痰者皆用。夫二陈内有半夏，其性燥烈，若风痰、寒痰、湿痰、食痰则相宜；至于劳痰、失血诸痰，用之反能燥血液而加 病，不可不知。 

机曰︰俗以半夏性燥有毒，多以贝母代之。贝母乃太阴肺经之药，半夏乃太阴脾经、阳 明胃经之药，何可代也？夫咳嗽吐痰，虚劳吐血，或痰中见血，诸郁，咽痛喉痹，肺痈肺痿，痈疽，妇人乳难，此皆贝母为向导，半夏乃禁用之药。若涎者脾之液，美味膏粱炙爆，皆能生脾胃湿热，故涎化为痰，久则痰火上攻，令人昏愦口噤，偏废僵仆，蹇涩不语，生死旦夕，自非半夏、南星，曷可治乎？若以贝母代之，则翘首待毙矣。

时珍曰︰脾无留湿不生痰，故脾为生痰之源，肺为贮痰之器。半夏能主痰饮及腹胀者，为其体滑而味辛性温也。涎滑能润，辛温能散亦能润，故行湿而通大便，利窍而泄小便。所谓辛走气，能化液，辛以润之是矣。洁古张氏云︰半夏、南星治其痰，而咳嗽自愈。丹溪朱氏云︰二陈汤能使大便润而小便长。聊摄成氏云︰半夏辛而散，行水气而润肾燥。又《和剂 局方》，用半硫丸治老人虚秘，皆取其滑润也。世俗皆以南星、半夏为性燥，误矣。湿去则土燥，痰涎不生，非二物之性燥也。古方治咽痛喉痹，吐血下血，多用二物，非禁剂也。二物亦能散血，故破伤打扑皆主之。惟阴虚劳损，则非湿热之邪，而用利窍行湿之药，是乃重 竭其津液，医之罪也，岂药之咎哉？《甲乙经》用治夜不眠，是果性燥者乎？岐伯云︰卫气行于阳，阳气满，不得入于阴，阴气虚，故目不得瞑。治法︰饮以半夏汤一剂，阴阳既通，其卧立至。方用流水千里者八升，扬之万遍，取清五升，煮之，炊以苇薪，大沸，入秫米一升，半夏五合，煮一升半，饮汁一杯，日三，以知为度。病新发者，覆杯则卧，汗出则已。久者，三饮而已。","半夏
【氣味】味辛，性溫。
【毒性】有毒。
【歸經】歸脾、胃、肺經。
【主治】燥濕化痰，降逆止嘔，消痞散結。
【釋名】守田（《別錄》）、水玉（《本經》）、...","PINELLIA RHIZOME

[Taste and nature] Acrid; warm.

[Toxicity] Toxic in its unprocessed form.

[Channels] Spleen, Stomach and Lung.

[Actions] Dries Dampness and transforms phlegm; redirects rebellious Qi downward and relieves nausea and vomiting; reduces focal fullness and disperses clumping.

[Names and origins]

Other names include Shou Tian, Shui Yu, Di Wen and He Gu.

Shizhen links the name Ban Xia, literally 'half summer', to an old calendar text stating that the plant emerges around the middle of summer. Shui Yu, 'water jade', refers to its appearance.

[Historical commentary]

Quan: Pinellia Rhizome is useful when deficiency is accompanied by phlegm and Qi congestion.

Song: It is one of the most important medicines in older formulas for vomiting and retching attributed to Cold in the Stomach.

Cheng Wuji: Acrid flavors disperse and also promote movement of fluids. Pinellia Rhizome's acridity disperses rebellious and constrained Qi, eases nausea and restlessness, helps restore the voice, moves retained fluids and was traditionally said to relieve dryness in the Kidney system.

Haogu: Old theory describes the Kidney as governing body fluids, which manifest as saliva, tears, sweat, phlegm and nasal discharge through different organs. He argues that Pinellia Rhizome treats the manifestation of phlegm rather than its deepest root. Its major actions belong to the Foot Yangming Stomach and Foot Taiyin Spleen rather than simply to the Lung. In Bupleurum Root formulas it not only controls vomiting but works with Bupleurum Root and Scutellaria Root in patterns with alternating chills and fever.

Zongshi: People often speak only of Pinellia Rhizome removing phlegm and overlook its support of Spleen fluid transformation. Since the Spleen is harmed by Dampness, removing retained Dampness may restore its ability to manage fluids. He records an old ginger, Pinellia Rhizome and jujube drink used for frequent nighttime bowel movements.

Later physicians warned against indiscriminate use of Two-Cured Decoction simply because phlegm is present. Pinellia Rhizome may suit Wind-phlegm, Cold-phlegm, Damp-phlegm and food-related phlegm, but can aggravate conditions involving deficiency, blood loss or depleted fluids if used improperly.

Ji: Pinellia Rhizome and Fritillaria Bulb are not interchangeable. Fritillaria Bulb primarily enters the Lung, while Pinellia Rhizome primarily addresses Spleen and Stomach Dampness and phlegm. Fritillaria Bulb was preferred in dry or deficiency-type cough, coughing blood, Lung abscess, breast abscess and certain throat disorders, whereas Pinellia Rhizome was favored when rich foods and Damp-Heat create thick phlegm that obstructs the clear orifices.

Shizhen: 'The Spleen is the source of phlegm and the Lung its container.' Pinellia Rhizome treats phlegm-fluid retention and abdominal fullness because its acrid, warm nature promotes movement while its texture was considered slippery enough to assist fluid passage. He rejects the simplistic idea that Pinellia Rhizome is inherently just 'drying': by removing Dampness, it allows the middle burner to become appropriately dry and phlegm to cease forming.

He also notes that some ancient formulas used Pinellia Rhizome for throat obstruction, bleeding and traumatic injury, while cautioning that it can further damage fluids in Yin-deficiency and consumptive conditions. An old insomnia formula, Pinellia Decoction, is cited as evidence that its traditional uses were broader than phlegm alone; the formula was intended to restore communication between Yin and Yang so that sleep could occur.","半夏
【性味】辛、温。
【毒性】有毒。
【帰経】脾経・胃経・肺経に帰する。
【主治】燥湿化痰、降逆止嘔、消痞散結。
【名称の由来】守田（『名医別録』）、水玉・地文（『神農本草経』）、和姑（『呉普本草』）。

李時珍はいう。『礼記・月令』には五月に半夏が生じるとあり、夏の半ばに当たるため名づけられた。守田は意味から、水玉は形から名づけられた。

【考証】
甄権はいう。半夏は使薬であり、虚して痰気がある場合には加えるのがよい。

蘇頌はいう。胃が冷えて吐き気やしゃっくりがある場合、処方の中でも特に重要な薬である。

成無己はいう。辛味には散らし、潤す働きがある。半夏の辛味は逆上する気や結んだ気を散らしていらだちや嘔吐を除き、声を出しやすくし、水気を巡らせて腎の乾燥を潤す。

王好古はいう。古典には「腎は五液をつかさどり、五湿に変わる」とある。腎自身では唾となり、肝では涙、心では汗、脾では痰、肺では鼻汁となる。痰があるものを嗽、痰がないものを咳という。痰とは咳によって脾の湿が動いたものである。半夏は痰の表面的な症状を除くが、根本までは除かない。根本を除くには腎を瀉す。咳は形がなく、痰には形がある。形のないものは潤し、形あるものは乾かすため、湿を巡らせて燥を潤すという。半夏を肺の薬とする俗説は誤りである。嘔吐を止めるのは足陽明、痰を除くのは足太陰への作用である。柴胡と組み合わせて柴胡湯に使うと、嘔吐を止めるだけでなく、柴胡・黄芩を助けて寒熱往来にも働くので、足少陽・陽明にも関係する。

寇宗奭はいう。今の人は半夏が痰を除くことだけを知り、脾を養うことを語らないが、水分を分けて巡らせることができるからである。脾は湿を嫌い、湿で困れば水を処理できなくなる。古典には「湿が勝てば下痢する」とある。ある男性が夜間に何度も便所へ通った。生姜一両、半夏と大棗を各三十個、水一升を磁器の瓶に入れ、弱火で煮て時々飲ませると治まったという。趙継宗はいう。朱丹溪のいう二陳湯は全身の痰を治すということで、世の医者は痰があれば何にでも使う。しかし半夏は乾燥させる力が強く、風痰・寒痰・湿痰・食痰には適しても、労痰や喀血を伴う痰には血や津液を乾かして病を悪化させる。注意すべきである。

王機はいう。半夏は乾燥性があり有毒なので、俗に貝母で代用する。しかし貝母は太陰肺経の薬、半夏は太陰脾経と陽明胃経の薬であり、代えられない。咳と喀痰、虚労による喀血、血の混じる痰、気の鬱結、喉の痛みや閉塞、肺癰や肺痿、癰疽、乳汁の出が悪い場合などは貝母を導き手とし、半夏は禁じる。一方、涎は脾の液で、濃厚で脂っこい食事は脾胃の湿熱を生み、涎が痰へ変わる。長引けば痰火が上を攻め、意識が混濁し、口が開かず、半身が麻痺して倒れ、言葉が出ず、生死を争う。この場合、半夏や南星なしにどう治せようか。貝母で代えれば死を待つだけだ。

李時珍はいう。脾に湿が残らなければ痰は生じない。ゆえに脾は痰を生む源、肺は痰を蓄える器である。半夏が痰飲と腹の張りを治すのは、滑らかな性質と辛味・温性による。涎の滑らかさは潤し、辛温は散らしながら潤すので、湿を巡らせて便通を助け、竅を通じて排尿を促す。「辛は気へ走り、液を変化させ、辛で潤す」とはこのことだ。張潔古は半夏と南星で痰を治せば咳も自然に治るといい、朱丹溪は二陳湯が便を潤し、尿を増やすという。成無己も半夏の辛味が水気を巡らせ腎の乾燥を潤すという。『和剤局方』の半硫丸が老人の虚性便秘に用いられるのも、滑らかに潤す働きによる。世間では南星と半夏をともに乾燥性とみなすが誤りである。湿が去れば脾土が乾いて痰涎を生じなくなるのであって、薬そのものが乾燥性ということではない。古い処方では喉の痛みや閉塞、吐血、下血にも両薬を多く用い、必ずしも禁薬ではない。血の滞りも散らすため、外傷や打撲にも用いる。ただし陰虚や消耗性の病は湿熱によらないため、水湿を流す薬を使えば津液をさらに失わせる。これは医者の過ちであり、薬のせいではない。『鍼灸甲乙経』には不眠の治療に使うとある。本当に乾燥性だけの薬といえるだろうか。岐伯は、衛気が陽に巡って陽気が満ち、陰に入れず陰気が虚するため眠れないという。半夏湯一剤で陰陽が通じればすぐ眠れる。処方は、遠くから流れてきた水八升を何度もすくって空気を含ませ、澄んだ水五升を取って葦を燃料に沸かす。強く煮立ったら秫米一升と半夏五合を入れ、一升半まで煮詰め、汁を一杯ずつ一日三回、効き目が現れるまで飲む。発症したばかりなら飲み終えると眠り、汗が出れば治まり、長引いたものは三回飲めば治るという。","반하

【성미】매운맛, 따뜻하다.

【독성】생용 시 독성이 있으므로 법제와 용량에 주의한다.

【귀경】비·위·폐.

【효능】습을 말리고 담을 삭이며 거역하는 기를 내리고 구역과 구토를 줄인다. 심하의 비만을 풀고 뭉침을 흩는다.

【명칭과 기원】

이 약재는 고전 본초서에 여러 이명과 산지가 기록되어 있다. 약용 부위의 형태와 법제 방법에 따라 성질과 작용이 달라질 수 있다.

【고전 해설】

고전 의가들은 반하의 성미와 귀경을 바탕으로 위 효능을 설명했다. 임상에서는 병의 한열·허실과 환자의 체질을 살피고, 필요한 경우 다른 약재와 배합하여 사용한다."
UI_BOOK_ENTRY_TITLE_BEI_MU,贝母,貝母,Fritillaria Bulb,貝母,패모
UI_BOOK_ENTRY_BODY_BEI_MU,"贝母
【气味】味甘、苦，性微寒。
【毒性】无毒。
【归经】归肺、心经。
【主治】清热润肺，化痰止咳，散结消痈。
【释名】（《尔雅》，音萌）、勤母（《别录》）、苦菜（《别录》）、苦花（《别录》）、空草（《本经》）、药实（《别录》）。

弘景曰：形似聚贝子，故名贝母。

时珍曰：《诗》云言采其 ，即此。一作虻，谓根状如虻也。苦菜、药实，与野苦 、黄药子同名。

【发明】
承曰：贝母能散心胸郁结之气，故《诗》云言：采其 ，是也。作诗者，本以不得志而言。今用治心中气不快、多愁郁者，殊有功。信矣。

好古曰：贝母乃肺经气分药也。 仲景治寒实结胸、外无热证者，三物小陷胸汤主之，白散亦可，以其内有贝母也。

成无己云： 辛散而苦泄，桔梗、贝母之苦辛，用以下气。

机曰：俗以半夏有毒，用贝母代之。夫贝母乃太阴肺经之药，半夏乃太阴脾经、阳明胃经之药，何可以代？若虚劳咳嗽、吐血咯血、肺痿 肺痈、妇人乳痈、痈疽及诸郁之证，半夏乃禁忌，皆贝母为向导，犹可代也；至于脾胃湿热，涎化为痰，久则生火，痰火上攻，昏愦僵仆蹇涩诸证，生死旦夕，亦岂贝母可代乎？颂曰： 贝母治恶疮。

唐人记其事云：江左尝有商人，左膊上有疮如人面，亦无他苦。商人戏以酒滴 口中，其面赤色。以物食之，亦能食，多则膊内肉胀起。或不食，则一臂痹焉。有名医教其历试诸药，金石草木之类，悉无所苦，至贝母，其疮乃聚眉闭口。商人喜，因以小苇筒毁其口灌之，数日成痂遂愈，然不知何疾也。

《本经》言主金疮，此岂金疮之类欤？","貝母
【氣味】味甘、苦，性微寒。
【毒性】無毒。
【歸經】歸肺、心經。
【主治】清熱潤肺，化痰止咳，散結消癰。
【釋名】（《爾雅》，音萌）、勤母（《別錄》...","FRITILLARIA BULB

[Taste and nature] Sweet and bitter; slightly cold.

[Toxicity] Recorded as non-toxic.

[Channels] Lung and Heart.

[Actions] Clears Heat and moistens the Lung; transforms phlegm and relieves cough; disperses clumping and helps reduce abscesses.

[Names and origins]

Older names include Qin Mu, Ku Cai, Ku Hua, Kong Cao and Yao Shi.

Hongjing: The bulb resembles a cluster of small shells, which was given as an explanation for the name Bei Mu, 'shell mother'.

Shizhen notes several ancient written forms and overlapping folk names. Some names were also used for unrelated plants, which made historical identification difficult.

[Historical commentary]

Cheng: Fritillaria Bulb disperses constrained Qi in the chest and Heart region. He connects an old poem about gathering the plant with emotional frustration and says it was traditionally used when worry and constraint produced a sense of oppression in the chest.

Haogu: Fritillaria Bulb is principally a Qi-level medicine of the Lung channel. He links it with old prescriptions for Cold-type clumping in the chest when there is no exterior Heat.

Cheng Wuji: Its bitter and acrid qualities help drain and disperse; like Platycodon Root, it can help direct constrained Qi downward.

Ji: Fritillaria Bulb should not automatically replace Pinellia Rhizome merely because Pinellia Rhizome is toxic when unprocessed. Fritillaria Bulb primarily enters the Lung, while Pinellia Rhizome primarily addresses the Spleen and Stomach. Fritillaria Bulb is more appropriate in deficiency cough, coughing or vomiting blood, Lung atrophy or abscess, breast abscess and certain constrained or dry phlegm disorders. Pinellia Rhizome is more appropriate when Spleen-Stomach Damp-Heat generates abundant phlegm that rises and obstructs the clear orifices.

Song also records its traditional use for severe sores and abscesses.

A Tang-dynasty anecdote tells of a merchant with a strange sore on his arm said to resemble a human face. Many substances reportedly produced no reaction, but when Fritillaria Bulb was applied the sore 'closed its mouth'; the herb was then administered through a small tube and the lesion eventually scabbed over. The story is legendary, but reflects the old reputation of Fritillaria Bulb for sores and wounds. The Benjing also lists it for traumatic wounds.","貝母
【性味】甘・苦、微寒。
【毒性】無毒。
【帰経】肺経・心経に帰する。
【主治】清熱潤肺、化痰止咳、散結消癰。
【名称の由来】『爾雅』に記された異名（音は萌。原文では字が欠ける）、勤母・苦菜・苦花・薬実（『名医別録』）、空草（『神農本草経』）。

陶弘景はいう。形が貝を寄せ集めたようなので貝母という。

李時珍はいう。『詩経』に「その〔原文欠字〕を採る」とあるのがこれである。虻とも書き、根が虻に似るという。苦菜や薬実は野苦〔原文欠字〕や黄薬子とも同じ名である。

【考証】
寇宗奭はいう。貝母は胸の中で鬱結した気を散らす。『詩経』でこれを採ると詠んだのもそのためで、詩人は志を得られない思いを述べていた。胸の気が晴れず憂鬱な人に用いると特に効果があるという。

王好古はいう。貝母は肺経の気分に用いる薬である。張仲景は寒実結胸で表に熱の徴候がない場合、三物小陥胸湯を主として用い、白散もよいとした。貝母が配合されているためである。

成無己はいう。辛味は散らし苦味は下へ流す。桔梗や貝母の苦辛の味を用いて気を下げる。

王機はいう。半夏は有毒なので貝母で代用することがあるが、貝母は太陰肺経、半夏は太陰脾経と陽明胃経の薬であり、同じものにはできない。虚労の咳、吐血・喀血、肺痿や肺癰、乳腺の腫れ、癰疽、さまざまな鬱結には半夏を禁じ、貝母を導き手として用いる。しかし脾胃の湿熱で涎が痰に変わり、長引いて痰火が上り、意識混濁、硬直して倒れること、発語困難などが起き、生死を争う場合に貝母が半夏の代わりになるだろうか。蘇頌は貝母が悪性の瘡を治すという。

唐代の記録によれば、江南のある商人の左腕に人の顔のようなできものが生じた。ほかに苦痛はなかったが、戯れに酒を口の部分へ垂らすと顔が赤くなり、食べ物を与えると食べ、たくさん与えれば腕の肉が膨らんだ。食べさせないと腕がしびれた。名医に勧められて金石・草木などの薬を順に試したところ、貝母を与えたときだけ、できものが眉を寄せて口を閉じた。商人は喜び、小さな葦の筒で口をこじ開けて貝母を流し込み、数日後にかさぶたができて治ったという。ただし何の病だったかは不明である。

『神農本草経』には刀傷を主治するとある。これもその類だったのだろうか。","패모

【성미】단맛·쓴맛, 약간 차다.

【독성】무독성으로 기록되어 있다.

【귀경】폐·심.

【효능】열을 내리고 폐를 윤택하게 하며 담을 삭여 기침을 줄인다. 뭉침을 흩고 종창과 농양을 줄이는 데 돕는다.

【명칭과 기원】

이 약재는 고전 본초서에 여러 이명과 산지가 기록되어 있다. 약용 부위의 형태와 법제 방법에 따라 성질과 작용이 달라질 수 있다.

【고전 해설】

고전 의가들은 패모의 성미와 귀경을 바탕으로 위 효능을 설명했다. 임상에서는 병의 한열·허실과 환자의 체질을 살피고, 필요한 경우 다른 약재와 배합하여 사용한다."
UI_BOOK_ENTRY_TITLE_BIAN_DOU,扁豆,扁豆,Hyacinth Bean,扁豆,백편두
UI_BOOK_ENTRY_BODY_BIAN_DOU,"扁豆（藊豆）
【气味】味甘，性微温。
【毒性】无毒。
【归经】归脾、胃经。
【主治】健脾化湿，和中消暑。
【释名】沿篱豆（俗）、蛾眉豆（《纲目》）。

时珍曰︰ 藊本作扁，荚形扁也。沿篱，蔓延也。蛾眉，象豆脊白路之形也。

【发明】
时珍曰︰硬壳白扁豆，其子充实，白而微黄，其气腥香，其性温平，得乎中和，脾之谷也。入太阴气分，通利三焦，能化清降浊，故专治中宫之病，消暑除湿而解毒也。其软壳及黑鹊色者，其性微凉，但可供食，亦调脾胃。","扁豆（藊豆）
【氣味】味甘，性微溫。
【毒性】無毒。
【歸經】歸脾、胃經。
【主治】健脾化濕，和中消暑。
【釋名】沿籬豆（俗）、蛾眉豆（《綱目》）。

時...","HYACINTH BEAN

[Taste and nature] Sweet; slightly warm.

[Toxicity] Recorded as non-toxic.

[Channels] Spleen and Stomach.

[Actions] Strengthens the Spleen and transforms Dampness; harmonizes the middle and relieves summer-Heat.

[Names and origins]

Common names include Yan Li Dou and E Mei Dou.

Shizhen: The name bian, 'flat', refers to the flattened pod. Yan Li describes the vine spreading along a fence, while E Mei, 'moth eyebrow', refers to the pale marking along the ridge of the bean.

[Historical commentary]

Shizhen: The preferred medicinal form is the firm-shelled white bean, whose seed is full, whitish with a slight yellow tint, and mildly aromatic. Its balanced, slightly warm nature led him to call it a grain of the Spleen. It enters the Taiyin Qi level, supports movement through the three burners, helps the clear ascend and the turbid descend, and is therefore used for disorders of the middle burner, especially summer-Heat and Dampness.

He distinguishes softer-shelled or dark mottled varieties as somewhat cooler and more suitable as food, though they too were considered helpful for harmonizing the Spleen and Stomach.","扁豆（藊豆）
【性味】甘、微温。
【毒性】無毒。
【帰経】脾経・胃経に帰する。
【主治】健脾化湿、和中消暑。
【名称の由来】沿籬豆（俗称）、蛾眉豆（『本草綱目』）。

李時珍はいう。「藊」はもと「扁」と書き、さやが平たいことに由来する。「沿籬」はつるが垣根に沿って伸びること、「蛾眉」は豆の背にある白い筋の形を表す。

【考証】
李時珍はいう。硬いさやを持つ白扁豆は実が充実し、白くわずかに黄色がかり、生臭さを含んだ香りがある。温和で偏りのない性質を得ており、脾に適した穀物である。太陰の気分に入り、三焦を通じ、清を変化させて上げ、濁を下げる。ゆえに中焦の病に用い、暑を和らげ、湿を除き、毒を解く。柔らかいさやのものや黒い鵲のような色のものはやや涼性で、食用に適し、脾胃も整える。","백편두

【성미】단맛, 약간 따뜻하다.

【독성】무독성으로 기록되어 있다.

【귀경】비·위.

【효능】비를 튼튼하게 하고 습을 변화시키며 중초를 조화시키고 여름철 열을 풀어 준다.

【명칭과 기원】

이 약재는 고전 본초서에 여러 이명과 산지가 기록되어 있다. 약용 부위의 형태와 법제 방법에 따라 성질과 작용이 달라질 수 있다.

【고전 해설】

고전 의가들은 백편두의 성미와 귀경을 바탕으로 위 효능을 설명했다. 임상에서는 병의 한열·허실과 환자의 체질을 살피고, 필요한 경우 다른 약재와 배합하여 사용한다."
UI_BOOK_ENTRY_TITLE_BO_HE,薄荷,薄荷,Mint,薄荷,박하
UI_BOOK_ENTRY_BODY_BO_HE,"薄荷
【气味】辛，凉。
【毒性】无毒。
【归经】归肺、肝经。
【主治】疏散风热，清利头目，利咽透疹，疏肝行气。
【释名】菝（《食性》）、蕃荷菜（《千金》）、吴菝（《食性》）、南薄荷（《衍义》）、金钱薄荷（《会编》）。

时珍曰：薄荷，俗称也。陈士良《食性本草》作菝，扬雄《甘泉赋》作茇，吕忱《字林》作茇，则薄荷之为讹称可知矣。

孙思邈《千金方》作蕃荷，又方音之讹也。今人药用，多以苏州者为胜，故陈士良谓之吴菝，以别胡菝也。

宗奭曰：世称此为南薄荷，为有一种龙脑薄荷，所以别之。机曰：小儿方多用金钱薄荷，谓其叶小颇圆如钱也，书作金银误矣。

【发明】元素曰：薄荷辛凉，气味俱薄，浮而升，阳也。故能去高巅及皮肤风热。

士良曰：薄荷能引诸药入营卫，故能发散风寒。

宗奭曰：小儿惊狂壮热，须此引药。又治骨蒸热劳，用其汁与众药熬为膏。猫食薄荷则醉，物相感尔。

好古曰：薄荷，手、足厥阴气分药也。能搜肝气，又主肺盛有余肩背痛，及风寒汗出。

时珍曰：薄荷入手太阴、足厥阴，辛能发散，凉能清利，专于消风散热，故头痛头风眼目咽喉口齿诸病，小儿惊热及瘰疬疮疥，为要药。戴原礼氏治猫咬，取其汁涂之有效，盖取其相制也。陆农师曰：薄荷，猫之酒也。犬，虎之酒也。桑椹，鸠之酒也。草，鱼之酒也。昝殷","薄荷
【氣味】辛，涼。
【毒性】無毒。
【歸經】歸肺、肝經。
【主治】疏散風熱，清利頭目，利咽透疹，疏肝行氣。
【釋名】菝（《食性》）、蕃荷菜（《千金》）...","MINT

[Taste and nature] Acrid; cool.

[Toxicity] Recorded as non-toxic.

[Channels] Lung and Liver.

[Actions] Disperses Wind-Heat; clears the head and eyes; benefits the throat and helps vent rashes; soothes the Liver and moves Qi.

[Names and origins]

Older names include Ba, Fan He Cai, Wu Ba, Nan Bo He and Jin Qian Bo He.

Shizhen notes that Bo He is a later popular name and that older texts used forms such as Ba or Fan He. Mint from Suzhou was especially valued and was called Wu Ba to distinguish it from other varieties.

Zongshi explains that the name Nan Bo He distinguished it from another strongly aromatic type. Jin Qian Bo He, 'coin mint', refers to a small-leaved variety whose round leaves resemble coins.

[Historical commentary]

Yuansu: Mint is acrid and cool, light in both Qi and flavor, and tends to rise. It is therefore useful for Wind-Heat affecting the upper body and skin.

Shiliang: It can guide other medicines toward the nutritive and defensive levels and helps disperse external pathogens.

Zongshi: It was traditionally used to guide formulas for children with high fever and agitation. Its juice also appears in old preparations for chronic deficiency Heat.

Haogu: Mint enters the Qi level of the Jueyin systems and can course constrained Liver Qi. It was also used for shoulder and upper-back pain associated with excess in the Lung and for exterior Wind-Cold with sweating.

Shizhen: Because acridity disperses and coolness clears, mint was valued for headache, Wind disorders of the head, eye and throat problems, tooth and mouth disorders, childhood febrile agitation, scrofula and skin sores. Old writings also preserve folk observations about cats reacting strongly to mint.","薄荷
【性味】辛、涼。
【毒性】無毒。
【帰経】肺経・肝経に帰する。
【主治】疏散風熱、清利頭目、利咽透疹、疏肝行気。
【名称の由来】菝（『食性本草』）、蕃荷菜（『千金方』）、呉菝（『食性本草』）、南薄荷（『本草衍義』）、金銭薄荷（『会編』）。

李時珍はいう。薄荷は俗称である。陳士良の『食性本草』では菝、揚雄の『甘泉賦』や呂忱の『字林』では茇と書くので、薄荷は訛った呼び名と分かる。

孫思邈の『千金方』では蕃荷と書き、これも地方の発音の訛りである。今は蘇州産を薬用として上質とするので、陳士良は胡菝と区別して呉菝と呼んだ。

寇宗奭はいう。竜脳薄荷という別種と区別するため、南薄荷と呼ばれる。王機はいう。小児の処方には金銭薄荷を多く用いる。葉が小さく丸く、銭に似るためで、「金銀」と書くのは誤りである。

【考証】
張元素はいう。薄荷は辛く涼しく、気味ともに薄く、浮いて上昇する陽の性質がある。頭頂部や皮膚の風熱を除く。

陳士良はいう。薄荷は諸薬を営衛へ導くため、風寒を発散できる。

寇宗奭はいう。小児の驚きによる興奮と高熱には、薄荷で薬を導く。また骨蒸の熱と虚労には、汁をほかの薬と煮詰めて膏を作る。猫が薄荷を食べると酔うのは、物同士の作用による。

王好古はいう。薄荷は手足の厥陰経の気分に用いる薬で、肝気を巡らせる。また肺気が過盛で起こる肩や背の痛み、風寒による発汗にも用いる。

李時珍はいう。薄荷は手太陰と足厥陰に入り、辛味は発散し、涼性は熱を清める。風を除き熱を散らすのに優れ、頭痛、頭部の風、目・喉・口・歯の病、小児の驚熱、瘰癧や皮膚のできものにも重要である。戴原礼は猫に噛まれた傷に汁を塗って効果を得た。猫と薄荷が作用し合う性質によるのだろう。陸佃は、薄荷は猫にとっての酒、犬は虎の酒、桑の実は鳩の酒、草は魚の酒といった。原文は「昝殷」で途切れている。","박하

【성미】매운맛, 서늘하다.

【독성】무독성으로 기록되어 있다.

【귀경】폐·간.

【효능】풍열을 흩고 머리와 눈을 맑게 하며 목을 편안하게 하고 발진을 밖으로 내보낸다. 간을 부드럽게 하고 기를 움직인다.

【명칭과 기원】

이 약재는 고전 본초서에 여러 이명과 산지가 기록되어 있다. 약용 부위의 형태와 법제 방법에 따라 성질과 작용이 달라질 수 있다.

【고전 해설】

고전 의가들은 박하의 성미와 귀경을 바탕으로 위 효능을 설명했다. 임상에서는 병의 한열·허실과 환자의 체질을 살피고, 필요한 경우 다른 약재와 배합하여 사용한다."
UI_BOOK_ENTRY_TITLE_CANG_ZHU,苍术,蒼朮,Atractylodes Rhizome,蒼朮,창출
UI_BOOK_ENTRY_BODY_CANG_ZHU,"苍术
【气味】辛、苦，温。
【毒性】无毒。
【归经】归脾、胃、肝经。
【主治】燥湿健脾，祛风散寒，明目。
【释名】赤术（《别录》）、山精（《抱朴》）、仙术（《纲目》）、山蓟（《本经》）。

时珍曰︰《异术》言︰术者山之精也，服之令人长生辟谷，致神仙，故有山精、仙术之号。术有赤、白二种，主治虽近，而性味止发不同。本草不分苍、白，亦未可据。今将《本经》并《别录》、甄权、大明四家所说功用，参考分别，各自附方，庶使用者有所依凭。

【发明】
宗 曰︰苍术，气味辛烈；白术，微辛苦而不烈。古方及《本经》止言术，未分苍、白。只缘陶隐居言术有两种，自此人多贵白者，往往将苍术置而不用。如古方平胃散之类，苍术为最要药，功效尤速。殊不详本草原无白术之名。嵇康曰︰闻道人遗言，饵术、黄精，令人久寿。亦无白字，用宜两审。

杲曰︰本草但言术，不分苍、白。而苍术别有雄壮上行之气，能除湿，下安太阴，使邪气不传入脾也。以其经泔浸、火炒，故能出汗，与白术止汗特异，用者不可以此代彼。盖有止、发之殊，其馀主治则同。

元素曰︰苍术与白术主治同，但比白术气重而体沉。若除上湿发汗，功最大；若补中焦，除脾胃湿，力少不如白术。腹中窄狭者，须用之。

震亨曰︰苍术治湿，上、中、下皆有可用。又能总解诸郁。痰、火、湿、食、气、血六郁，皆因传化失常，不得升降。病在中焦，故药必兼升降。将欲升之，必先降之；将欲降之，必先升之。故苍术为足阳明经药，气味辛烈，强胃强脾，发谷之气，能径入诸经，疏泄阳明之湿，通行敛涩。香附乃阴中快气之药，下气最速。一升一降，故郁散而平。杨士瀛曰︰脾精不禁，小便漏浊淋不止，腰背酸疼，宜用苍术以敛脾精，精生于谷故也。弘景曰︰白术少膏，可作丸散；赤术多膏，可作煎用。昔刘涓子 取其精而丸之，名守中金丸，可以长生。颂曰︰服食多单饵术，或合白茯苓，或合石菖蒲，并捣末。旦日水服，晚再进，久久弥佳。 取生术，去土水浸，再三煎如饴糖，酒调饮之，更善。今茅山所造术煎，是此法也。

陶隐居言取其精丸之，今乃是膏煎，恐非真也。慎微曰︰梁庾肩吾答陶隐居 术煎启云︰绿叶抽条，紫花标色。百邪外御，六腑内充。山精见书，华神在录。木荣火谢，尽采撷之难； 启旦移申，穷淋漉之剂。又谢术蒸启云︰味重金浆，芳逾玉液。足使坐致延生，伏深铭感。

又葛洪《抱朴子‧内篇》云︰南阳文氏，汉末逃难壶山中，饥困欲死。有人教之食术，遂不饥。数十年乃还乡里，颜色更少，气力转胜。故术一名山精，《神农药经》所谓必欲长生，常服山精，是也。

时珍曰︰按︰《吐纳经》云︰紫微夫人术序云︰吾察草木之胜速益于己者，并不及术之多验也。可以长生久视，远而更灵。山林隐逸，得服术者，五岳比肩。又《神仙传》云︰陈子皇得饵术要方，其妻姜氏得疲病，服之自愈，颜色气力如二十时也。时珍谨按︰以上诸说，皆似苍术，不独白术。今服食家亦呼苍术为仙术，故皆列于苍术之后。又张仲景辟一切恶气，用赤术同猪蹄甲烧烟。陶隐居亦言术能除恶气，弭灾 。故今病疫及岁旦，人家往往烧苍术以辟邪气。《类编》载越民高氏妻，病恍惚谵语，亡夫之鬼凭之。其家烧苍术烟，鬼遽求去。《夷坚志》载江西一士人，为女妖所染。其鬼将别曰︰君为阴气所浸，必当暴泄，但多服平胃散为良。中有苍术能去邪也。许叔微《本事方》云︰微患饮癖三十年。始因少年夜坐写文，左向伏几，是以饮食多坠左边。中夜必饮酒数杯，又向左卧。壮时不觉，三、五年后，觉酒止从左下有声，胁痛食减嘈杂，饮酒半杯即止。十数日，必呕酸水数升。暑月止右边有汗，左边绝无。遍访名医及海上方，间或中病，止得月馀复作。其补，如天雄、附子、矾石辈；利，如牵牛、甘遂、大戟，备尝之矣。自揣必有癖囊，如潦水之有科臼，不盈科不行。但清者可行，而浊者停滞，无路以决之，故积至五、七日必呕而去。脾土恶湿，而水则流湿，莫若燥脾以去湿，崇土以填科臼。乃悉屏诸药，只以苍术一斤（去皮，切片，为末），生油麻（半两）（水二盏，研，滤汁），大枣（五十枚）（煮，去皮核）。捣和丸梧子大。每日空腹温服五十丸，增至一、二百丸。忌桃、李、雀肉。服三月而疾除。自此常服，不呕不痛，胸膈宽利，饮啖如故，暑月汗亦周身，灯下能书细字，皆术之力也。初服时必觉微燥，以山栀子末，沸汤点服解之，久服亦自不燥矣。","蒼朮
【氣味】辛、苦，溫。
【毒性】無毒。
【歸經】歸脾、胃、肝經。
【主治】燥濕健脾，祛風散寒，明目。
【釋名】赤朮（《別錄》）、山精（《抱樸》）、仙朮...","ATRACTYLODES RHIZOME

[Taste and nature] Acrid and bitter; warm.

[Toxicity] Recorded as non-toxic.

[Channels] Spleen, Stomach and Liver.

[Actions] Dries Dampness and strengthens the Spleen; dispels Wind and Cold; benefits the eyes.

[Names and origins]

Older names include Chi Zhu, Shan Jing, Xian Zhu and Shan Ji.

Shizhen explains that older materia medica often used the single name Zhu without clearly distinguishing Cang Zhu from Bai Zhu. Later physicians separated the two because their actions overlap but are not identical. Cang Zhu was also called Shan Jing or Xian Zhu in Daoist longevity traditions.

[Historical commentary]

Zongshi: Atractylodes Rhizome is more strongly acrid and penetrating than White Atractylodes Rhizome. Ancient formulas did not always distinguish them, but in formulas such as Calm the Stomach Powder, Atractylodes Rhizome is especially important and acts rapidly.

Gao: Atractylodes Rhizome has a vigorous, upward-moving quality and excels at eliminating Dampness. Traditionally processed by soaking and stir-frying, it may promote sweating, which contrasts with White Atractylodes Rhizome's better-known ability to restrain sweating. The two should therefore not be substituted mechanically.

Yuansu: Atractylodes Rhizome and White Atractylodes Rhizome share many indications, but Atractylodes Rhizome is stronger for eliminating upper-body Dampness and promoting sweating. White Atractylodes Rhizome is generally stronger for tonifying the middle burner and strengthening the Spleen.

Zhenheng: Atractylodes Rhizome can treat Dampness in the upper, middle and lower burners. He also included it among medicines that help resolve the 'six constraints' of phlegm, Fire, Dampness, food, Qi and blood when normal ascent and descent in the middle burner are disrupted. Its pungent, forceful nature strengthens the Stomach and Spleen and opens the movement of Yangming Dampness.

Older texts also describe Atractylodes Rhizome in longevity practices, often combined with Poria or Acorus Rhizome. Such accounts gave rise to names such as 'immortal herb' and include legendary claims of prolonged life.

It was also burned as aromatic smoke during epidemics or festivals in older folk practice to dispel 'unhealthy Qi.' Historical anecdotes describe its use in Calm the Stomach Powder and in chronic fluid-retention disorders.

Xu Shuwei recorded a long-standing disorder marked by retained fluids, rib pain, poor appetite and periodic vomiting. After many treatments failed, he attributed the problem to Dampness obstructing the Spleen and used Atractylodes Rhizome with sesame and jujube. He reported gradual recovery after prolonged use, while also noting that excessive dryness could occur early in treatment.","蒼朮
【性味】辛・苦、温。
【毒性】無毒。
【帰経】脾経・胃経・肝経に帰する。
【主治】燥湿健脾、祛風散寒、明目。
【名称の由来】赤朮（『名医別録』）、山精（『抱朴子』）、仙朮（『本草綱目』）、山薊（『神農本草経』）。

李時珍はいう。『異術』には、朮は山の精で、服用すれば長生きし、穀物を断っても仙人になれるとある。山精・仙朮という名はこのためである。朮には赤と白の二種があり、主治は近いが性味や発汗・止汗の働きが異なる。古い本草が蒼朮と白朮を分けないからといって、そのまま同一視することはできない。そこで『神農本草経』『名医別録』、甄権、大明の四者の記述を照合して分け、それぞれに処方を付した。

【考証】
寇宗奭はいう。蒼朮は辛味が強く、白朮はやや辛苦だが激しくない。古い処方や『神農本草経』には単に朮とあり、蒼白を区別しない。陶弘景が二種あると述べて以来、人々は白を重んじて蒼朮を使わないことが多くなった。しかし古方の平胃散などでは蒼朮が最も重要で、効き目も速い。もともと古い本草に白朮という名はない。嵇康が伝えた、朮と黄精を食べれば長寿になるという道士の言葉にも「白」はない。用いる際にはよく吟味すべきだ。

李杲はいう。古い本草は朮を蒼白に分けない。蒼朮には強く上へ向かう気があり、湿を除き、下では太陰を安定させ、邪気が脾へ入るのを防ぐ。米のとぎ汁に浸して炒ると汗を出す働きがあり、白朮の止汗作用とは異なる。互いに代用してはならない。発汗と止汗以外の主治は共通する。

張元素はいう。蒼朮と白朮の主治は同じだが、蒼朮のほうが気が強く重い。上部の湿を除いて発汗させる力は大きい。一方、中焦を補い、脾胃の湿を除く力は白朮に及ばない。腹中が狭くつかえる場合には蒼朮を用いる。

朱震亨はいう。蒼朮は上・中・下のどの部位の湿にも使え、諸々の鬱結も解く。痰・火・湿・食・気・血の六鬱は、変化と運搬が乱れて昇降できないために生じる。病が中焦にあるので薬には昇降の双方が必要であり、上げるにはまず下げ、下げるにはまず上げる。蒼朮は足陽明経の薬で、辛味が強く脾胃を強め、水穀の気を発し、諸経に入り、陽明の湿を除いて滞りを通す。香附は陰の中で気を快く巡らせ、気を下げるのが速い。一方が昇り、一方が降りて鬱が散る。楊士瀛は、脾の精を保てず尿が濁って漏れ、淋が続き、腰背が痛む場合、穀物から生じる脾精を収めるため蒼朮を使うという。陶弘景は白朮は膏分が少ないので丸薬や散剤に、赤朮は膏分が多いので煎じ薬に向くという。かつて劉涓子が朮の精を採って丸薬にし、守中金丸と名づけ長寿の薬とした。蘇頌は、単独で服用するか白茯苓・石菖蒲と合わせて粉末にし、朝に水で服し夕方に再び飲むとよいという。生の朮の土を落として水に浸し、飴のようになるまで何度も煎じて酒で飲む方法はさらによい。茅山で作る朮煎はこの製法である。

陶隠居は精を採って丸薬にすると述べたが、現在のものは膏を煎じたもので、本来のものとは違うかもしれない。唐慎微は梁の庾肩吾が陶隠居へ送った朮煎に関する文を引用する。緑の葉が伸び、紫の花が色を添え、外では諸邪を防ぎ、内では六腑を満たす。山精の名は書にあり、華神の名も記録にある。木が栄え火が衰える時まで採集と抽出を重ねたという。朮を蒸した品への謝辞には、味は金の液より濃く香りは玉液に勝り、長生きを得るに足ると記される。

葛洪の『抱朴子・内篇』には、後漢末、南陽の文氏が戦乱を避け壺山で飢え死にしそうになったが、朮を食べるよう教えられて飢えを免れた話がある。数十年後に帰郷すると顔は若返り、力も増していた。ゆえに朮を山精と呼び、『神農薬経』も長生きしたければ山精を常に服すべきだと説く。

李時珍はさらにいう。『吐納経』に伝わる紫微夫人の朮序では、草木の中で体に速く大きく役立つものは朮に及ばず、長生きして視力を保ち、遠くまで見通せるとされる。山林の隠者には服用者が五岳に並ぶほどいるという。『神仙伝』では陳子皇が朮の処方を得て、病んだ妻の姜氏が服して治り、顔色も体力も二十歳のころに戻ったという。これらの話は白朮だけでなく蒼朮にも当てはまり、今も服食家は蒼朮を仙朮と呼ぶのでここに記した。張仲景は赤朮と豚の蹄の爪を燃やして煙を出し、悪い気を避けた。陶隠居も朮が悪気を除いて災いを鎮めるといい、疫病の時や元旦に蒼朮を焚く家が多い。『類編』には、越の高氏の妻がぼんやりしてうわごとを言い、亡夫の霊に取りつかれたとき、家で蒼朮を焚くと霊が逃げようとしたという話がある。『夷堅志』では女の妖に取りつかれた江西の男性に対し、霊が別れ際に「陰気に侵されて激しい下痢になるので、蒼朮を含み邪を除く平胃散を多く服すとよい」と告げる。

許叔微の『本事方』には自らの体験が記される。若いころ夜に左へ身を傾けて文章を書き、食べ物が左に落ち、夜中に酒を飲んでは左向きに寝たため、三十年にわたり飲癖を患った。数年後には飲んだ酒が左側へ落ちる音がし、脇の痛み、食欲減退、胸の不快感が生じ、酒も半杯しか飲めなくなった。十日余りごとに何升もの酸っぱい水を吐き、夏には右側だけ汗をかいた。名医や民間の処方を試し、一月余りは効いても再発した。天雄・附子・礬石などの補薬も、牽牛・甘遂・大戟などの利水薬も試した。自分の体内に水のたまる窪みのような袋があり、澄んだものは流れても濁ったものは滞り、五～七日で吐き出すのだろうと考えた。湿を嫌う脾を乾かし、土を盛って窪みを埋めるため、他の薬をすべてやめ、皮を除いて刻み粉にした蒼朮一斤、生の胡麻半両を水二碗で挽いて濾した汁、煮て皮と種を除いた大棗五十個を合わせ、梧桐の実ほどの丸薬にした。毎日空腹時に温かい湯で五十丸から始め、百～二百丸に増やした。桃、李、雀の肉を避け、三か月で病は治った。その後も服用を続け、嘔吐も痛みもなく、胸がすっきりして食事も元に戻り、夏には全身で汗をかき、灯火の下で細字も書けるようになった。最初に軽い乾燥感があれば山梔子の粉末を熱湯で飲んで解き、長く服せば乾燥感もなくなるという。","창출

【성미】매운맛·쓴맛, 따뜻하다.

【독성】무독성으로 기록되어 있다.

【귀경】비·위·간.

【효능】습을 말리고 비를 튼튼하게 하며 풍한을 몰아내고 눈을 돕는다.

【명칭과 기원】

이 약재는 고전 본초서에 여러 이명과 산지가 기록되어 있다. 약용 부위의 형태와 법제 방법에 따라 성질과 작용이 달라질 수 있다.

【고전 해설】

고전 의가들은 창출의 성미와 귀경을 바탕으로 위 효능을 설명했다. 임상에서는 병의 한열·허실과 환자의 체질을 살피고, 필요한 경우 다른 약재와 배합하여 사용한다."
UI_BOOK_ENTRY_TITLE_CHAI_HU,柴胡,柴胡,Bupleurum Root,柴胡,시호
UI_BOOK_ENTRY_BODY_CHAI_HU,"柴胡（茈胡）
【气味】味苦、辛，性微寒。
【毒性】无毒。
【归经】归肝、胆、肺经。
【主治】疏散退热，疏肝解郁，升举阳气。
【释名】地熏（《本经》）、芸蒿（《别录》）、山菜（《吴普》）、茹草（《吴普》）。

恭曰：茈，是古柴字。《上林赋》云茈姜，及《尔雅》云茈草，并作此茈字。此草根紫色，今太常用茈胡是也。又以木代系，相承呼为柴胡。且检诸本草无名此者。

时珍曰：茈字，有柴、紫二音。茈姜、茈草之茈，皆音紫；茈胡之茈，音柴。茈胡生山中，嫩则可茹，老则采而为柴，故苗有芸蒿、山菜、茹草之名，而根名柴胡也。苏恭之说殊欠明。古本张仲景《伤寒论》，尚作茈字也

【发明】
之才曰：茈胡，得茯苓、桔梗、大黄、石膏、麻子仁、甘草、桂。以水一斗，煮取四升入硝石三方寸匕，疗伤寒寒热头痛，心下烦满。

颂曰：张仲景治伤寒，有大、小柴胡，及柴胡加龙骨、柴胡加芒硝等汤，故后人治寒热，此为最要之药。

杲曰：能引清气而行阳道，伤寒外，诸有热则加之，无热则不加也。又能引胃气上行、升腾而行春令者，宜加之。又凡诸疟，以柴胡为君，随所发时所在经分，佐以引经之药。十二经疮疽中，须用柴胡以散诸经血结气聚，功与连翘同也。

好古曰：柴胡能去脏腑内外俱乏，既能引清气上行而顺阳道，又入足少阳。在经主气，在脏主血。证前行则恶热，却退则恶寒。惟气之微寒，味之薄者，故能行经。若佐以三棱、广术、巴豆之类，则能消坚积，是主血也。妇人经水适来适断，伤寒杂病，易老俱用小柴胡汤，加以四物之类，并秦艽、牡丹皮辈，为调经之剂。又言妇人产后血热必用之药也。

宗奭曰：柴胡，《本经》并无一字治劳，今人治劳方中鲜有不用者。呜呼﹗凡此误世甚多。尝原病劳，有一种其脏虚损，复受邪热，因虚而致劳，故曰劳者牢也，当须斟酌用之。如《经验方》中治劳热青蒿煎之用柴胡，正合宜尔，服之无不效，热去即须急止。若或无热，得此愈甚，虽至死，人亦不怨，目击甚多。《日华子》又谓补五劳七伤，《药性论》亦谓治劳乏羸瘦。若此等病，苟无实热，医者执而用之，不死何待？注释本草，一字亦不可忽。 盖万世之后，所误无穷，可不谨哉？如张仲景治寒热往来如疟状，用柴胡汤，正合其宜也。

时珍曰：劳有五劳，病在五脏。若劳在肝、胆、心，及包络有热，或少阳经寒热者，则柴胡乃手足厥阴、少阳必用之药；劳在脾胃有热，或阳气下陷，则柴胡乃引清气、退热必用之药；惟劳在肺、肾者，不用可尔。然东垣李氏言诸有热者，宜加之；无热，则不加。又言诸经之疟，皆以柴胡为君。十二经疮疽，须用柴胡以散结聚。则是肺疟、肾疟，十二经之疮，有热者皆可用之矣。但要用者精思病原，加减佐使可也。寇氏不分脏腑经络、有热无热，乃谓柴胡不治劳乏，一概摈斥，殊非通论。如《和剂局方》治上下诸血，龙脑鸡苏丸，用银柴胡浸汁熬膏之法，则世人知此意者鲜矣。按：庞元英《谈薮》云：张知 久病疟，热时如火，年余骨立。医用茸、附诸药，热益甚。召医官孙琳诊之。琳投小柴胡汤一帖，热减十之九，三服脱然。琳曰：此名劳疟，热从髓出，加以刚剂，气血愈亏，安得不瘦？盖热有在皮肤、在脏腑、在骨髓，非柴胡不可。若得银柴胡，只须一服；南方者力减，故三服乃效也。观此，则得用药之妙的矣。寇氏之说，可尽凭乎？","柴胡（茈胡）
【氣味】味苦、辛，性微寒。
【毒性】無毒。
【歸經】歸肝、膽、肺經。
【主治】疏散退熱，疏肝解鬱，升舉陽氣。
【釋名】地熏（《本經》）、芸蒿...","BUPLEURUM ROOT

[Taste and nature] Bitter and acrid; slightly cold.

[Toxicity] Recorded as non-toxic.

[Channels] Liver, Gallbladder and Lung.

[Actions] Disperses constrained exterior Heat and reduces fever; soothes the Liver and relieves constraint; raises clear Yang Qi.

[Names and origins]

Older names include Di Xun, Yun Hao, Shan Cai and Ru Cao.

Shizhen discusses the ancient character Zi, which could be read in different ways. He explains the name Chai Hu by noting that the plant grows in the mountains: its young shoots can be eaten, while older stems may be gathered as firewood. Early editions of the Treatise on Cold Damage still used the older written form.

[Historical commentary]

Zhice: An old combination of Bupleurum Root with Poria, Platycodon Root, Da Huang, Gypsum, Huo Ma Ren, Licorice Root and Gui was used for alternating chills and fever, headache and fullness below the Heart.

Song: Zhang Zhongjing's Major Bupleurum Decoction, Minor Bupleurum Decoction and related formulas made Bupleurum Root one of the key herbs for alternating chills and fever.

Gao: Bupleurum Root raises clear Qi and supports the upward movement of Yang. He advised adding it when Heat is present, but not when there is no Heat. It was also used in malaria-like disorders and to disperse Qi and blood constraint in sores and abscesses.

Haogu: Bupleurum Root enters the Shaoyang and helps clear constrained Qi from both the exterior and interior. In gynecological practice it was combined with blood-regulating herbs when menstrual irregularity or postpartum Heat occurred together with Shaoyang-type patterns.

Zongshi strongly cautioned against routine use in all forms of chronic exhaustion. He argued that Bupleurum Root is appropriate when deficiency is complicated by pathogenic Heat, but may worsen pure deficiency without Heat. Once the Heat is gone, it should be stopped.

Shizhen takes a more differentiated view: Bupleurum Root may be useful when chronic disorders involve Heat in the Liver, Gallbladder, Heart or Pericardium, Shaoyang alternating chills and fever, Spleen-Stomach Heat, or sinking of clear Yang. It should not be applied indiscriminately.

He also records a case of long-standing malaria-like fever and severe wasting that reportedly improved rapidly with Minor Bupleurum Decoction after warming tonics had worsened the Heat. The story illustrates the traditional principle that treatment depends on identifying the location and nature of Heat rather than treating weakness alone.","柴胡（茈胡）
【性味】苦・辛、微寒。
【毒性】無毒。
【帰経】肝経・胆経・肺経に帰する。
【主治】疏散退熱、疏肝解鬱、昇挙陽気。
【名称の由来】地熏（『神農本草経』）、芸蒿（『名医別録』）、山菜・茹草（『呉普本草』）。

蘇恭はいう。「茈」は古い「柴」の字で、『上林賦』の茈姜や『爾雅』の茈草にも同じ字を用いる。この草の根は紫色で、太常で用いる茈胡がこれである。後に字の一部を木に改めて柴胡と呼ぶようになった。他の本草に柴胡の名は見当たらない。

李時珍はいう。「茈」には柴と紫の二つの読みがある。茈姜・茈草では紫、茈胡では柴と読む。山に生え、若いうちは食べられ、老いると薪になるので、苗を芸蒿・山菜・茹草、根を柴胡と呼ぶ。蘇恭の説明は十分に明瞭でない。古い『傷寒論』でも茈の字を用いる。

【考証】
徐之才はいう。茈胡に茯苓、桔梗、大黄、石膏、麻子仁、甘草、桂を合わせ、水一斗で四升に煎じ、硝石三方寸匕を加えると、傷寒による寒熱、頭痛、心窩部の煩悶と張りを治す。

蘇頌はいう。張仲景には大柴胡湯、小柴胡湯、柴胡加竜骨湯、柴胡加芒硝湯などがあり、後世の寒熱治療で柴胡は特に重要な薬となった。

李杲はいう。清気を導いて陽の道を巡らせる。傷寒以外でも熱があれば加え、熱がなければ加えない。胃気を上に引き上げ、春の気のように昇らせたい場合にもよい。瘧には柴胡を君薬とし、発症の時刻と経絡に応じて引経薬を添える。十二経の瘡や癰では、経の血の結びと気の滞りを散らすため柴胡を使い、連翹と同じように働く。

王好古はいう。柴胡は臓腑の内外の不足を除き、清気を上げて陽の道を整え、足少陽にも入る。経絡では気、臓では血に働く。症状が進むと熱を嫌い、退くと寒を嫌う。気が微寒で味が薄いため経を巡る。三棱・莪朮・巴豆を佐薬とすれば硬い積を消すので、血にも働く。婦人の月経が来たばかり、あるいは止まったばかりの時の傷寒や雑病には、小柴胡湯に四物湯の薬、秦艽や牡丹皮などを加えて月経を整える処方にする。産後の血熱にも必要な薬という。

寇宗奭はいう。『神農本草経』には柴胡で虚労を治すとは一字もないのに、今の虚労の処方にはほぼ必ず用いられる。これは害が大きい。虚労の中には臓が虚損したうえで邪熱を受け、虚をきっかけに病むものがあるため、使用には吟味が要る。『経験方』の青蒿煎に柴胡を入れて虚労の熱を治すのは適切で、熱が去ればすぐ止めるべきだ。熱がないのに用いると悪化する例を多く見た。『日華子本草』は五労七傷を補うといい、『薬性論』は疲労や痩せを治すというが、実熱のない人へむやみに用いれば危うい。本草の注釈は一字たりとも軽んじられず、後世への影響を考え慎むべきだ。張仲景が瘧のような寒熱往来に柴胡湯を用いるのは適切である。

李時珍はいう。五労は五臓に関わる。肝・胆・心・心包に熱がある場合、または少陽経に寒熱がある場合、柴胡は手足の厥陰・少陽に必要となる。脾胃に熱がある場合や陽気が下に落ちる場合にも、清気を上げて熱を退けるため必要である。肺や腎に虚労があるだけなら使わなくてよい。しかし李杲は熱があれば加え、なければ加えず、各経の瘧では柴胡を君薬とし、十二経の瘡や癰でも結びを散らすという。つまり肺・腎に関わる瘧や瘡でも熱があれば使える。病の原因を深く考え、配合と量を調整すればよい。寇宗奭が臓腑や経絡、熱の有無を分けず、柴胡は虚労を治さないと一律に退けるのは妥当でない。『和剤局方』の竜脳鶏蘇丸は上下の出血を治すため銀柴胡の浸出液を煮詰めて膏とするが、この意味を知る人は少ない。

李時珍はさらに龐元英の『談藪』を引く。張知という人は一年余り瘧を患い、熱が出ると火のようで骨と皮だけに痩せた。医者が鹿茸や附子などを使うと熱は増し、孫琳が小柴胡湯を一服与えると熱は九割減り、三服で治った。孫琳は、これは骨髄から熱の出る労瘧で、強い温熱薬を加えるほど気血を損ない痩せるという。熱には皮膚、臓腑、骨髄にあるものがあり、柴胡が欠かせない。銀柴胡なら一服でよいが、南方産は力が弱いため三服を要した。これは用薬の妙を示し、寇氏の説だけに頼れないという。","시호

【성미】쓴맛·매운맛, 약간 차다.

【독성】무독성으로 기록되어 있다.

【귀경】간·담·폐.

【효능】울체된 표열을 흩어 열을 내리고 간기를 소통해 울체를 풀며 맑은 양기를 끌어올린다.

【명칭과 기원】

이 약재는 고전 본초서에 여러 이명과 산지가 기록되어 있다. 약용 부위의 형태와 법제 방법에 따라 성질과 작용이 달라질 수 있다.

【고전 해설】

고전 의가들은 시호의 성미와 귀경을 바탕으로 위 효능을 설명했다. 임상에서는 병의 한열·허실과 환자의 체질을 살피고, 필요한 경우 다른 약재와 배합하여 사용한다."
UI_BOOK_ENTRY_TITLE_CHE_QIAN_ZI,车前子,車前子,Plantain Seed,車前子,차전자
UI_BOOK_ENTRY_BODY_CHE_QIAN_ZI,"车前子（车前）
【气味】味甘，性寒。
【毒性】无毒。
【归经】归肝、肾、肺、小肠经。
【主治】清热利尿，渗湿止泻，明目，清肺化痰。
【释名】当道（《本经》）、芣苡（音浮以）、马舄（音昔）、牛遗（并《别录》）、牛舌（《诗疏》）、车轮菜（《救荒》）、地衣（《纲目》）、蛤蟆衣（《别录》）。

时珍曰︰按《尔雅》云︰芣苡，马舄。马舄，车前。陆玑《诗疏》云︰此草牛马迹中，故有车前、当道、马舄、牛遗之名。舄，足履也。幽州人谓之牛舌草。虾蟆喜藏伏于下，故江东称为虾蟆衣。又《韩诗外传》言︰直曰车前；瞿曰芣苡，恐亦强说也生于两旁者。

【发明】
弘景曰︰车前子性冷利，仙经亦服饵之，云令人身轻，能跳越岸谷，不老长生也。

颂曰︰车前子入药最多。驻景丸用车前、菟丝二物，蜜丸食下服，古今以为奇方也。

好古曰︰车前子，能利小便而不走气，与茯苓同功。

时珍曰︰按《神仙服食经》云︰车前一名地衣，雷之精也，服之形化，八月采之。今车前五月子已老，而云七八月者，地气有不同尔。唐《张籍诗》云︰开州午月，皆道有神。惭愧文君怜病眼，三千里外寄闲人。观此亦以五月采开州者为良，又可见其治目之功。大抵入服食，须佐他药，如六味地黄丸之用泽泻可也。若单用则泄太过，恐非久服之物。欧阳公常得暴下病，国医不能治。夫人买市人药一帖，进之而愈。力叩其方，则车前子一味为末，米饮服二钱匕。云此药利水道而不动气，水道利则清浊分，而谷藏自止矣。","車前子（車前）
【氣味】味甘，性寒。
【毒性】無毒。
【歸經】歸肝、腎、肺、小腸經。
【主治】清熱利尿，滲濕止瀉，明目，清肺化痰。
【釋名】當道（《本經》...","PLANTAIN SEED

[Taste and nature] Sweet; cold.

[Toxicity] Recorded as non-toxic.

[Channels] Liver, Kidney, Lung and Small Intestine.

[Actions] Clears Heat and promotes urination; leaches Dampness and helps stop diarrhea; benefits the eyes; clears Lung Heat and transforms phlegm.

[Names and origins]

Older names include Dang Dao, Fu Yi, Ma Xi, Niu Yi, Niu She, Che Lun Cai, Di Yi and Ha Ma Yi.

Shizhen explains that plantain often grows on paths and in places trampled by cattle and horses, which gave rise to names associated with roads, hoofprints and footwear. In some regions its broad leaves were compared with an ox tongue, while another folk name came from toads hiding beneath the leaves.

[Historical commentary]

Hongjing: The seeds are cold and promote elimination of fluids. Daoist longevity texts also attributed extraordinary lightness and longevity to long-term use, claims that belong to older religious tradition rather than ordinary medical practice.

Song: Plantain Seed appears in many prescriptions. One famous old formula, Halt the Image Pill, combined it with Cuscuta Seed and honey and was traditionally valued for the eyes.

Haogu: Plantain Seed promotes urination without excessively dispersing Qi, an action he compared with Poria.

Shizhen: Historical sources differed on the best harvest season, probably because plant development varies by region. Poetry from the Tang period also links the herb with treatment of eye disorders.

He cautions that, when used in long-term tonic regimens, it should be balanced with other herbs because using it alone may drain fluids too strongly. He records a case attributed to Ouyang Xiu in which sudden severe diarrhea reportedly responded to powdered Plantain Seed taken with rice water. The traditional explanation was that by opening the waterways, clear and turbid fluids separate and the diarrhea stops.","車前子（車前）
【性味】甘、寒。
【毒性】無毒。
【帰経】肝経・腎経・肺経・小腸経に帰する。
【主治】清熱利尿、滲湿止瀉、明目、清肺化痰。
【名称の由来】当道（『神農本草経』）、芣苡（音は浮以）、馬舄（音は昔）・牛遺（『名医別録』）、牛舌（『詩疏』）、車輪菜（『救荒本草』）、地衣（『本草綱目』）、蛤蟆衣（『名医別録』）。

李時珍はいう。『爾雅』では芣苡を馬舄、馬舄を車前とする。陸璣の『詩疏』によれば、牛馬の足跡のある道に生えるため、車前・当道・馬舄・牛遺の名がある。舄は履物の意味である。幽州では牛舌草、蛙が下に隠れるため江東では蛤蟆衣と呼ぶ。『韓詩外伝』の直立するものを車前、曲がったものを芣苡とする説明はこじつけかもしれない。原文末尾には「両側に生えるもの」と続くが、文脈が欠けている。

【考証】
陶弘景はいう。車前子は冷やして水を出す性質がある。仙人の書にも服用すれば体が軽くなり、谷を跳び越え、老いず長生きするとある。

蘇頌はいう。車前子は薬によく使われる。駐景丸は車前と菟糸子の二つを蜜丸にし、食後に服用するもので、古今の優れた処方とされる。

王好古はいう。車前子は気を消耗させずに排尿を促し、茯苓と似た働きをする。

李時珍はいう。『神仙服食経』には車前を地衣とも呼び、雷の精で、服用すると姿が変わり、八月に採るとある。実際は五月に種が熟すので、七～八月とするのは土地の気候の違いだろう。張籍の詩には、開州の五月に採った車前を、目の病を哀れんで遠くから送ると詠まれている。これも五月採りの開州産がよいことと、目への働きを示す。服食には六味地黄丸の沢瀉のように他薬と組み合わせるべきで、単独では排泄が強すぎ、長期服用には向かないだろう。欧陽公が突然の下痢を患い、宮中の医者でも治せなかったとき、夫人が市販の薬を買って与えると治った。尋ねると車前子だけを粉末にし、米のとぎ汁で二銭匕飲む処方だった。水の通りをよくしても気は動かさず、清濁が分かれれば下痢も自然に止まるという。","차전자

【성미】단맛, 차다.

【독성】무독성으로 기록되어 있다.

【귀경】간·신·폐·소장.

【효능】열을 내리고 소변을 잘 나오게 하며 습을 빼고 설사를 줄인다. 눈을 돕고 폐열을 내려 담을 삭인다.

【명칭과 기원】

이 약재는 고전 본초서에 여러 이명과 산지가 기록되어 있다. 약용 부위의 형태와 법제 방법에 따라 성질과 작용이 달라질 수 있다.

【고전 해설】

고전 의가들은 차전자의 성미와 귀경을 바탕으로 위 효능을 설명했다. 임상에서는 병의 한열·허실과 환자의 체질을 살피고, 필요한 경우 다른 약재와 배합하여 사용한다."
UI_BOOK_ENTRY_TITLE_CHEN_PI,陈皮,陳皮,Aged Tangerine Peel,陳皮,진피
UI_BOOK_ENTRY_BODY_CHEN_PI,"陈皮（橘）
【气味】味苦、辛，性温。
【毒性】无毒。
【归经】归脾、肺经。
【主治】理气健脾，燥湿化痰。
【释名】红皮（《汤液》）、陈皮（《食疗》）。

弘景曰︰橘皮疗气大胜。以东橘为好，西江者不如。须陈久者为良。

好古曰︰橘皮以色红日久者为佳，故曰红皮、陈皮。去白者曰橘红也。

【发明】
杲曰︰橘皮，气薄味浓，阳中之阴也。可升可降，为脾、肺二经气分药。留白则补脾胃，去白则理肺气；同白术则补脾胃，同甘草则补肺，独用则泻肺损脾。其体轻浮，一能导胸中寒邪，二破滞气，三益脾胃。加青皮减半用之，去滞气，推陈致新。但多用久服，能损元气也。

原曰︰橘皮，能散、能泻、能温、能补、能和，化痰治嗽，顺气理中，调脾快膈，通五淋，疗酒病，其功当在诸药之上。

时珍曰︰橘皮，苦能泄、能燥，辛能散，温能和。其治百病，总是取其理气燥湿之功。

同补药则补，同泻药则泻，同升药则升，同降药则降。脾乃元气之母，肺乃摄气之 ，故橘皮为二经气分之药，但随所配而补泻升降也。洁古张氏云︰陈皮、枳壳利其气而痰自下，盖此义也。同杏仁治大肠气秘，同桃仁治大肠血秘，皆取其通滞也。详见杏仁下。按方勺《泊宅编》云︰橘皮宽膈降气，消痰饮，极有殊功。他药贵新，惟此贵陈。外舅莫强中令丰城时得疾，凡食已辄胸满不下，百方不效。偶家人合橘红汤，因取尝之，似相宜，连日饮之。一日忽觉胸中有物坠下，大惊目瞪，自汗如雨。须臾腹痛，下数块如铁弹子，臭不可闻。自此胸次廓然，其疾顿愈，盖脾之冷积也。其方︰用橘皮（去穰）一斤，甘草、盐花各四两。水五碗，慢火煮干，焙研为末，白汤点服。名二贤散，治一切痰气特验。世医徒知半夏、南星之属，何足以语此哉？珍按︰二贤散，丹溪变之为润下丸，用治痰气有效。惟气实人服之相宜，气不足者不宜用之也。","陳皮（橘）
【氣味】味苦、辛，性溫。
【毒性】無毒。
【歸經】歸脾、肺經。
【主治】理氣健脾，燥濕化痰。
【釋名】紅皮（《湯液》）、陳皮（《食療》）。

...","AGED TANGERINE PEEL

[Taste and nature] Bitter and acrid; warm.

[Toxicity] Recorded as non-toxic.

[Channels] Spleen and Lung.

[Actions] Regulates Qi and strengthens the Spleen; dries Dampness and transforms phlegm.

[Names and origins]

Also called Hong Pi, 'red peel,' and Chen Pi, 'aged peel.'

Hongjing says aged tangerine peel is especially effective for disorders of Qi and that long aging improves its medicinal quality.

Haogu: The best peel is reddish and well aged, hence the names Hong Pi and Chen Pi. When the inner white pith is removed, the outer colored peel is called Ju Hong.

[Historical commentary]

Gao: Aged Tangerine Peel can both raise and descend Qi and acts on the Qi level of the Spleen and Lung. Keeping more of the white inner layer was traditionally associated with supporting the Spleen and Stomach, while removing it emphasized regulation of Lung Qi. Combined with White Atractylodes Rhizome it strengthens the middle; combined with Licorice Root it can support the Lung. Used excessively or for too long, however, its dispersing nature may weaken source Qi.

Yuan: Tangerine peel can disperse, drain, warm, support and harmonize. It transforms phlegm, relieves cough, regulates Qi, harmonizes the middle and eases fullness in the chest and diaphragm.

Shizhen: Its bitterness drains and dries, its acridity disperses, and its warmth harmonizes. Across its many traditional uses, the central actions are regulating Qi and drying Dampness.

Its effect changes with its partners: with tonics it assists tonification, with draining herbs it assists drainage, and with ascending or descending herbs it follows their direction. This flexibility explains its frequent use in Spleen and Lung formulas.

He cites Two Worthies Powder, made from tangerine peel, Licorice Root and salt, as an old remedy for phlegm and Qi constraint. A historical case describes severe post-meal chest fullness that reportedly resolved after prolonged use. Shizhen adds that such strongly Qi-moving formulas suit excess-type patients better than those with marked Qi deficiency.","陳皮（橘）
【性味】苦・辛、温。
【毒性】無毒。
【帰経】脾経・肺経に帰する。
【主治】理気健脾、燥湿化痰。
【名称の由来】紅皮（『湯液本草』）、陳皮（『食療本草』）。

陶弘景はいう。橘皮は気の病によく効き、東方産がよく、西江産はそれに劣る。長く保存したものを良品とする。

王好古はいう。赤みがあり、長く保存した橘皮がよいので紅皮・陳皮という。白い内側を除いたものを橘紅と呼ぶ。

【考証】
李杲はいう。橘皮は気が薄く味が濃く、陽の中の陰である。上げることも下げることもでき、脾・肺二経の気分に用いる。白い内側を残せば脾胃を補い、取り去れば肺気を整える。白朮と合わせれば脾胃を、甘草と合わせれば肺を補う。単独なら肺を瀉して脾を損なう。軽く浮く性質があり、胸中の寒邪を導いて除き、気滞を破り、脾胃を養う。青皮を半量加えれば滞った気を除いて新陳代謝を促すが、多量に長く服すと元気を傷つける。

原という人は、橘皮には散らす、瀉す、温める、補う、調和させる働きがあり、痰を除いて咳を治し、気を整えて中焦を調え、脾を整え胸のつかえを解き、五淋を通じ、酒による病を治すので、多くの薬に勝るという。

李時珍はいう。橘皮は苦味で瀉して乾かし、辛味で散らし、温性で調和させる。多くの病への働きは、結局、気を整え湿を乾かす点にある。

補薬と合わせれば補い、瀉薬と合わせれば瀉し、上げる薬と合わせれば上げ、下げる薬と合わせれば下げる。脾は元気の母で、肺は気を収める〔原文に欠字〕。このため橘皮は両経の気分に働き、配合に応じて補瀉と昇降が変わる。張潔古は陳皮と枳殻で気を巡らせれば痰も自然に下がると述べた。杏仁と合わせれば大腸の気滞による便秘、桃仁と合わせれば血滞による便秘に用いる。いずれも滞りを通す働きを利用し、詳細は杏仁の項にある。方勺の『泊宅編』によれば、橘皮は胸を広げ気を下げ、痰飲を除く力に優れる。他の薬は新しいものが重んじられるが、橘皮だけは古いものがよい。義父の莫強中が豊城の県令だったころ、食後にいつも胸が張って食物が下りず、どの処方も効かなかった。家人が橘紅湯を作ったので試すと具合がよく、数日飲み続けた。ある日突然、胸の中のものが落ちる感覚があり、驚いて目を見開き、雨のように汗をかいた。まもなく腹が痛んで鉄の弾ほどの塊を数個排出し、ひどい臭いがした。それ以来胸はすっきりし病も治った。脾の冷えた積滞だったのだろう。処方は白い内側を除いた橘皮一斤、甘草と塩の結晶を各四両、水五碗を弱火で煮詰め、乾かして粉末にし、白湯で飲む。二賢散といい、痰気に特に効く。世の医者が半夏・南星ばかり知るのは惜しい。李時珍はいう。朱丹溪は二賢散を潤下丸に変えて痰気に用い、効果を得た。ただし気が充実した人には向くが、気不足の人には適さない。","진피

【성미】쓴맛·매운맛, 따뜻하다.

【독성】무독성으로 기록되어 있다.

【귀경】비·폐.

【효능】기를 조절하고 비를 튼튼하게 하며 습을 말리고 담을 삭인다.

【명칭과 기원】

이 약재는 고전 본초서에 여러 이명과 산지가 기록되어 있다. 약용 부위의 형태와 법제 방법에 따라 성질과 작용이 달라질 수 있다.

【고전 해설】

고전 의가들은 진피의 성미와 귀경을 바탕으로 위 효능을 설명했다. 임상에서는 병의 한열·허실과 환자의 체질을 살피고, 필요한 경우 다른 약재와 배합하여 사용한다."
UI_BOOK_ENTRY_TITLE_CHEN_XIANG,沉香,沉香,Agarwood,沈香,침향
UI_BOOK_ENTRY_BODY_CHEN_XIANG,"沉香
【气味】味辛、苦，性微温。
【毒性】无毒。
【归经】归脾、胃、肾经。
【主治】行气止痛，温中止呕，纳气平喘。
【释名】沉水香（《纲目》）、蜜香（《南越志》）。

时珍曰︰木之心节置水则沉，故名沉水，亦曰水沉。半沉者为栈香，不沉者为黄熟香。

《南越志》言︰交州人称为蜜香，谓其气如蜜脾也。梵书名阿迦香。

【发明】","沉香
【氣味】味辛、苦，性微溫。
【毒性】無毒。
【歸經】歸脾、胃、腎經。
【主治】行氣止痛，溫中止嘔，納氣平喘。
【釋名】沈水香（《綱目》）、蜜香（《南...","AGARWOOD

[Taste and nature] Acrid and bitter; slightly warm.

[Toxicity] Recorded as non-toxic.

[Channels] Spleen, Stomach and Kidney.

[Actions] Moves Qi and relieves pain; warms the middle and stops vomiting; helps the Kidney grasp Qi and relieves wheezing.

[Names and origins]

Also called Chen Shui Xiang, 'sinking-in-water fragrance,' and Mi Xiang, 'honey fragrance.'

Shizhen: Dense resin-rich heartwood sinks when placed in water, which explains the name Chen Shui or Shui Chen. Wood that only partly sinks was classified separately, while lighter wood that floated was given another name.

The Nan Yue Zhi records the name Mi Xiang in Jiaozhou because its fragrance was compared with honey. Buddhist texts also preserve the transliterated name A Jia Xiang.

[Historical commentary]

The surviving entry here contains only the heading for this section and no additional commentary.","沈香
【性味】辛・苦、微温。
【毒性】無毒。
【帰経】脾経・胃経・腎経に帰する。
【主治】行気止痛、温中止嘔、納気平喘。
【名称の由来】沈水香（『本草綱目』）、蜜香（『南越志』）。

李時珍はいう。木の芯や節を水に入れると沈むため沈水香、または水沈という。半分沈むものは桟香、沈まないものは黄熟香と呼ぶ。

『南越志』によれば、交州の人は蜜香と呼ぶ。蜜の巣のような香りがするためである。梵語の書には阿迦香とある。

【考証】
原文には見出しのみで本文がない。","침향

【성미】매운맛·쓴맛, 약간 따뜻하다.

【독성】무독성으로 기록되어 있다.

【귀경】비·위·신.

【효능】기를 움직여 통증을 줄이고 중초를 따뜻하게 하여 구토를 멎게 한다. 신이 기를 받아들이게 하여 천식을 완화한다.

【명칭과 기원】

이 약재는 고전 본초서에 여러 이명과 산지가 기록되어 있다. 약용 부위의 형태와 법제 방법에 따라 성질과 작용이 달라질 수 있다.

【고전 해설】

고전 의가들은 침향의 성미와 귀경을 바탕으로 위 효능을 설명했다. 임상에서는 병의 한열·허실과 환자의 체질을 살피고, 필요한 경우 다른 약재와 배합하여 사용한다."
UI_BOOK_ENTRY_TITLE_CHI_SHAO,赤芍,赤芍,Red Peony Root,赤芍,적작약
UI_BOOK_ENTRY_BODY_CHI_SHAO,"赤芍（芍药）
【气味】苦，微寒。
【毒性】无毒。
【归经】归肝经。
【主治】清热凉血，散瘀止痛，清肝泻火。
【释名】将离（《纲目》）、犁食（《别录》）、白术（《别录》）、余容（《别录》）、铤（《别录》），白者名金芍药，赤者名木芍药（《图经》）。

时珍曰：芍药，犹约也。约，美好貌。此草花容婥约，故以为名。又《雅翼》言：制食之毒，莫良于芍，故得药名，亦通。

郑风诗云：伊其相谑，赠之以芍药。

《韩诗外传》云：芍药，离草也。董子云：芍药一名将离，故将别赠之。俗呼其花之千叶者，为小牡丹；赤者为木芍药，与牡丹同名也。

【发明】志曰：赤者，利小便下气；白者，止痛散血。

大明曰：赤者补气，白者补血。

弘景曰：赤者小利，俗方以止痛不减当归。白者道家亦服食之，及煮石用。

成无己曰：**白补而赤泻，白收而赤散。酸以收之，甘以缓之，故酸甘相合，用补阴血。收逆气而除肺燥。**又云：芍药之酸，敛津液而益营血，收阴气而泄邪热。

元素曰：**白补赤散，泻肝补脾胃。**酒浸行经，止中部腹痛；与姜同用，温经散湿通塞，利腹中痛，胃气不通。**白芍入脾经补中焦，乃下利必用之药。**盖泻利皆太阴病，故不可缺此。得炙甘草为佐，治腹中痛，夏月少加黄芩，恶寒加桂，此仲景神方也。其用凡六：安脾经，一也；治腹痛，二也；收胃气，三也；止泻痢，四也；和血脉，五也；固腠理，六也。

宗奭曰：芍药须用单叶红花者为佳，然血虚寒人禁之。古人云：减芍药以避中寒。诚不可忽。

震亨曰：芍药泻脾火，性味酸寒，冬月必以酒炒。凡腹痛多是血脉凝涩，亦必酒炒用。然止能治血虚腹痛，余并不治。为其酸寒收敛，无温散之功也。下痢腹痛必炒用，后重者不炒。产后不可用者，以其酸寒伐生发之气也。必不得已，亦酒炒用之。

时珍曰：白芍药益脾，能于土中泻木。赤芍药散邪，能行血中之滞。《日华子》言：赤补气，白治血，欠审矣。产后肝血已虚，不可更泻，故禁之。酸寒之药多矣，何独避芍药耶？以此杲曰：或言古人以酸涩为收，《本经》何以言利小便？曰：芍药能益阴滋湿而停津液，故小便自行，非因通利也。曰：又言缓中何也？曰：损其肝者缓其中，即调血也，故四物汤用芍药。大抵酸涩者为收敛停湿之剂，故主手足太阴经收敛之体，又能治血海而入于九地之下，后至厥阴经。白者色在西方，故补；赤者色在南方，故泻。","赤芍（芍藥）
【氣味】苦，微寒。
【毒性】無毒。
【歸經】歸肝經。
【主治】清熱涼血，散瘀止痛，清肝瀉火。
【釋名】將離（《綱目》）、犁食（《別錄》）、白...","RED PEONY ROOT

[Taste and nature] Bitter; slightly cold.

[Toxicity] Recorded as non-toxic.

[Channel] Liver.

[Actions] Clears Heat and cools the blood; disperses blood stasis and relieves pain; clears Liver Fire.

[Names and origins]

Older names include Jiang Li, Li Shi, Yu Rong and Ting. White-rooted peony and red-rooted peony were also distinguished by separate traditional names.

Shizhen connects the name Shao Yao with graceful beauty, referring to the flower's elegant appearance. Classical poetry also associates peony with parting and farewell, which gave rise to the name Jiang Li, 'about to separate.'

[Historical commentary]

Early authors disagreed on the exact differences between red and white peony root. Some described the red form as more draining and dispersing, and the white form as more nourishing and astringing.

Cheng Wuji summarized the distinction as: white peony supplements and gathers, while red peony drains and disperses. The sour quality of peony restrains fluids and supports the nutritive blood, while also helping clear pathogenic Heat.

Yuansu likewise emphasized that White Peony Root nourishes while Red Peony Root disperses. He described peony's traditional role in abdominal pain, diarrhea and regulation of the Spleen and blood, especially when combined with Licorice Root or warming herbs according to the pattern.

Zongshi cautioned against careless use in people with marked blood deficiency and Cold.

Zhenheng noted that peony's sour and cold nature can be too astringent in some abdominal pain patterns and described wine-processing as a way to modify its action.

Shizhen ultimately distinguishes the two by saying White Peony Root supports the Spleen and restrains excessive Liver activity, whereas Red Peony Root disperses pathogenic constraint and moves stagnation in the blood. He rejects oversimplified statements that reverse these roles and stresses pattern-based use.","赤芍（芍薬）
【性味】苦、微寒。
【毒性】無毒。
【帰経】肝経に帰する。
【主治】清熱涼血、散瘀止痛、清肝瀉火。
【名称の由来】将離（『本草綱目』）、犁食（『名医別録』）、白術（『名医別録』）、余容（『名医別録』）、鋌（『名医別録』）。白いものを金芍薬、赤いものを木芍薬という（『図経本草』）。

李時珍はいう。芍薬の「芍」は「約」に通じ、美しい姿を意味する。この草の花がたおやかで美しいため、そう名づけられた。また『雅翼』には、食物の毒を抑えるには芍薬に勝るものはないので薬の名を得たとあり、この解釈も通る。

『詩経』鄭風には、互いに戯れながら芍薬を贈ると詠まれている。

『韓詩外伝』には芍薬は離草であるとある。董子は芍薬を将離とも呼ぶため、別れ際に贈るのだという。花弁が重なるものを俗に小牡丹、赤いものを木芍薬と呼び、牡丹と名を共有する。

【考証】
志はいう。赤いものは尿を出し、気を下げる。白いものは痛みを止め、血の滞りを散らす。

大明はいう。赤いものは気を補い、白いものは血を補う。

陶弘景はいう。赤いものには軽い利尿作用があり、民間の処方では痛みを止める働きが当帰に劣らない。白いものは道家も服用し、石を煮る際にも使う。

成無己はいう。**白いものは補い、赤いものは瀉す。白は収め、赤は散らす。酸味で収斂し、甘味で緩めるため、酸甘を合わせて陰血を補う。逆上する気を収めて肺の燥を除く。**また、芍薬の酸味は津液を収斂して営血を養い、陰気を収めて邪熱を除くという。

張元素はいう。**白は補い、赤は散らし、肝を瀉して脾胃を補う。**酒に浸せば経を巡らせ、中部の腹痛を止める。生姜とともに用いれば経を温め、湿を散じて閉塞を通じさせ、腹痛や胃気の滞りに働く。**白芍は脾経に入り、中焦を補うため、下痢の治療に欠かせない。**下痢は太陰の病なので省けない。炙甘草を佐薬とすれば腹痛を治し、夏は黄芩を少量加え、悪寒には桂を加える。これは張仲景の優れた処方である。用途は六つある。脾経を安定させること、腹痛を治すこと、胃気を収めること、下痢や赤痢を止めること、血脈を調えること、皮膚のきめを固めることである。

寇宗奭はいう。芍薬は花弁が一重で赤いものがよい。ただし血虚で冷えのある人には禁ずる。古人が「中寒を避けるには芍薬を減らす」といったことを忘れてはならない。

朱震亨はいう。芍薬は脾の火を瀉し、酸味・寒性なので冬には必ず酒で炒る。腹痛の多くは血脈の凝りと滞りによるため、これも酒で炒って用いる。ただし血虚による腹痛にしか効かず、ほかの腹痛には用いない。酸寒で収斂し、温めて散らす働きがないためである。下痢と腹痛には炒って用い、しぶり腹には炒らない。産後に用いないのは酸寒が生発の気を損なうためで、やむを得ない場合も酒炒して用いる。

李時珍はいう。白芍薬は脾を養い、土の中の木を瀉す。赤芍薬は邪気を散らし、血中の滞りを巡らせる。『日華子本草』が赤は気を補い、白は血を治すとするのは十分に吟味されていない。産後には肝血がすでに虚しているため、さらに瀉してはならないので禁じる。酸寒の薬は多いのに芍薬だけを避けるのはなぜか。李杲は次のように答える。酸渋の薬は収めるといわれるのに、『神農本草経』に利尿とあるのはなぜか。芍薬は陰を養って潤いを増し、津液を保つため、尿が自然に出るのであり、通利させるためではない。また「中を緩める」とは何か。肝を抑えて中を緩める、すなわち血を調えることであり、四物湯に芍薬を用いるのもそのためである。おおむね酸渋のものは収斂して湿を留め、手足の太陰経の収斂に働き、血海を治して深部へ至り、最後に厥陰経に入る。白は西方の色なので補い、赤は南方の色なので瀉す。","적작약

【성미】쓴맛, 약간 차다.

【독성】무독성으로 기록되어 있다.

【귀경】간.

【효능】열을 내리고 혈을 식히며 어혈을 흩어 통증을 줄이고 간화를 맑힌다.

【명칭과 기원】

이 약재는 고전 본초서에 여러 이명과 산지가 기록되어 있다. 약용 부위의 형태와 법제 방법에 따라 성질과 작용이 달라질 수 있다.

【고전 해설】

고전 의가들은 적작약의 성미와 귀경을 바탕으로 위 효능을 설명했다. 임상에서는 병의 한열·허실과 환자의 체질을 살피고, 필요한 경우 다른 약재와 배합하여 사용한다."
UI_BOOK_ENTRY_TITLE_CHUAN_LIAN_ZI,川楝子,川楝子,Sichuan Chinaberry Fruit,川楝子,천련자
UI_BOOK_ENTRY_BODY_CHUAN_LIAN_ZI,"川楝子（楝）
【气味】味苦，性寒。
【毒性】小毒。
【归经】归肝、小肠、膀胱经。
【主治】疏肝泄热，行气止痛，杀虫。
【释名】苦楝（《图经》），实名金铃子（《侯氏药谱》）。

时珍曰︰按︰罗愿《尔雅翼》云︰楝叶可以练物，故谓之楝。其子如小铃，熟则黄色。名金铃，象形也。

【发明】
元素曰︰热厥暴痛，非此不能除。

时珍曰︰楝实，导小肠、膀胱之热，因引心包相火下行，故心腹痛及疝气为要药。甄权乃言不入汤使，则《本经》何以有治热狂、利小便之文耶？近方治疝，有四治、五治、七治诸法，盖亦配合之巧耳。","川楝子（楝）
【氣味】味苦，性寒。
【毒性】小毒。
【歸經】歸肝、小腸、膀胱經。
【主治】疏肝洩熱，行氣止痛，殺蟲。
【釋名】苦楝（《圖經》），實名金鈴子...","SICHUAN CHINABERRY FRUIT

[Taste and nature] Bitter; cold.

[Toxicity] Mildly toxic.

[Channels] Liver, Small Intestine and Bladder.

[Actions] Courses the Liver and drains Heat; moves Qi and relieves pain; expels parasites.

[Names and origins]

Also called Ku Lian. The fruit is known as Jin Ling Zi, 'golden bell fruit.'

Shizhen cites an explanation that the tree's leaves were once used in processing or cleansing materials, giving rise to the name Lian. Its ripe yellow fruit resembles a small bell, hence Jin Ling Zi.

[Historical commentary]

Yuansu: It is especially important for sudden severe pain associated with Heat.

Shizhen: The fruit was traditionally used to drain Heat from the Small Intestine and Bladder and to guide ministerial Fire downward. For that reason it became an important herb for abdominal pain and hernia-type pain associated with Heat and constrained Qi.

He disputes claims that it should never be used in decoction, pointing to older descriptions of its use for Heat agitation and difficult urination. Later hernia formulas used it in several different combinations, illustrating that its effect depends greatly on accompanying herbs.","川楝子（楝）
【性味】苦、寒。
【毒性】小毒。
【帰経】肝経・小腸経・膀胱経に帰する。
【主治】疏肝泄熱、行気止痛、殺虫。
【名称の由来】苦楝（『図経本草』）、果実は金鈴子（『侯氏薬譜』）。

李時珍はいう。羅願の『爾雅翼』によれば、楝の葉で物を洗えるため楝という。実は小さな鈴に似て熟すと黄色くなるので、形にちなみ金鈴と呼ぶ。

【考証】
張元素はいう。熱厥による突然の痛みは川楝子なしには除けない。

李時珍はいう。楝の実は小腸と膀胱の熱を導き、心包の相火を下へ引くので、胸腹の痛みや疝気に重要な薬である。甄権は煎じ薬に用いないというが、それなら『神農本草経』が熱による狂乱を治し排尿を促すと記すのはなぜか。近ごろの疝気の処方には四治・五治・七治などの方法があり、薬の組み合わせの巧みさによるものだ。","천련자

【성미】쓴맛, 차다.

【독성】약간의 독성이 있으므로 용량에 주의하여 사용한다.

【귀경】간·소장·방광.

【효능】간기를 소통하고 열을 내리며 기를 움직여 통증을 줄이고 기생충을 몰아낸다.

【명칭과 기원】

이 약재는 고전 본초서에 여러 이명과 산지가 기록되어 있다. 약용 부위의 형태와 법제 방법에 따라 성질과 작용이 달라질 수 있다.

【고전 해설】

고전 의가들은 천련자의 성미와 귀경을 바탕으로 위 효능을 설명했다. 임상에서는 병의 한열·허실과 환자의 체질을 살피고, 필요한 경우 다른 약재와 배합하여 사용한다."
UI_BOOK_ENTRY_TITLE_CHUAN_XIONG,川芎,川芎,Sichuan Lovage Rhizome,川芎,천궁
UI_BOOK_ENTRY_BODY_CHUAN_XIONG,"川芎（芎䓖）
【气味】味辛，性温。
【毒性】无毒。
【归经】归肝、胆、心包经。
【主治】活血行气，祛风止痛。
【释名】胡䓖（《别录》）、川芎（《纲目》）、香果（《别录》）、山鞠穷（《纲目》）。

时珍曰︰芎本作营，名义未详。或云︰人头穹窿穷高，天之象也。此药上行，专治头脑 诸疾，故有芎 之名。以胡戎者为佳，故曰胡芎。古人因其根节状如马衔，谓之马衔芎 。 后世因其状如雀脑，谓之雀脑芎。其出关中者，呼为京芎，亦曰西芎；出蜀中者，为川芎；出天台者，为台芎；出江南者，为抚芎，皆因地而名也。《左传》︰楚人谓萧人曰︰有麦曲乎？ 有山鞠穷乎？河鱼腹疾柰何？二物皆御湿，故以谕之。丹溪朱氏治六郁越鞠丸中用越桃、鞠 穷，故以命名。《金光明经》谓之 莫迦。

【发明】
宗奭曰︰今人用此最多，头面风不可缺也，然须以他药佐之。

元素曰︰川芎上行头目，下行血海，故清神及四物汤皆用之。能散肝经之风，治少阳厥 阴经头痛，及血虚头痛之圣药也。其用有四︰为少阳引经，一也；诸经头痛，二也；助清阳 之气，三也；去湿气在头，四也。

杲曰︰头痛必用川芎。如不愈，加各引经药︰太阳羌活，阳明白芷，少阳柴胡，太阴苍术，厥阴吴茱萸，少阴细辛，是也。

震亨曰︰郁在中焦，须抚芎开提其气以升之，气升则郁自降。故抚芎总解诸郁，直达三焦，为通阴阳气血之使。

时珍曰︰芎 ，血中气药也。肝苦急，以辛补之，故血虚者宜之。辛以散之，故气郁者宜之。《左传》言︰麦曲鞠穷御湿，治河鱼腹疾。予治湿泻每加二味，其应如响也。血痢已 通而痛不止者，乃阴亏气郁，药中加芎为佐，气行血调，其病立止。此皆医学妙旨，圆机之士，始可语之。

宗奭曰︰沈括《笔谈》云︰一族子旧服芎 ，医郑叔熊见之云︰芎 不可久服，多令人暴死。后族子果无疾而卒。又朝士张子通之妻，病脑风，服芎 甚久，一旦暴亡。皆目见者。 此皆单服既久，则走散真气。若使他药佐使，又不久服，中病便已，则焉能至此哉？ 虞搏曰︰骨蒸多汗，及气弱之人，不可久服。其性辛散，令真气走泄，而阴愈虚也。

时珍曰︰五味入胃，各归其本脏。久服则增气偏胜，必有偏绝，故有暴夭之患。若药具 五味，备四气，君臣佐使配合得宜，岂有此害哉？如芎 ，肝经药也。若单服既久，则辛喜 归肺，肺气偏胜，金来贼木，肝必受邪，久则偏绝，岂不夭亡？故医者贵在格物也。","川芎（芎藭）
【氣味】味辛，性溫。
【毒性】無毒。
【歸經】歸肝、膽、心包經。
【主治】活血行氣，祛風止痛。
【釋名】胡藭（《別錄》）、川芎（《綱目》）、...","SICHUAN LOVAGE RHIZOME

[Taste and nature] Acrid; warm.

[Toxicity] Recorded as non-toxic.

[Channels] Liver, Gallbladder and Pericardium.

[Actions] Invigorates blood and moves Qi; dispels Wind and relieves pain.

[Names and origins]

Older names include Hu Xiong, Xiang Guo and Shan Ju Qiong. Different regional varieties were named after their places of origin, including Jing Xiong, Xi Xiong, Sichuan Lovage Rhizome, Tai Xiong and Fu Xiong.

Shizhen records an old explanation linking the name with the herb's upward-moving action and its frequent use for disorders of the head and brain. Other names arose from the shape of the rhizome or from geographic origin.

[Historical commentary]

Zongshi: Sichuan Lovage Rhizome was already one of the most frequently used herbs for Wind disorders of the head and face, but should normally be combined with other medicines.

Yuansu: It rises to the head and eyes and descends to the 'sea of blood.' It is important for Shaoyang and Jueyin headaches, blood-deficiency headache, raising clear Yang and removing Dampness lodged in the head.

Gao: Sichuan Lovage Rhizome is a core herb for headache. When insufficient alone, he recommends adding herbs that guide treatment to the affected channel, such as Notopterygium Root for Taiyang, Angelica Dahurica Root for Yangming, Bupleurum Root for Shaoyang, Atractylodes Rhizome for Taiyin, Wu Zhu Yu for Jueyin and Asarum Herb for Shaoyin.

Zhenheng: When constraint is centered in the middle burner, Fu Xiong can raise and open Qi so that stagnation resolves. It was therefore used as a messenger that promotes movement of Qi and blood through the three burners.

Shizhen calls it a 'Qi medicine within the blood.' Its acridity disperses Qi constraint while its affinity for the Liver and blood makes it useful when blood movement is impaired. He describes using it as an assistant in persistent painful dysentery attributed to Qi constraint after the bowel obstruction had already cleared.

Zongshi and later authors caution against long-term use of Sichuan Lovage Rhizome by itself, especially in weak patients or those with deficiency Heat and heavy sweating, because its strongly dispersing nature may further exhaust Qi and Yin. Shizhen likewise stresses balanced formulas and appropriate duration rather than prolonged single-herb use.","川芎（芎䓖）
【性味】辛、温。
【毒性】無毒。
【帰経】肝経・胆経・心包経に帰する。
【主治】活血行気、祛風止痛。
【名称の由来】胡䓖（『名医別録』）、川芎（『本草綱目』）、香果（『名医別録』）、山鞠窮（『本草綱目』）。

李時珍はいう。「芎」の古字と名の由来は詳らかでない。頭が天の穹窿のように高く、この薬が上へ向かって頭の病を治すため芎䓖と名づけたともいう。胡の地のものがよいので胡芎、根の節が馬のくつわに似るので馬銜芎、雀の脳に似るので雀脳芎とも呼ぶ。関中産は京芎または西芎、蜀産は川芎、天台産は台芎、江南産は撫芎と、産地で名が変わる。『春秋左氏伝』では楚人が河魚を食べて腹を病んだ人に麦曲と山鞠窮を勧めた。二つとも湿を防ぐためである。朱丹溪の六鬱を治す越鞠丸は越桃と鞠窮を用いることから名づけられた。『金光明経』には莫迦とある。

【考証】
寇宗奭はいう。今ではよく用いられ、頭や顔の風の病には欠かせないが、ほかの薬を添える必要がある。

張元素はいう。川芎は上へ昇って頭と目に、下へ降りて血海に働く。清神の処方や四物湯に用いるのはそのためである。肝経の風を散らし、少陽・厥陰経の頭痛や血虚による頭痛に優れる。用途は四つあり、少陽経へ薬を導くこと、諸経の頭痛、清陽の気を助けること、頭の湿を除くことである。

李杲はいう。頭痛には川芎を必ず用い、治らなければ経絡に応じて薬を加える。太陽には羌活、陽明には白芷、少陽には柴胡、太陰には蒼朮、厥陰には呉茱萸、少陰には細辛である。

朱震亨はいう。鬱が中焦にあるときは撫芎で気を開いて上げれば、鬱は自然に下がる。撫芎は諸鬱を解いて三焦へ達し、陰陽・気血を通じさせる使薬となる。

李時珍はいう。芎䓖は血の中の気に働く薬である。肝は急な状態を嫌い、辛味で補うので血虚に適する。辛味は散らすので気鬱にもよい。『春秋左氏伝』は麦曲と鞠窮で湿を防ぎ、河魚による腹の病を治すと記す。私も湿による下痢には二味を加え、すぐに効いた。血痢が通じても痛みが残るのは陰の不足と気の鬱結によるため、芎を添えて気血を巡らせれば治まる。これらは医学の妙であり、柔軟に判断できる人にこそ語れる。

寇宗奭はいう。沈括の『夢渓筆談』には、一族の子が川芎を長く飲み、医者の鄭叔熊に長期服用は突然死を招くといわれた後、病気もないのに亡くなった話がある。また張子通の妻も頭部の風の病で長く服し、突然亡くなったという。いずれも見聞した例である。単独で長く服すと真気を散らしてしまう。他薬を添え、長く飲まず、効いた時点で止めればこうはならない。虞搏も骨蒸による多汗や気の弱い人には長く服させないという。辛味で散らす性質により真気を漏らし、陰虚を深めるためである。

李時珍はいう。五味は胃に入ってそれぞれの臓へ帰し、長く服せば一方の気が強くなって偏り、突然死の危険が生じる。五味と四気を備え、君臣佐使を適切に組み合わせれば、そのような害はない。川芎は肝経の薬だが、単独で長く飲むと辛味が肺へ集まり、肺の金が過剰となって肝の木を傷つけ、ついには命に関わる。医者は物事の理を見極めるべきである。","천궁

【성미】매운맛, 따뜻하다.

【독성】무독성으로 기록되어 있다.

【귀경】간·담·심포.

【효능】혈을 움직이고 기를 소통하며 풍을 몰아내 통증을 줄인다.

【명칭과 기원】

이 약재는 고전 본초서에 여러 이명과 산지가 기록되어 있다. 약용 부위의 형태와 법제 방법에 따라 성질과 작용이 달라질 수 있다.

【고전 해설】

고전 의가들은 천궁의 성미와 귀경을 바탕으로 위 효능을 설명했다. 임상에서는 병의 한열·허실과 환자의 체질을 살피고, 필요한 경우 다른 약재와 배합하여 사용한다."
UI_BOOK_ENTRY_TITLE_DA_FU_PI,大腹皮,大腹皮,Areca Husk,大腹皮,대복피
UI_BOOK_ENTRY_BODY_DA_FU_PI,"大腹皮（槟榔）
【气味】味辛，性微温。
【毒性】无毒。
【归经】归脾、胃、大肠、小肠经。
【主治】行气宽中，行水消肿。
【释名】宾门（李当之《药对》）、仁频（《上林赋》）、洗瘴丹（《候氏药谱》）。

时珍曰︰宾与郎皆贵客之称。稽含《南方草木状》言︰交广人凡贵胜族客，必先呈此果。若邂逅不设，用相嫌恨。则槟榔名义，盖取于此。雷《炮炙论》谓尖者为槟，圆者为榔，亦似强说。又颜师古注《上林赋》云︰仁频即槟榔也。诜曰︰闽中呼为橄榄子。

【发明】","大腹皮（檳榔）
【氣味】味辛，性微溫。
【毒性】無毒。
【歸經】歸脾、胃、大腸、小腸經。
【主治】行氣寬中，行水消腫。
【釋名】賓門（李當之《藥對》）、仁...","ARECA HUSK

[Taste and nature] Acrid; slightly warm.

[Toxicity] Recorded as non-toxic.

[Channels] Spleen, Stomach, Large Intestine and Small Intestine.

[Actions] Moves Qi and relieves fullness in the middle; promotes water movement and reduces swelling.

[Names and origins]

Older names associated with the areca fruit include Bin Men, Ren Pin and Xi Zhang Dan.

Shizhen explains the name Bin Lang through an old southern custom: in Jiaozhou and Guangzhou, honored guests were traditionally presented with areca fruit, and failing to offer it could be considered discourteous. Because both bin and lang could refer to honored guests, the social custom was used to explain the name.

He rejects as less convincing another old theory that pointed fruits were called bin and round fruits lang. Historical annotations also identify Ren Pin as another name for areca, while some regions used local names comparing the fruit with olives.

[Historical commentary]

The surviving entry here contains only the heading for this section and no additional commentary.","大腹皮（檳榔）
【性味】辛、微温。
【毒性】無毒。
【帰経】脾経・胃経・大腸経・小腸経に帰する。
【主治】行気寛中、行水消腫。
【名称の由来】賓門（李当之『薬対』）、仁頻（『上林賦』）、洗瘴丹（『侯氏薬譜』）。

李時珍はいう。「賓」も「郎」も大切な客の呼び名である。嵇含の『南方草木状』によれば、交州や広州では身分の高い客にまずこの果実を差し出し、偶然会っても出さなければ恨まれることがあった。檳榔の名はこれに由来する。雷斅の『炮炙論』は尖ったものを檳、丸いものを榔とするが、こじつけにも見える。顔師古は『上林賦』の仁頻を檳榔と注し、孟詵は福建では橄欖子と呼ぶという。

【考証】
原文には見出しのみで本文がない。","대복피

【성미】매운맛, 약간 따뜻하다.

【독성】무독성으로 기록되어 있다.

【귀경】비·위·대장·소장.

【효능】기를 움직여 중초의 팽만을 풀고 수액 운행을 촉진해 부기를 줄인다.

【명칭과 기원】

이 약재는 고전 본초서에 여러 이명과 산지가 기록되어 있다. 약용 부위의 형태와 법제 방법에 따라 성질과 작용이 달라질 수 있다.

【고전 해설】

고전 의가들은 대복피의 성미와 귀경을 바탕으로 위 효능을 설명했다. 임상에서는 병의 한열·허실과 환자의 체질을 살피고, 필요한 경우 다른 약재와 배합하여 사용한다."
UI_BOOK_ENTRY_TITLE_DA_ZAO,大枣,大棗,Jujube,大棗,대조
UI_BOOK_ENTRY_BODY_DA_ZAO,"大枣（枣）
【气味】味甘，性温。
【毒性】无毒。
【归经】归脾、胃、心经。
【主治】补中益气，养血安神，缓和药性。
【释名】干枣（《别录》）、美枣（《别录》）、良枣（《别录》）。

《别录》曰︰八月采，曝干。

瑞曰︰此即晒干大枣也。味最良美，故宜入药。今人亦有用胶枣之肥大者。

【发明】
弘景曰︰道家方药，以枣为佳饵。其皮利，肉补虚，所以合汤皆擘之也。

杲曰︰大枣气味俱浓，阳也。温以补不足，甘以缓阴血。

成无己曰︰邪在营卫者，辛甘以解之。故用姜、枣以和营卫，生发脾胃升腾之气。张仲景治奔豚，用大枣滋脾土以平肾气也。治水饮胁痛有十枣汤，益土而胜水也。

震亨曰︰枣属土而有火，味甘性缓。甘先入脾，补脾者未尝用甘。故今人食甘多者，脾必受病也。

时珍曰︰《素问》言枣为脾之果，脾病宜食之。谓治病和药，枣为脾经血分药也。若无故频食，则生虫损齿，贻害多矣。按王好古云︰中满者勿食甘，甘令人满。故张仲景建中汤心下痞者，减饧、枣，与甘草同例，此得用枣之方矣。又按许叔微《本事方》云︰一妇病脏燥悲泣不止，祈祷备至。予忆古方治此证用大枣汤，遂治，与服尽剂而愈。古人识病治方，妙绝如此。又陈自明《妇人良方》云︰程虎卿内人妊娠四、五个月，遇昼则惨戚悲伤，泪下数欠，如有所凭，医巫兼治皆无益。管伯周说︰先人曾语此，治须大枣汤乃愈。虎卿借方治药，一投而愈。方见下条。又《摘玄方》治此证，用红枣烧存性，酒服三钱，亦大枣汤变法也。","大棗（棗）
【氣味】味甘，性溫。
【毒性】無毒。
【歸經】歸脾、胃、心經。
【主治】補中益氣，養血安神，緩和藥性。
【釋名】乾棗（《別錄》）、美棗（《別錄...","JUJUBE

[Taste and nature] Sweet; warm.

[Toxicity] Recorded as non-toxic.

[Channels] Spleen, Stomach and Heart.

[Actions] Tonifies the middle and supports Qi; nourishes the blood and calms the spirit; moderates and harmonizes other herbs.

[Names and origins]

Older names include Gan Zao, Mei Zao and Liang Zao.

Supplementary Records of Famous Physicians records harvesting the fruit in the eighth lunar month and drying it in the sun.

Rui explains that these are simply dried mature jujubes. Their pleasant taste and substantial flesh made them suitable for medicinal use, and larger cultivated varieties were also used.

[Historical commentary]

Hongjing: In Daoist formulas, jujube was valued as a nourishing food-medicine. The skin was considered more dispersing while the flesh nourished deficiency, which is why whole fruits were often split before decoction.

Gao: Jujube has a rich Qi and flavor and belongs to Yang. Its warmth supplements deficiency, while its sweetness moderates and nourishes Yin and blood.

Cheng Wuji: When pathogens lodge between the nutritive and defensive levels, acrid and sweet herbs help harmonize them. Ginger and jujube are therefore paired to regulate Ying and Wei and support the Spleen and Stomach. Zhang Zhongjing also used jujube in formulas for running-piglet Qi and fluid retention.

Zhenheng cautioned that excessive sweetness can burden the Spleen and cause fullness.

Shizhen cites the Suwen calling jujube the fruit of the Spleen. He emphasizes its value both as a medicinal food and as a harmonizing ingredient, while warning that excessive habitual intake may damage the teeth and digestion.

He also records traditional use of Jujube Decoction for 'zang zao,' a condition described as recurrent sadness and crying, including pregnancy-associated cases in older gynecological texts.","大棗（棗）
【性味】甘、温。
【毒性】無毒。
【帰経】脾経・胃経・心経に帰する。
【主治】補中益気、養血安神、薬性の緩和。
【名称の由来】乾棗・美棗・良棗（『名医別録』）。

『名医別録』には八月に採って日に干すとある。瑞という人は、これが乾燥させた大棗で、味がよいため薬に適し、今は肥えた膠棗を使う人もいるという。

【考証】
陶弘景はいう。道家の薬では棗は服食に適し、皮には排出作用、果肉には虚を補う働きがある。そのため煎じ薬では割って用いる。

李杲はいう。大棗は気味がともに濃い陽の薬で、温性で不足を補い、甘味で陰血を緩める。

成無己はいう。邪が営衛にあるときは辛甘で解き、生姜と棗で営衛を調え、脾胃の上昇する気を生じさせる。張仲景が奔豚に大棗を用いたのは脾土を養って腎気を鎮めるためであり、水飲による脇の痛みに十棗湯を用いたのは土を益して水に勝つためである。

朱震亨はいう。棗は土に属して火を含み、甘く穏やかである。甘味は先に脾へ入るが、脾を補うために必ずしも甘味を使うわけではない。甘いものを多く食べると脾を病む。

李時珍はいう。『素問』は棗を脾の果実とし、脾の病に適すると説く。病の治療で薬を調和させる場合、棗は脾経の血分に用いる薬だが、理由なく頻繁に食べると虫が生じ歯を傷める。王好古は、腹が張る人は甘いものを避けるべきだという。甘味が腹の張りを生むため、張仲景も建中湯で心窩部につかえがあれば飴と棗を減らし、甘草も同様に扱う。これが正しい使い方である。許叔微の『本事方』には、臓燥で泣き続けた女性を古方の大棗湯で治した例がある。陳自明の『婦人良方』には、程虎卿の妻が妊娠四、五か月のころ、昼になると悲しみ涙を流し、医者や巫者でも治らなかったが、管伯周が勧めた大棗湯一服で治った例がある。処方は後の条に記す。『摘玄方』は赤い棗を焼いて炭化させ、三銭を酒で飲ませる。これも大棗湯の変法である。","대조

【성미】단맛, 따뜻하다.

【독성】무독성으로 기록되어 있다.

【귀경】비·위·심.

【효능】중초를 보하고 기를 도우며 혈을 자양하고 정신을 안정시킨다. 다른 약재를 조화시키고 완화한다.

【명칭과 기원】

이 약재는 고전 본초서에 여러 이명과 산지가 기록되어 있다. 약용 부위의 형태와 법제 방법에 따라 성질과 작용이 달라질 수 있다.

【고전 해설】

고전 의가들은 대조의 성미와 귀경을 바탕으로 위 효능을 설명했다. 임상에서는 병의 한열·허실과 환자의 체질을 살피고, 필요한 경우 다른 약재와 배합하여 사용한다."
UI_BOOK_ENTRY_TITLE_DAN_DOU_CHI,淡豆豉,淡豆豉,Fermented Soybean,淡豆豉,담두시
UI_BOOK_ENTRY_BODY_DAN_DOU_CHI,"淡豆豉（大豆豉）
【气味】味苦、辛，性凉。
【毒性】无毒。
【归经】归肺、胃经。
【主治】解表除烦，宣发郁热。
【释名】时珍曰︰按︰刘熙《释名》云︰豉，嗜也。调和五味，可甘嗜也。许慎《说文》谓豉为配盐幽菽者，乃咸豉也。

【发明】
弘景曰︰豉，食中常用。春夏之气不和，蒸炒以酒渍服之至佳。依康伯法，先以醋、酒溲蒸曝燥，麻油和，再蒸曝之，凡三过，末椒、姜治和进食，大胜今时油豉也。患脚人，常将渍酒饮之，以滓敷脚，皆瘥。

颂曰︰古今方书用豉治病最多，江南人善作豉，凡得时气，即先用葱豉汤服之取汗，往往便瘥也。

时珍曰︰陶说康伯豉法，见《博物志》，云原出外国，中国谓之康伯，乃传此法之姓名耳。其豉调中下气最妙。黑豆性平，作豉则温。既经蒸 ，故能升能散。得葱则发汗，得盐则能吐，得酒则治风，得薤则治痢，得蒜则止血，炒熟则又能止汗，亦麻黄根节之义也。","淡豆豉（大豆豉）
【氣味】味苦、辛，性涼。
【毒性】無毒。
【歸經】歸肺、胃經。
【主治】解表除煩，宣發鬱熱。
【釋名】時珍曰︰按︰劉熙《釋名》雲︰豉，嗜...","FERMENTED SOYBEAN

[Taste and nature] Bitter and acrid; cool.

[Toxicity] Recorded as non-toxic.

[Channels] Lung and Stomach.

[Actions] Releases the exterior, relieves restlessness and vents constrained Heat.

[Names and origins]

Shizhen discusses the character chi as referring to fermented soybean preparations used to harmonize flavors. Some older definitions specifically describe a salted variety, which differs from the lightly prepared medicinal form.

[Historical commentary]

Hongjing: Fermented soybeans were common in food. He describes an old method involving steaming, drying and soaking with wine or vinegar, then processing again with sesame oil, pepper and ginger. Such preparations were used both as food and medicine.

Song: Medical texts frequently used fermented soybeans. In Jiangnan, Scallion and Prepared Soybean Decoction, made with scallion and prepared soybean, was commonly taken at the early stage of externally contracted illness to induce mild sweating.

Shizhen: Processing changes the action of black soybeans. After steaming and fermentation, the preparation becomes more dispersing and upward-moving. Combined with scallion it promotes sweating; with salt it may induce vomiting; with wine it was traditionally used for Wind disorders; with garlic or chive it was paired for other conditions.

He stresses that Fermented Soybean is not simply food but a processed medicine whose effects depend strongly on preparation and combination.","淡豆豉（大豆豉）
【性味】苦・辛、涼。
【毒性】無毒。
【帰経】肺経・胃経に帰する。
【主治】解表除煩、鬱熱の発散。
【名称の由来】李時珍はいう。劉熙の『釈名』は「豉」を「嗜」と解し、五味を調えて好んで食べられるからだという。許慎の『説文解字』が塩と合わせて発酵させた豆というのは塩辛い豉である。

【考証】
陶弘景はいう。豉は日常の食べ物で、春夏に気の巡りが乱れたとき、蒸して炒り、酒に浸して飲むとよい。康伯の方法では酢と酒で湿らせて蒸し、干し、胡麻油を混ぜて再び蒸して干す。三度繰り返して胡椒と生姜の粉末を加えて食べれば、今の油豉より優れる。脚の病を患う人は酒に浸したものを飲み、残りを足に塗ると治るという。

蘇頌はいう。古今の処方で豉は多く用いられ、江南の人は製造に巧みである。流行性の病にかかるとまず葱豉湯で汗を出し、治ることが多い。

李時珍はいう。陶弘景の述べた康伯の製法は『博物志』にあり、外国から伝わったので中国では考案者の名で康伯と呼ぶ。豉は中焦を調え気を下げる。黒豆は平性だが豉にすれば温性となり、蒸して発酵させるため上昇・発散する。葱と合わせれば発汗し、塩となら嘔吐を促し、酒となら風を治し、薤となら下痢を治し、蒜となら止血する。炒れば逆に汗を止める。麻黄の根と節が茎と異なるのと同じ道理である。","담두시

【성미】쓴맛·매운맛, 서늘하다.

【독성】무독성으로 기록되어 있다.

【귀경】폐·위.

【효능】표를 풀고 번조를 줄이며 울체된 열을 밖으로 내보낸다.

【명칭과 기원】

이 약재는 고전 본초서에 여러 이명과 산지가 기록되어 있다. 약용 부위의 형태와 법제 방법에 따라 성질과 작용이 달라질 수 있다.

【고전 해설】

고전 의가들은 담두시의 성미와 귀경을 바탕으로 위 효능을 설명했다. 임상에서는 병의 한열·허실과 환자의 체질을 살피고, 필요한 경우 다른 약재와 배합하여 사용한다."
UI_BOOK_ENTRY_TITLE_DAN_NAN_XING,胆南星,膽南星,Bile-Processed Arisaema,胆南星,담남성
UI_BOOK_ENTRY_BODY_DAN_NAN_XING,"胆南星（虎掌）
【气味】味苦、微辛，性凉。
【毒性】有毒。
【归经】归肺、肝、脾经。
【主治】清热化痰，息风定惊。
【释名】虎膏（《纲目》）、鬼蒟蒻（《日华》）。

恭曰︰其根四畔有圆牙，看如虎掌，故有此名。

颂曰︰天南星即本草虎掌也，小者名由跋。古方多用虎掌，不言天南星。南星近出唐人中风痰毒方中用之，乃后人采用，别立此名尔。

时珍曰︰虎掌因叶形似之，非根也。南星因根圆白，形如老人星状，故名南星，即虎掌也。苏颂说甚明白。宋《开宝》不当重出南星条，今并入。

【发明】
时珍曰︰虎掌、天南星，乃手足太阴脾肺之药。味辛而麻，故能治风散血；气温而燥，故能胜湿除涎；性紧而毒，故能攻积拔肿而治口 舌糜。

杨士瀛《直指方》云︰诸风口噤，宜用南星，更以人参、石菖蒲佐之。","膽南星（虎掌）
【氣味】味苦、微辛，性涼。
【毒性】有毒。
【歸經】歸肺、肝、脾經。
【主治】清熱化痰，息風定驚。
【釋名】虎膏（《綱目》）、鬼蒟蒻（《日...","BILE-PROCESSED ARISAEMA

[Taste and nature] Bitter and slightly acrid; cool.

[Toxicity] Toxic.

[Channels] Lung, Liver and Spleen.

[Actions] Clears Heat and transforms phlegm; extinguishes Wind and calms convulsions.

[Names and origins]

The source plant appears in older texts under names such as Hu Zhang and Gui Ju Ruo.

Gong explains the name Hu Zhang, 'tiger's paw,' by comparing the plant's form with a paw.

Song notes that ancient prescriptions often used the name Hu Zhang rather than Tian Nan Xing. The name Nan Xing became common later, particularly in Tang-period formulas for Wind and phlegm.

Shizhen argues that the resemblance to a tiger's paw refers to the leaves rather than the root. He identifies Tian Nan Xing and Hu Zhang as the same medicinal source in the older literature.

[Historical commentary]

Shizhen: The raw source herb is acrid, numbing, warm, drying and toxic. Traditionally it was used to dispel Wind, dry Dampness, eliminate phlegm, reduce clumping and treat swelling.

The entry here is labeled Bile-Processed Arisaema, the bile-processed form, whose processing traditionally moderates the harshness of raw Nan Xing and shifts its use more toward Heat-phlegm and Wind-phlegm patterns.

Yang Shiying records the use of Nan Xing for Wind disorders with clenched jaw, assisted by Ginseng Root and Acorus Rhizome in appropriate formulas.","胆南星（虎掌）
【性味】苦・やや辛、涼。
【毒性】有毒。
【帰経】肺経・肝経・脾経に帰する。
【主治】清熱化痰、息風定驚。
【名称の由来】虎膏（『本草綱目』）、鬼蒟蒻（『日華子本草』）。

蘇恭はいう。根の周囲に丸い芽があり、虎の足に似るので虎掌と呼ぶ。蘇頌はいう。天南星は古い本草の虎掌で、小さいものは由跋と呼ぶ。古い処方には虎掌とあり、天南星の名は後世、唐代の中風や痰毒の処方に使われるようになってから付いた。

李時珍はいう。虎掌は根でなく葉が虎の足に似るための名である。根が丸く白く老人星のようなので南星といい、虎掌と同じものである。蘇頌の説明は明らかなのに、宋代の『開宝本草』は南星を重ねて別項目にしたので、ここで一つにまとめる。

【考証】
李時珍はいう。虎掌・天南星は手足の太陰、つまり脾と肺に働く薬である。辛く舌がしびれる味は風を治して血を散らし、温かく乾かす性質は湿や涎を除き、強く有毒な性質は積滞を攻め腫れを引かせ、口や舌のただれに働く。

楊士瀛の『直指方』には、風の病で口が開かないときに南星を用い、人参と石菖蒲を佐薬にするとある。","담남성

【성미】쓴맛·약간 매운맛, 서늘하다.

【독성】생용 시 독성이 있으므로 법제와 용량에 주의한다.

【귀경】폐·간·비.

【효능】열을 내리고 담을 삭이며 풍을 끄고 경련을 안정시킨다.

【명칭과 기원】

이 약재는 고전 본초서에 여러 이명과 산지가 기록되어 있다. 약용 부위의 형태와 법제 방법에 따라 성질과 작용이 달라질 수 있다.

【고전 해설】

고전 의가들은 담남성의 성미와 귀경을 바탕으로 위 효능을 설명했다. 임상에서는 병의 한열·허실과 환자의 체질을 살피고, 필요한 경우 다른 약재와 배합하여 사용한다."
UI_BOOK_ENTRY_TITLE_DAN_PI,丹皮,丹皮,Moutan Cortex,丹皮,목단피
UI_BOOK_ENTRY_BODY_DAN_PI,"丹皮（牡丹）
【气味】味苦、辛，性微寒。
【毒性】无毒。
【归经】归心、肝、肾经。
【主治】清热凉血，活血化瘀，退虚热。
【释名】鼠姑（《本经》）、鹿韭（《本经》）、百两金（《唐本》）、木芍药（《纲目》）、花王（《洛阳名园记》）。

时珍曰︰牡丹，以色丹者为上，虽结子而根上生苗，故谓之牡丹。唐人谓之木芍药，以其花似芍药，而宿干似木也。群花品中，以牡丹第一，芍药第二，故世谓牡丹为花王，芍药为花相。欧阳修《花谱》所载，凡三十馀种。其名或以地，或以人，或以色，或以异，详见本书。

【发明】
元素曰︰牡丹乃天地之精，为群花之首。叶为阳，发生也；花为阴，成实也。 丹者赤色，火也。故能泻阴胞中之火。四物东加之，治妇人骨蒸。又曰︰牡丹皮入手厥阴、足少阴，故治无汗之骨蒸；地骨皮入足少阴、手少阳，故治有汗之骨蒸。神不足者手少阴，志不足者足少阴，故仲景肾气丸用之，治神志不足也。又能治肠胃积血，及吐血、衄血，必用之药，故犀角地黄汤用之。

杲曰︰心虚，肠胃积热，心火炽甚，心气不足者，以牡丹皮为君。

时珍曰︰牡丹皮治手、足少阴、厥阴四经血分伏火。盖伏火即阴火也，阴火即相火也。 古方惟以此治相火，故仲景肾气丸用之。后人乃专以黄柏治相火，不知牡丹之功更胜也。此乃千载秘奥，人所不知，今为拈出。赤花者利，白花者补，人亦罕悟，宜分别之。","丹皮（牡丹）
【氣味】味苦、辛，性微寒。
【毒性】無毒。
【歸經】歸心、肝、腎經。
【主治】清熱涼血，活血化瘀，退虛熱。
【釋名】鼠姑（《本經》）、鹿韭（...","MOUTAN CORTEX

[Taste and nature] Bitter and acrid; slightly cold.

[Toxicity] Recorded as non-toxic.

[Channels] Heart, Liver and Kidney.

[Actions] Clears Heat and cools the blood; invigorates blood and resolves stasis; reduces deficiency Heat.

[Names and origins]

Older names include Shu Gu, Lu Jiu, Bai Liang Jin, Mu Shao Yao and Hua Wang, 'King of Flowers.'

Shizhen notes that the red-flowered peony was especially prized. In the Tang dynasty it was called Mu Shao Yao because its flower resembles peony while its perennial stem is woody. Its high cultural status led to the title 'King of Flowers.'

[Historical commentary]

Yuansu: Moutan Cortex was traditionally associated with clearing hidden Fire from the Yin and blood levels. It was added to blood-nourishing formulas for gynecological deficiency Heat and used in formulas for bone-steaming fever without sweating.

He also notes its use for accumulated blood in the intestines and Stomach, as well as vomiting blood and nosebleeds; this helps explain its inclusion in classical blood-cooling formulas.

Gao: Moutan Cortex may serve as a principal herb when blazing Heart Fire and accumulated internal Heat coexist with deficiency.

Shizhen: Moutan Cortex treats latent Fire in the blood level of the Shaoyin and Jueyin systems. He argues that older physicians relied on it more broadly for ministerial Fire than many later practitioners did.

He also preserves an old distinction claiming red-flowered forms were more draining while white-flowered forms were more nourishing, though such distinctions belong to historical materia medica theory.","牡丹皮（牡丹）
【性味】苦・辛、微寒。
【毒性】無毒。
【帰経】心経・肝経・腎経に帰する。
【主治】清熱涼血、活血化瘀、虚熱を退ける。
【名称の由来】鼠姑・鹿韭（『神農本草経』）、百両金（『唐本草』）、木芍薬（『本草綱目』）、花王（『洛陽名園記』）。

李時珍はいう。牡丹は赤いものを最上とする。種を結んでも根から新しい芽が生じるため牡丹という。唐の人は花が芍薬に似て幹が木質になるため木芍薬と呼んだ。花の品種の中では牡丹を第一、芍薬を第二とし、花王・花相と呼ぶ。欧陽脩の『花譜』には三十余種があり、産地、人、色、特徴から名づけられたものがある。

【考証】
張元素はいう。牡丹は天地の精で花の首位にある。葉は陽で発生、花は陰で結実を表し、丹の赤は火なので、陰胞の火を瀉す。四物湯に加えて女性の骨蒸を治す。牡丹皮は手厥陰と足少陰に入り、汗のない骨蒸に、地骨皮は足少陰と手少陽に入り、汗を伴う骨蒸に用いる。心神の不足は手少陰、志の不足は足少陰に関わるため、張仲景の腎気丸は牡丹皮を用いて神志の不足を治す。また腸胃の古い血の滞り、吐血、鼻血にも欠かせず、犀角地黄湯に含まれる。

李杲はいう。心が虚し、腸胃に熱が積もり、心火が盛んで心気が足りない場合、牡丹皮を君薬とする。

李時珍はいう。牡丹皮は手足の少陰・厥陰の四経に潜む血分の火を治す。潜伏した火は陰火、陰火は相火である。古方では相火にこれを用い、張仲景の腎気丸にも入る。後世は黄柏ばかり使うが、牡丹皮の働きはさらに優れる。赤い花は排泄させ、白い花は補う。これを理解して分けるべきである。","목단피

【성미】쓴맛·매운맛, 약간 차다.

【독성】무독성으로 기록되어 있다.

【귀경】심·간·신.

【효능】열을 내리고 혈을 식히며 혈을 움직여 어혈을 풀고 허열을 줄인다.

【명칭과 기원】

이 약재는 고전 본초서에 여러 이명과 산지가 기록되어 있다. 약용 부위의 형태와 법제 방법에 따라 성질과 작용이 달라질 수 있다.

【고전 해설】

고전 의가들은 목단피의 성미와 귀경을 바탕으로 위 효능을 설명했다. 임상에서는 병의 한열·허실과 환자의 체질을 살피고, 필요한 경우 다른 약재와 배합하여 사용한다."
UI_BOOK_ENTRY_TITLE_DAN_SHEN,丹参,丹參,Red Sage Root,丹参,단삼
UI_BOOK_ENTRY_BODY_DAN_SHEN,"丹参
【气味】味苦，性微寒。
【毒性】无毒。
【归经】归心、肝经。
【主治】活血祛瘀，通经止痛，清心除烦，凉血消痈。
【释名】赤参（《别录》）、山参（《日华》）、 蝉草（《本经》）、木羊乳（《吴普》）、逐马（弘景）、奔马草（《四声》）。

时珍曰︰五参五色配五脏。故人参入脾，曰黄参；沙参入肺，曰白参；玄参入肾，曰黑参；牡蒙入肝，曰紫参；丹参入心，曰赤参。其苦参，则右肾命门之药也。古人舍紫参而称苦参，未达此义尔。炳曰︰丹参治风软脚，可逐奔马，故名奔马草。曾用，实有效。

【发明】
时珍曰︰丹参色赤味苦，气平而降，阴中之阳也。入手少阴、厥阴之经，心与包络血分药也。按︰《妇人明理论》云︰四物汤治妇人病，不问产前、产后，经水多少，皆可通用。惟一味丹参散，主治与之相同。盖丹参能破宿血，补新血，安生胎，落死胎，止崩中带下，调经脉，其功大类当归、地黄、芎 、芍药故也。","丹參
【氣味】味苦，性微寒。
【毒性】無毒。
【歸經】歸心、肝經。
【主治】活血祛瘀，通經止痛，清心除煩，涼血消癰。
【釋名】赤參（《別錄》）、山參（《日...","RED SAGE ROOT

[Taste and nature] Bitter; slightly cold.

[Toxicity] Recorded as non-toxic.

[Channels] Heart and Liver.

[Actions] Invigorates blood and dispels stasis; regulates menstruation and relieves pain; clears the Heart and restlessness; cools the blood and reduces abscesses.

[Names and origins]

Older names include Chi Shen, Shan Shen, Chan Cao, Mu Yang Ru, Zhu Ma and Ben Ma Cao.

Shizhen discusses an old system that matched different 'shen' herbs and colors with the five organs. Red Sage Root, being red, was associated with the Heart and therefore also called Chi Shen.

One old explanation for the name Ben Ma Cao claims the herb was used for weakness of the legs and could restore movement so effectively that one could 'chase a running horse.'

[Historical commentary]

Shizhen: Red Sage Root is red in color and bitter in taste, with a descending action. It enters the blood level of the Heart and Pericardium.

He cites an old gynecological text stating that a single-herb Red Sage Root powder could, in some contexts, perform functions similar to Four-Substance Decoction. Historically it was credited with removing old blood stasis, supporting generation of new blood, regulating menstruation, treating abnormal uterine bleeding and vaginal discharge, and managing certain pregnancy-related blood disorders.

Because of these actions, Shizhen compares its overall blood-regulating role with that of Chinese Angelica Root, Di Huang, Sichuan Lovage Rhizome and Shao Yao.","丹参
【性味】苦、微寒。
【毒性】無毒。
【帰経】心経・肝経に帰する。
【主治】活血祛瘀、通経止痛、清心除煩、涼血消癰。
【名称の由来】赤参・蝉草（『名医別録』『神農本草経』）、山参（『日華子本草』）、木羊乳（『呉普本草』）、逐馬（陶弘景）、奔馬草（『四声本草』）。

李時珍はいう。五つの参には五色と五臓が対応し、人参は脾に入る黄参、沙参は肺に入る白参、玄参は腎に入る黒参、牡蒙は肝に入る紫参、丹参は心に入る赤参である。苦参は右腎の命門の薬だ。古人が紫参を外し苦参を数えたのは、この意味を知らなかったためである。炳という人は丹参が風による足の弱りを治し、走る馬に追いつけるため奔馬草と名づけたといい、実際に使って効いたという。

【考証】
李時珍はいう。丹参は赤く苦く、気は平らかで下へ向かい、陰中の陽である。手少陰・厥陰に入り、心と心包の血分に働く。『婦人明理論』によれば、四物湯は妊娠前・産後や月経量の多少を問わず女性の病に広く用いるが、丹参一味の散剤も同じような主治を持つ。古い血を除き新しい血を補い、生きた胎児を安定させ、死胎を排出し、子宮出血や帯下を止め、月経を調えるからであり、当帰・地黄・川芎・芍薬に似た働きがある。","단삼

【성미】쓴맛, 약간 차다.

【독성】무독성으로 기록되어 있다.

【귀경】심·간.

【효능】혈을 움직이고 어혈을 풀며 월경을 조절하고 통증을 줄인다. 심을 맑히고 번조를 줄이며 혈열과 종창을 다스린다.

【명칭과 기원】

이 약재는 고전 본초서에 여러 이명과 산지가 기록되어 있다. 약용 부위의 형태와 법제 방법에 따라 성질과 작용이 달라질 수 있다.

【고전 해설】

고전 의가들은 단삼의 성미와 귀경을 바탕으로 위 효능을 설명했다. 임상에서는 병의 한열·허실과 환자의 체질을 살피고, 필요한 경우 다른 약재와 배합하여 사용한다."
UI_BOOK_ENTRY_TITLE_DANG_GUI,当归,當歸,Chinese Angelica Root,当帰,당귀
UI_BOOK_ENTRY_BODY_DANG_GUI,"当归
【气味】味甘、辛，性温。
【毒性】无毒。
【归经】归肝、心、脾经。
【主治】补血活血，调经止痛，润肠通便。
【释名】乾归（《本经》）、山蕲（《尔雅》）、白蕲（《尔雅》）、文无（《纲目》）。

颂曰︰按而粗大。许慎《说文》云︰生山中者，名薜，一名山蕲。然则当归，芹类也。在平地者名芹，生山中粗大者，名当归也。

宗奭曰︰今川蜀皆以畦种，尤肥好多脂，不以平地、山中为等差也。

时珍曰︰当归本非芹类，特以花叶似芹，故得芹名。古人娶妻为嗣续也，当归调血为女人要药，有思夫之意，故有当归之名，正与唐诗胡麻好种无人种，正是归时又不归之旨相同。崔豹《古今注》云，古人相赠以芍药，相招以文无。文无一名当归，芍药一名将离，故也。

承曰︰当归治妊妇产后恶血上冲，仓猝取效。气血昏乱者，服之即定。能使气血各有所归，恐当归之名必因此出也。

【发明】
权曰︰患人虚冷者，加而用之。

承曰︰世俗多谓惟能治血，而《金匮》、《外台》、《千金》诸方皆为大补不足、决取立效之药。古方用治妇人产后恶血上冲，取效无急于此。凡气血昏乱者，服之即定。可以补虚，备产后要药也。

宗奭曰︰《药性论》补女子诸不足一说，尽当归之用矣。成无己曰︰脉者血之府，诸血皆属心。凡通脉者，必先补心益血。故张仲景治手足厥寒、脉细欲绝者，用当归之苦温以助心血。

元素曰︰其用有三︰一，心经本药；二，和血；三，治诸病夜甚。凡血受病，必须用之。血壅而不流则痛，当归之甘温能和血，辛温能散内寒，苦温能助心散寒，使气血各有所归。

好古曰︰入手少阴，以其心生血也。入足太阴，以其脾裹血也。入足厥阴，以其肝藏血也。头，能破血；身，能养血，尾能行血。全用，同人参、黄耆，则补气而生血；同牵牛、大治头痛，诸痛皆属木，故以血药主之。

机曰︰治头痛，酒煮服清，取其浮而上也。治心痛，酒调末服，取其浊而半沉半浮也。治小便出血，用酒煎服，取其沉入下极也。自有高低之分如此。王海藏言当归血药，如何治胸中咳逆上气？按当归其味辛散，乃血中气药也。况咳逆上气，有阴虚阳无所附者，故用血药补阴，则血和而气降矣。

韩𢘅曰︰当归主血分之病。川产力刚可攻，秦产力柔宜补。凡用，本病宜酒制，有痰以姜制，导血归源之理。血虚以人参、石脂为佐，血热以生地黄、条芩为佐，不绝生化之源。血积配以大黄。要之，血药不容舍当归。故古方四物汤以为君，芍药为臣，地黄为佐，芎为使也。","當歸
【氣味】味甘、辛，性溫。
【毒性】無毒。
【歸經】歸肝、心、脾經。
【主治】補血活血，調經止痛，潤腸通便。
【釋名】乾歸（《本經》）、山蘄（《爾雅》...","CHINESE ANGELICA ROOT

[Taste and nature] Sweet and acrid; warm.

[Toxicity] Recorded as non-toxic.

[Channels] Liver, Heart and Spleen.

[Actions] Nourishes and invigorates blood; regulates menstruation and relieves pain; moistens the intestines and promotes bowel movements.

[Names and origins]

Older names include Qian Gui, Shan Qi, Bai Qi and Wen Wu.

Some early authors compared the plant with celery because its foliage resembles that family, though Shizhen argues that Chinese Angelica Root is not truly a celery species.

The name Dang Gui, literally 'ought to return,' attracted several traditional explanations. One links it with women's blood and the wish for an absent husband to return. Another says the herb restores disordered Qi and blood to their proper places.

[Historical commentary]

Quan: It is especially useful when deficiency is accompanied by Cold.

Cheng: Although widely thought of mainly as a blood herb, classical formulas also use Chinese Angelica Root to supplement deficiency more generally. It was particularly valued after childbirth when disordered blood surged upward or Qi and blood became chaotic.

Cheng Wuji: Since the vessels depend on blood and blood belongs to the Heart, restoring circulation often requires nourishing Heart blood. Zhang Zhongjing therefore used Chinese Angelica Root for cold extremities with a fine, nearly disappearing pulse.

Yuansu summarizes three major functions: it is an important Heart-channel herb, it harmonizes blood, and it is useful when blood disorders worsen at night. Its sweet warmth nourishes, its acrid warmth disperses Cold, and together these actions restore movement.

Haogu relates it to Heart, Spleen and Liver because the Heart generates blood, the Spleen contains it and the Liver stores it. Traditional processing also distinguished different parts of the root, attributing somewhat different blood-moving or nourishing actions to the head, body and tail.

Later physicians described wine-processing to enhance upward or blood-moving action and ginger-processing when phlegm was present. In formulas, Chinese Angelica Root is frequently combined with Ginseng Root or Astragalus Root for Qi and blood deficiency, Fresh Rehmannia Root or Scutellaria Root for blood Heat, and Da Huang when blood stasis is pronounced.

Its central importance is reflected in Four-Substance Decoction, where Chinese Angelica Root is one of the core herbs for nourishing and regulating blood.","当帰
【性味】甘・辛、温。
【毒性】無毒。
【帰経】肝経・心経・脾経に帰する。
【主治】補血活血、調経止痛、潤腸通便。
【名称の由来】乾帰（『神農本草経』）、山蕲・白蕲（『爾雅』）、文無（『本草綱目』）。

蘇頌はいう。許慎の『説文解字』では山に生えるものを薜、または山蕲と呼ぶ。したがって当帰は芹の仲間で、平地のものは芹、山の大きなものは当帰だという。原文冒頭には「太く大きい」とだけあり前文が欠ける。

寇宗奭はいう。今は四川などで畑に栽培し、肥えて油分が多い。平地か山かで優劣は決められない。

李時珍はいう。当帰は本来芹の仲間ではないが、花や葉が似るため芹の名を得た。古人は子を残すため妻を娶る。当帰は血を調える女性の要薬で、夫の帰りを思う意味からこの名がある。古い詩の「帰る時なのに帰らない」という意味とも通じる。崔豹の『古今注』によれば、古人は芍薬を贈って別れ、文無を贈って招いた。文無は当帰、芍薬は将離とも呼ぶ。寇宗奭はいう。妊婦や産後に悪い血が上へ突き上げ気血が乱れたとき、当帰は速やかに効く。気血をあるべき場所に帰すことから名づけられたのかもしれない。

【考証】
甄権はいう。虚して冷える患者には加えて用いる。

寇宗奭はいう。世間では血だけを治すというが、『金匱要略』『外台秘要』『千金方』では不足を大いに補い速効を得る薬とされる。産後の悪血の逆上や気血の乱れには特に速く働き、虚を補う産後の要薬である。

寇宗奭はさらにいう。『薬性論』の「女性の諸々の不足を補う」という一言に、当帰の用途は尽きる。成無己は、脈は血の府で、すべての血は心に属するため、脈を通すにはまず心と血を補うという。張仲景が手足の強い冷え、細く途切れそうな脈に当帰を使うのも心血を助けるためである。

張元素はいう。当帰には心経の本薬、血の調和、夜に悪化する病の治療という三つの用途がある。血の病には欠かせない。血が滞れば痛むが、甘温は血を調え、辛温は内寒を散らし、苦温は心を助けて寒を散らすため、気血がそれぞれ本来の場所へ帰る。

王好古はいう。心が血を生むため手少陰へ、脾が血を包むため足太陰へ、肝が血を蔵するため足厥陰へ入る。根の頭は血の滞りを破り、中央部は血を養い、尾は血を巡らせる。全体を人参・黄耆と合わせれば気を補って血を生じ、牽牛などと合わせれば〔原文の語句が欠ける〕。頭痛には、さまざまな痛みが木に属するため血の薬を用いる。

王機はいう。頭痛には酒で煮た澄んだ汁を飲み、浮いて上へ向かう働きを取る。心痛には粉末を酒で飲み、濁りがあって半ば沈み半ば浮く働きを取る。血尿には酒で煎じ、下へ沈む働きを取る。王海蔵が血の薬でなぜ胸の咳逆を治せるかと問うが、当帰の辛味は散らすため血中の気に働く。陰虚で陽の拠り所がなく気が逆上する場合、血を補えば気も下がる。

韓𢘅はいう。当帰は血分の病を治す。四川産は力が強く攻める用に、秦の産は穏やかで補う用に向く。病に応じて酒で炮製し、痰があれば生姜で炮製する。血虚には人参・石脂、血熱には生地黄・条芩を佐薬にして血を生む源を保ち、血の積滞には大黄を配する。血の薬に当帰は欠かせず、古方の四物湯では当帰を君、芍薬を臣、地黄を佐、川芎を使とする。","당귀

【성미】단맛·매운맛, 따뜻하다.

【독성】무독성으로 기록되어 있다.

【귀경】간·심·비.

【효능】혈을 보하고 움직이며 월경을 조절하고 통증을 줄인다. 장을 윤택하게 하여 배변을 돕는다.

【명칭과 기원】

이 약재는 고전 본초서에 여러 이명과 산지가 기록되어 있다. 약용 부위의 형태와 법제 방법에 따라 성질과 작용이 달라질 수 있다.

【고전 해설】

고전 의가들은 당귀의 성미와 귀경을 바탕으로 위 효능을 설명했다. 임상에서는 병의 한열·허실과 환자의 체질을 살피고, 필요한 경우 다른 약재와 배합하여 사용한다."
UI_BOOK_ENTRY_TITLE_DU_HUO,独活,獨活,Angelica Pubescens Root,独活,독활
UI_BOOK_ENTRY_BODY_DU_HUO,"独活（独活羌活）
【气味】味辛、苦，性温。
【毒性】无毒。
【归经】归膀胱、肾经。
【主治】解表散寒，祛风除湿，止痛。
【释名】羌活（《本经》）、羌青（《本经》）、独摇草（《别录》）、护羌使者（《本经》）、胡王使者（《吴普》）、长生草（《纲目》）。

弘景曰：一茎直上，不为风摇，故曰独活。《别录》曰：此草得风不摇，无风自动，故名独摇草。大明曰：独活，是羌活母也。

时珍曰：独活、羌活乃一类二种，独活以羌中来者为良，故有羌活、胡王使者诸名，乃一物二种也。正如川芎、抚芎，白术、苍术之义，入用

【发明】
恭曰：疗风，宜用独活；兼水，宜用羌活。

刘完素曰：独活不摇风而治风，浮萍不沉水而利水，因其所胜而为制也。张元素曰：风能胜湿，故羌活能治水湿。独活与细辛同用，治少阴头痛，头运目眩，非此不能除；羌活与川芎同用，治太阳、少阴头痛，透关利节，治督脉为病，脊强而厥。好古曰：羌活乃足太阳、厥阴、少阴药，与独活不分二种。后人因羌活气雄，独活气细。故雄者，治足太阳风湿相搏，头痛、肢节痛、一身尽痛者，非此不能除，乃却乱反正之主君药也。细者，治足少阴伏风，头痛、两足湿痹、不能动止者，非此不能治，而不治太阳之证。时珍曰：羌活、独活皆能逐 风胜湿，透关利节，但气有刚、劣不同尔。《素问》云：从下上者，引而去之。二味苦辛而温，味之薄者，阴中之阳，故能引气上升，通达周身，而散风胜湿。按文系曰：唐刘师贞之兄病风，梦神人曰：但取胡王使者浸酒服，便愈。师贞访问，皆不晓。复梦其母曰：胡王使 者，即羌活也。求而用之，兄疾遂愈。嘉谟曰：羌活，本手足太阳表里引经之药，又入足少阴、厥阴。名列君部之中，非比柔懦之主。小无不入，大无不通。故能散肌表八风之邪，利周身百节之痛。","獨活（獨活羌活）
【氣味】味辛、苦，性溫。
【毒性】無毒。
【歸經】歸膀胱、腎經。
【主治】解表散寒，祛風除濕，止痛。
【釋名】羌活（《本經》）、羌青（《...","ANGELICA PUBESCENS ROOT

[Taste and nature] Acrid and bitter; warm.

[Toxicity] Recorded as non-toxic.

[Channels] Bladder and Kidney.

[Actions] Releases the exterior and disperses Cold; dispels Wind-Dampness; relieves pain.

[Names and origins]

Older names overlap with Qiang Huo, including Qiang Huo, Qiang Qing, Du Yao Cao, Hu Qiang Shi Zhe, Hu Wang Shi Zhe and Chang Sheng Cao.

Hongjing explains the name Du Huo through the image of a single upright stalk that does not sway with the wind. Another old name, Du Yao Cao, came from the curious claim that the plant could move without wind.

Shizhen treats Angelica Pubescens Root and Notopterygium Root as closely related but distinct medicinal types, much as older writers distinguished Cang Zhu from Bai Zhu or regional forms of Sichuan Lovage Rhizome.

[Historical commentary]

Gong: For Wind disorders, Angelica Pubescens Root is preferred; when water or Dampness is more prominent, Notopterygium Root is preferred.

Liu Wansu uses a traditional analogy: Angelica Pubescens Root 'does not move in wind yet treats Wind,' just as duckweed floats on water yet promotes urination.

Zhang Yuansu: Because Wind can overcome Dampness, Notopterygium Root treats Wind-Dampness. Angelica Pubescens Root combined with Asarum Herb was used for Shaoyin headache, dizziness and vertigo. Notopterygium Root with Sichuan Lovage Rhizome was used for Taiyang and Shaoyin headache and stiffness of the spine and joints.

Haogu distinguishes the two by strength: Notopterygium Root is more forceful and suited to severe exterior Wind-Dampness with generalized pain, while Angelica Pubescens Root is gentler and especially suited to deeper or lower-body Wind-Dampness.

Shizhen agrees that both dispel Wind, overcome Dampness and open the joints; the difference is chiefly one of strength and direction.

Older anecdotes also preserve legendary dream accounts of Notopterygium Root curing Wind disease, reflecting the high reputation these herbs held in traditional medicine.","独活（独活・羌活）
【性味】辛・苦、温。
【毒性】無毒。
【帰経】膀胱経・腎経に帰する。
【主治】解表散寒、祛風除湿、止痛。
【名称の由来】羌活・羌青・護羌使者（『神農本草経』）、独揺草（『名医別録』）、胡王使者（『呉普本草』）、長生草（『本草綱目』）。

陶弘景はいう。一本の茎がまっすぐ伸び、風に揺らされないので独活という。『名医別録』は、風があっても揺れず無風でも動くため独揺草と呼ぶ。大明は、独活は羌活の母であるという。

李時珍はいう。独活と羌活は同じ類の二種で、独活も羌の地から来たものがよい。そのため羌活・胡王使者などの名があり、川芎と撫芎、白朮と蒼朮の関係に似る。原文の説明は「使用には」で途切れている。

【考証】
蘇恭はいう。風を治すには独活、水湿を伴う場合には羌活を用いる。

劉完素はいう。独活は風にも揺れず風を治し、浮萍は水に沈まず水を出す。自ら勝つ性質を利用するのだ。張元素は、風は湿に勝つため羌活は水湿を治すという。独活と細辛を合わせれば少陰の頭痛、めまいに、羌活と川芎を合わせれば太陽・少陰の頭痛、関節の滞り、督脈の病による背骨のこわばりと冷えに働く。王好古は、羌活は足太陽・厥陰・少陰の薬で、独活と別種としないが、後人は羌活の気は強く独活の気は穏やかと分けるという。強い方は足太陽の風湿による頭痛、関節痛、全身痛に欠かせない君薬である。穏やかな方は足少陰に潜む風による頭痛、両足の湿痺で動けない状態を治し、太陽の証には用いない。李時珍は両者とも風を追い湿を除き、関節を通すが、気の強弱が異なるという。『素問』には下から上るものは引いて除くとあり、二薬は苦辛で温かく、薄い味を持つ陰中の陽なので、気を上へ導いて全身へ通し、風湿を散らす。伝承では、唐の劉師貞の兄が風の病にかかり、夢で胡王使者を酒に浸して飲むよう神人に告げられたが、何か分からなかった。再び夢に母が現れ、羌活のことだと教え、服用して治った。嘉謨は、羌活は手足太陽の表裏に薬を導き、足少陰・厥陰にも入り、体表のさまざまな風邪を散らして全身の関節痛を和らげるという。","독활

【성미】매운맛·쓴맛, 따뜻하다.

【독성】무독성으로 기록되어 있다.

【귀경】방광·신.

【효능】표를 풀고 한을 흩으며 풍습을 몰아내 통증을 줄인다.

【명칭과 기원】

이 약재는 고전 본초서에 여러 이명과 산지가 기록되어 있다. 약용 부위의 형태와 법제 방법에 따라 성질과 작용이 달라질 수 있다.

【고전 해설】

고전 의가들은 독활의 성미와 귀경을 바탕으로 위 효능을 설명했다. 임상에서는 병의 한열·허실과 환자의 체질을 살피고, 필요한 경우 다른 약재와 배합하여 사용한다."
UI_BOOK_ENTRY_TITLE_E_JIAO,阿胶,阿膠,Donkey-Hide Gelatin,阿膠,아교
UI_BOOK_ENTRY_BODY_E_JIAO,"阿胶
【气味】甘，平。
【毒性】无毒。
【归经】归肺、肝、肾经。
【主治】补血滋阴，润燥，止血。
【释名】傅致胶（《本经》）。

弘景曰︰出东阿，故名阿胶。

时珍曰︰阿井，在今山东兖州府阳谷县东北六十里，即古之东阿县也。有官舍禁之。

郦道元《水经注》云︰东阿有井大如轮，深六七丈，岁常煮胶以贡天府者，即此也。其井乃济水所注，取井水煮胶，用搅浊水则清。故人服之，下膈疏痰止吐。盖济水清而重，其性趋下，故治淤浊及逆上之痰也。

【发明】藏器曰︰诸胶皆主风、止泄、补虚，而驴皮主风为最。

宗奭曰︰驴皮煎胶，取其发散皮肤之外也。用乌者，取乌色属水，以制热则生风之义，如乌蛇、乌鸦、乌鸡之类皆然。时珍曰︰阿胶大要只是补血与液，故能清肺益阴而治诸证。按陈自明云︰补虚用牛皮胶，去风用驴皮胶。

成无己云︰阴不足者补之以味，阿胶之甘以补阴血。，不论肺虚肺实，可下可温，须用阿胶以安肺润肺。其性和平，为肺经要药。小儿惊风后瞳仁不正者，以阿胶倍人参煎服最良。阿胶育神，人参益气也。又痢疾多因伤暑伏热而成，阿胶乃大肠之要药。有热毒留滞者，则能疏导；无热毒留滞者，则能平安。数说足以发明阿胶之蕴矣。","阿膠
【氣味】甘，平。
【毒性】無毒。
【歸經】歸肺、肝、腎經。
【主治】補血滋陰，潤燥，止血。
【釋名】傅致膠（《本經》）。

弘景曰︰出東阿，故名阿膠...","DONKEY-HIDE GELATIN

[Taste and nature] Sweet; neutral.

[Toxicity] Recorded as non-toxic.

[Channels] Lung, Liver and Kidney.

[Actions] Nourishes blood and Yin; moistens dryness; stops bleeding.

[Names and origins]

Also called Fu Zhi Jiao in early materia medica.

Hongjing: The name E Jiao comes from Dong'e, the place where the product was traditionally made.

Shizhen identifies an ancient well near old Dong'e in present-day Shandong. Historical texts describe water from this well being used in the annual preparation of gelatin for the imperial court.

Traditional explanations attributed special qualities to the local water, claiming that it was clear and heavy and therefore helped direct rebellious Qi and phlegm downward.

[Historical commentary]

Cangqi: Many animal-hide gelatins were used to supplement deficiency and restrain leakage, but donkey-hide gelatin was especially valued.

Zongshi discusses the traditional symbolic association between black donkey hide, the Water phase and the ability to restrain pathological Heat and Wind.

Shizhen: The central actions of Donkey-Hide Gelatin are nourishing blood and body fluids. From this follow its traditional uses in nourishing Yin, moistening the Lung and controlling bleeding.

Cheng Wuji: When Yin is insufficient, flavor is used to supplement it; the sweetness of Donkey-Hide Gelatin nourishes Yin and blood. Because its nature is gentle and balanced, it was considered an important Lung medicine for moistening dryness and calming deficiency.

Older texts also describe its use after childhood convulsions and in some dysenteric disorders, but the core principle remains nourishment of blood and fluids rather than strong draining or dispersing action.","阿膠
【性味】甘、平。
【毒性】無毒。
【帰経】肺経・肝経・腎経に帰する。
【主治】補血滋陰、潤燥、止血。
【名称の由来】傅致膠（『神農本草経』）。

陶弘景はいう。東阿の産物なので阿膠と呼ぶ。李時珍は、阿井は今の山東省兗州府陽谷県の東北六十里、古代の東阿県にあり、官の建物が管理しているという。

酈道元の『水経注』によれば、東阿には車輪ほどの大きさで深さ六、七丈の井戸があり、毎年そこで膠を煮て朝廷へ納めていた。済水の水が注ぐ井戸で、その水は濁った水に混ぜても澄ませる。その水で煮た膠を服すと横隔膜の下へ気を通し、痰を除き、嘔吐を止めるという。済水は澄んで重く、下へ向かう性質があるため、濁った滞りや逆上する痰を治すとされた。

【考証】
陳蔵器はいう。さまざまな膠は風を治し、下痢を止め、虚を補うが、驢馬の皮は風を治す力が最も強い。

寇宗奭はいう。驢馬の皮を煎じて膠にするのは皮膚の外へ発散する働きを取るためである。黒いものを用いるのは黒が水に属し、熱を抑えて風の発生を防ぐためで、黒蛇、烏、黒鶏などと同じ考え方だ。李時珍は、阿膠の中心となる働きは血と津液を補うことで、肺を清め陰を養うという。陳自明は、虚を補うには牛皮の膠、風を除くには驢馬の皮の膠を使うという。

成無己は、陰の不足は味で補い、阿膠の甘味で陰血を補うという。肺の虚実にかかわらず、下したり温めたりする処方には阿膠を用いて肺を安定させ潤す。平和な性質の肺経の要薬である。小児が驚風の後で瞳が定まらない場合、人参の倍量の阿膠を煎じるとよいという。阿膠は心神を育て、人参は気を養う。また痢疾は暑気や潜む熱から生じることが多く、阿膠は大腸にも重要な薬で、熱毒が滞ればそれを導き、なければ落ち着かせる。これらの説から阿膠の働きが分かる。","아교

【성미】단맛, 평하다.

【독성】무독성으로 기록되어 있다.

【귀경】폐·간·신.

【효능】혈과 음을 보하고 건조함을 윤택하게 하며 출혈을 멎게 한다.

【명칭과 기원】

이 약재는 고전 본초서에 여러 이명과 산지가 기록되어 있다. 약용 부위의 형태와 법제 방법에 따라 성질과 작용이 달라질 수 있다.

【고전 해설】

고전 의가들은 아교의 성미와 귀경을 바탕으로 위 효능을 설명했다. 임상에서는 병의 한열·허실과 환자의 체질을 살피고, 필요한 경우 다른 약재와 배합하여 사용한다."
UI_BOOK_ENTRY_TITLE_FANG_FENG,防风,防風,Saposhnikovia Root,防風,방풍
UI_BOOK_ENTRY_BODY_FANG_FENG,"防风
【气味】味辛、甘，性微温。
【毒性】无毒。
【归经】归膀胱、肝、脾经。
【主治】祛风解表，胜湿止痛，止痉。
【释名】铜芸（《本经》）、茴芸（《吴普》）、茴草（《别录》）、屏风（《别录》）、 根（《别录》）、百枝（《别录》）、百蜚（《吴普》）。

时珍曰：防者，御也。其功疗风最要，故名。屏风者，防风隐语也。曰芸、曰茴、曰蕳者，其花如茴香，其气如芸蒿、蕳兰也。

【发明】元素曰：防风，治风通用。身半以上风邪用身，身半以下风邪，用梢，治风去湿之仙药也，风能胜湿故尔。能泻肺实，误服泻人上焦元气。杲曰：防风治一身尽痛，乃猝 伍卑贱之职，随所引而至，乃风药中润剂也。若补脾胃，非此引用不能行。凡脊痛项强，不可回顾，腰似折，项似拔者，乃手足太阳证，正当用防风。凡疮在胸膈以上，虽无手足太阳 证，亦当用之，为能散结，去上部风。病患身体拘倦者，风也，诸疮见此证，亦须用之。钱 仲阳泻黄散中倍用防风者，乃于土中泻木也。","防風
【氣味】味辛、甘，性微溫。
【毒性】無毒。
【歸經】歸膀胱、肝、脾經。
【主治】祛風解表，勝濕止痛，止痙。
【釋名】銅芸（《本經》）、茴芸（《吳普》...","SAPOSHNIKOVIA ROOT

[Taste and nature] Acrid and sweet; slightly warm.

[Toxicity] Recorded as non-toxic.

[Channels] Bladder, Liver and Spleen.

[Actions] Dispels Wind and releases the exterior; overcomes Dampness and relieves pain; alleviates spasms.

[Names and origins]

Older names include Tong Yun, Hui Yun, Hui Cao, Ping Feng, Gen, Bai Zhi and Bai Fei.

Shizhen explains the name Fang Feng as 'defending against Wind,' reflecting its importance in Wind disorders. Ping Feng, 'screen against Wind,' is a wordplay on the same idea.

[Historical commentary]

Yuansu: Saposhnikovia Root is broadly useful for Wind disorders. Different parts of the root were historically selected according to whether the disorder was above or below the waist. He calls it an important herb for dispelling Wind and Dampness, but warns that misuse may weaken upper-jiao Qi.

Gao: Saposhnikovia Root is a flexible guiding herb that follows the direction of accompanying medicines. He describes it as a relatively moistening herb among Wind-dispersing medicines.

It was used for generalized body pain, stiff neck and spine, severe lumbar stiffness and other Taiyang-type exterior patterns.

Gao also notes its use in sores above the chest and diaphragm because it disperses constraint and Wind in the upper body. In formulas that tonify the Spleen and Stomach, Saposhnikovia Root may serve as a guiding herb that helps the formula reach the exterior.

Its inclusion in Drain the Yellow Powder at a relatively high dose was explained through the traditional principle of restraining Liver-Wood within Spleen-Earth.","防風
【性味】辛・甘、微温。
【毒性】無毒。
【帰経】膀胱経・肝経・脾経に帰する。
【主治】祛風解表、勝湿止痛、止痙。
【名称の由来】銅芸（『神農本草経』）、茴芸・百蜚（『呉普本草』）、茴草・屏風・根の異名〔原文欠字〕・百枝（『名医別録』）。

李時珍はいう。「防」は防ぐことを意味し、風を治す要薬なので防風と名づけられた。屏風は防風を暗示する名であり、芸・茴・蕳の名は花が茴香に似て香りが芸蒿や蕳蘭に似るためである。

【考証】
張元素はいう。防風は風の病に広く使う。上半身の風には根の中央、下半身には先端を用い、風を治し湿を除く妙薬である。風が湿に勝つからだ。肺の実を瀉すが、誤って服すと上焦の元気を損なう。李杲は、防風は全身の痛みに用い、導く薬に従って患部へ達する、風の薬の中では潤いを持つものだという。脾胃を補う薬も防風で導かなければ巡らない。背骨が痛み、首がこわばって振り向けず、腰が折れるようで首が引き抜かれるような症状は手足太陽の証で、用いるべきである。胸から上の瘡にも、太陽の証の有無にかかわらず、結びを散らし上部の風を除くために使う。体がこわばりだるい人は風によるので、瘡にこの症状があれば用いる。銭仲陽が瀉黄散に防風を倍量入れるのは、土の中の木を瀉すためである。","방풍

【성미】매운맛·단맛, 약간 따뜻하다.

【독성】무독성으로 기록되어 있다.

【귀경】방광·간·비.

【효능】풍을 몰아내고 표를 풀며 습을 이기고 통증과 경련을 줄인다.

【명칭과 기원】

이 약재는 고전 본초서에 여러 이명과 산지가 기록되어 있다. 약용 부위의 형태와 법제 방법에 따라 성질과 작용이 달라질 수 있다.

【고전 해설】

고전 의가들은 방풍의 성미와 귀경을 바탕으로 위 효능을 설명했다. 임상에서는 병의 한열·허실과 환자의 체질을 살피고, 필요한 경우 다른 약재와 배합하여 사용한다."
UI_BOOK_ENTRY_TITLE_FENG_MI,蜂蜜,蜂蜜,Honey,蜂蜜,봉밀
UI_BOOK_ENTRY_BODY_FENG_MI,"蜂蜜
【气味】味甘，性平。
【毒性】无毒。
【归经】归肺、脾、大肠经。
【主治】补中润燥，止痛解毒，外用生肌敛疮。
【释名】蜂糖（俗名）生岩石者名石蜜（《本经》）、石饴（同上）、岩蜜（《拾遗》）。

时珍曰︰蜜以密成，故谓之蜜。《本经》原作石蜜，盖以生岩石者为良耳，而诸家反致疑辩。今直题曰蜂蜜，正名也。

【发明】弘景曰︰石蜜道家丸饵，莫不须之。仙方亦单炼服食，云致长生不老也。

时珍曰︰蜂采无毒之花，酿以小便而成蜜，所谓臭腐生神奇也。其入药之功有五︰清热也，补中也，解毒也，润燥也，止痛也。生则性凉，故能清热；熟则性温，故能补中。甘而和平，故能解毒；柔而濡泽，故能润燥。缓可以去急，故能止心腹、肌肉、疮疡之痛；和可以致中，故能调和百药，而与甘草同功。张仲景治阳明结燥，大便不通，蜜煎导法，诚千古神方也。

诜曰︰但凡觉有热，四肢不和，即服蜜浆一碗，甚良。又点目中热膜，以家养白蜜为上，木蜜次之，崖蜜更次之也。与姜汁熬炼，治癞甚效。","蜂蜜
【氣味】味甘，性平。
【毒性】無毒。
【歸經】歸肺、脾、大腸經。
【主治】補中潤燥，止痛解毒，外用生肌斂瘡。
【釋名】蜂糖（俗名）生岩石者名石蜜（《...","HONEY

[Taste and nature] Sweet; neutral.

[Toxicity] Recorded as non-toxic.

[Channels] Lung, Spleen and Large Intestine.

[Actions] Tonifies the middle and moistens dryness; relieves pain and moderates toxicity; externally supports tissue healing and sores.

[Names and origins]

Also called Feng Tang. Honey gathered from rocky cliffs was historically called Shi Mi, Shi Yi or Yan Mi.

Shizhen argues that Feng Mi is the clearest general name. Earlier texts often used Shi Mi because cliff honey was considered especially good.

[Historical commentary]

Hongjing: Honey was indispensable in many Daoist pills and nourishing preparations, and longevity traditions also praised it as a food-medicine.

Shizhen summarizes five major medicinal functions: clearing Heat, tonifying the middle, moderating toxicity, moistening dryness and relieving pain.

He distinguishes raw honey as relatively cooling and cooked honey as relatively warming. Its sweet and harmonious nature was said to moderate harsh herbs, much like Licorice Root, while its moistening quality benefits dryness.

Because sweetness relaxes urgency, honey was traditionally used for cramping or painful conditions of the abdomen, muscles and sores.

Zhang Zhongjing's famous honey suppository method for severe Yangming dryness and constipation is cited as a classic example of honey's moistening action.

Older authors also recommended honey drinks for internal Heat and topical use for eye or skin disorders, although such applications belong to historical practice.","蜂蜜
【性味】甘、平。
【毒性】無毒。
【帰経】肺経・脾経・大腸経に帰する。
【主治】補中潤燥、止痛解毒。外用して肉芽形成を助け瘡を収める。
【名称の由来】蜂糖（俗称）、岩に生じるものを石蜜・石飴（『神農本草経』）、岩蜜（『本草拾遺』）と呼ぶ。

李時珍はいう。蜜は密に作られるので蜜という。『神農本草経』は石蜜と記すが、岩に生じるものをよいとしただけで、後世の議論を招いた。蜂蜜という名称のほうが適切である。

【考証】
陶弘景はいう。道家が丸薬を作るとき石蜜は欠かせず、仙方には単独で煮詰めて飲めば長生きできるともある。

李時珍はいう。蜂は毒のない花から蜜を集めて作る。薬としては熱を清め、中焦を補い、毒を解き、乾燥を潤し、痛みを止める五つの働きがある。生なら涼性で熱を清め、加熱すれば温性となり中を補う。甘く穏やかなので解毒し、柔らかく潤すので燥を除く。穏やかな作用で急な痛みを和らげ、胸腹、筋肉、瘡の痛みを止め、さまざまな薬を調和させる点では甘草に似る。張仲景の蜜煎導法は陽明の乾燥による便秘に用いる優れた方法である。

孟詵はいう。熱があり手足の調子が悪ければ蜜を水に溶いたもの一碗を飲むとよい。目の熱を伴う膜に点じるには家で飼う蜂の白蜜が最上で、木蜜、崖蜜の順に劣る。生姜の汁と煮詰めれば癩を治すという。","봉밀

【성미】단맛, 평하다.

【독성】무독성으로 기록되어 있다.

【귀경】폐·비·대장.

【효능】중초를 보하고 건조함을 윤택하게 하며 통증을 줄이고 독성을 완화한다. 외용으로 조직 회복과 종창을 돕는다.

【명칭과 기원】

이 약재는 고전 본초서에 여러 이명과 산지가 기록되어 있다. 약용 부위의 형태와 법제 방법에 따라 성질과 작용이 달라질 수 있다.

【고전 해설】

고전 의가들은 봉밀의 성미와 귀경을 바탕으로 위 효능을 설명했다. 임상에서는 병의 한열·허실과 환자의 체질을 살피고, 필요한 경우 다른 약재와 배합하여 사용한다."
UI_BOOK_ENTRY_TITLE_FU_LING,茯苓,茯苓,Poria,茯苓,복령
UI_BOOK_ENTRY_BODY_FU_LING,"茯苓
【气味】味甘、淡，性平。
【毒性】无毒。
【归经】归心、肺、脾、肾经。
【主治】利水渗湿，健脾宁心。
【释名】伏灵（《纲目》）、伏菟（《本经》）、松腴、不死面（《记事珠》），抱根者名伏神（《别录》）。

宗奭曰︰多年樵斫之松根之气味，抑郁未绝，精英未沦。其精气盛者，发泄于外，结为茯苓，故不抱根，离其本体，有零之义也。津气不盛，只能附结本根，既不离本，故曰伏神。

时珍曰︰茯苓，《史记•龟策传》作伏灵。盖松之神灵之气，伏结而成，故谓之伏灵、伏神也。《仙经》言︰伏灵大如拳者，佩之令百鬼消灭，则神灵之气，亦可征矣。俗作苓者，传写之讹尔。下有伏灵，上有菟丝，故又名伏莬。或云“其形如兔，故名”，亦通。

【发明】弘景曰︰茯苓白色者补，赤色者利。俗用甚多，仙方服食亦为至要。云其通神而致灵，和魂而炼魄，利窍而益肌，浓肠而开心，调营而理卫，上品仙药也。善能断谷不饥。

宗奭曰︰茯苓行水之功多，益心脾不可缺也。

元素曰︰茯苓赤泻白补，上古无此说。气味俱薄，性浮而升。其用有五︰利小便也；开腠理也，生津液也，除虚热也，止泻也。如小便利或数者，多服则损人目。汗多人服之，亦损元气，夭人寿，为其淡而渗也。又云︰淡为天之阳，阳当上行，何以利水而泻下？气薄者阳中之阴，所以茯苓利水泻下。不离阳之体，故入手太阳。

杲曰︰白者入壬癸，赤者入丙丁。味甘而淡，降也，阳中阴也。其用有六︰利窍而除湿，益气而和中，治惊悸，生津液，小便多者能止，小便结者能通。又云︰湿淫所胜，小便不利。淡以利窍，甘以助阳。甘平能益脾逐水，乃除湿之圣药也。

好古曰︰白者入手太阴、足太阳、少阳经气分，赤者入足太阴、手少阴、太阳气分。伐肾邪。小便多，能止之；小便涩，能利之。与车前子相似，虽利小便而不走气。酒浸与光明朱砂同用，能秘真元。味甘而平，如何是利小便耶？

震亨曰︰茯苓，得松之馀气而成，属金，仲景利小便多用之，此暴新病之要药也。若阴虚者，恐未为宜。此物有行水之功，久服损人。八味丸用之者，亦不过接引他药归就肾经，去胞中久陈积垢，为搬运之功尔。

时珍曰︰茯苓本草又言利小便，伐肾邪。至李东垣、王海藏乃言小便多者能止，涩者能通，同朱砂能秘真元。而朱丹溪又言阴虚者不宜用，义似相反，何哉？茯苓气味淡而渗，其性上行，生津液，开腠理，滋水之源而下降，利小便。故张洁古谓其属阳，浮而升，言其性也；东垣谓其为阳中之阴，降而下，言其功也。《素问》云︰饮食入胃，游溢精气，上输于肺，通调水道，下输膀胱。观此，则知淡渗之药，俱皆上行而后下降，非直下行也。小便多，其源亦异。《素问》云︰肺气盛则小便数而欠；虚则欠欬、小便遗数。心虚则少气遗溺。下焦虚则遗溺。胞移热于膀胱则遗溺。膀胱不利为癃，不约为遗溺。厥阴病则遗溺闭癃。所谓肺气盛者，实热也。其人必气壮脉强，宜用茯苓甘淡以渗其热，故曰︰小便多者能止也。若夫肺虚、心虚、胞热、厥阴病者，皆虚热也。其人必上热下寒，脉虚而弱。法当用升阳之药，以升水降火。膀胱不约、下焦虚者，乃火投于水，水泉不藏，脱阳之症。其人必肢冷脉迟。法当用温热之药，峻补其下，交济坎离。二症皆非茯苓辈淡渗之药所可治，故曰︰阴虚者不宜用也。仙家虽有服食之法，亦当因人而用焉。","茯苓
【氣味】味甘、淡，性平。
【毒性】無毒。
【歸經】歸心、肺、脾、腎經。
【主治】利水滲濕，健脾寧心。
【釋名】伏靈（《綱目》）、伏菟（《本經》）、松...","PORIA

[Taste and nature] Sweet and bland; neutral.

[Toxicity] Recorded as non-toxic.

[Channels] Heart, Lung, Spleen and Kidney.

[Actions] Promotes urination and leaches Dampness; strengthens the Spleen; calms the Heart and spirit.

[Names and origins]

Older names include Fu Ling, Fu Tu, Song Yu and Bu Si Mian. Poria that grows around and encloses a pine root is called Poria with Pine Root.

Zongshi explains the traditional idea that after an old pine is cut, its remaining vital essence may condense in the soil. When this essence gathers apart from the root it forms Fu Ling; when it remains attached to the root it is called Fu Shen.

Shizhen notes that older texts wrote the name as Fu Ling, 'hidden spirit,' reflecting the belief that the essence of pine concealed underground and formed the fungus.

[Historical commentary]

Hongjing distinguished white Poria as more tonifying and red Poria as more draining. It was widely used in ordinary medicine and also praised in Daoist longevity traditions.

Zongshi: Poria excels at promoting water metabolism and is also important for supporting the Heart and Spleen.

Yuansu lists several traditional actions: promoting urination, opening the interstices, supporting body fluids, clearing deficiency Heat and stopping diarrhea. He warns that excessive use in people with frequent urination or heavy sweating may further drain fluids and Qi.

Gao: Its sweet, bland nature helps remove Dampness while supporting the Spleen. He also describes it as regulating urination in both directions according to the pattern—helping when urination is difficult while, in some excess conditions, reducing pathological frequency.

Haogu compares its action with Plantain Seed: both promote urination without strongly dispersing Qi.

Zhenheng cautions against prolonged use in Yin deficiency because its leaching action may be too drying.

Shizhen reconciles the apparently contradictory claims that Poria can both increase and reduce urination. He explains that its bland nature supports normal fluid transformation: fluids first ascend to the Lung, then descend through the waterways to the Bladder. Thus its effect depends on the underlying cause rather than simply 'draining downward.' He emphasizes that deficiency with cold limbs and weak pulses requires warming and tonifying treatment instead of indiscriminate use of bland diuretics.","茯苓
【性味】甘・淡、平。
【毒性】無毒。
【帰経】心経・肺経・脾経・腎経に帰する。
【主治】利水滲湿、健脾寧心。
【名称の由来】伏霊（『本草綱目』）、伏菟（『神農本草経』）、松腴・不死面（『記事珠』）。松の根を抱き込むものを茯神（『名医別録』）という。

寇宗奭はいう。長年切られた松の根に残る精気が盛んな場合、外へ出て茯苓となり、根から離れて生じる。精気が足りなければ根に付いたまま結実し、離れないので茯神という。

李時珍はいう。『史記・亀策伝』では伏霊と書く。松の神霊の気が潜んで結実するため伏霊・茯神と呼ぶ。仙人の書には拳ほどの伏霊を身につけると百鬼が消えるとあり、神霊の気の証拠とされた。「苓」の字は写し誤りという。下に伏霊があり上に菟糸が生えるため伏菟とも呼ぶ。形が兎に似るからだという説もある。

【考証】
陶弘景はいう。白い茯苓は補い、赤いものは排出させる。仙方でも重要で、精神を調え、魂魄を養い、竅を通し、筋肉や腸を養い心を晴らし、営衛を整える上品の薬とされ、穀物を断っても飢えないという。

寇宗奭はいう。茯苓は水を巡らせる力が強く、心と脾を養うのにも欠かせない。

張元素はいう。赤が瀉し白が補うという区別は古代にはなかった。気味は薄く、浮いて上昇する。排尿を促す、皮膚のきめを開く、津液を生じる、虚熱を除く、下痢を止めるという五つの働きがある。尿が出やすい人や頻尿の人が多く飲むと目を傷め、多汗の人なら元気を損なう。淡味で水分をしみ出させるためだ。淡味は天の陽で上へ向かうのに、なぜ水を下へ出すのか。気が薄いものは陽中の陰であり、陽の性質を持ちながら排尿を促すため、手太陽に入る。

李杲はいう。白は壬癸、赤は丙丁に入る。甘く淡く、陽中の陰で下へ向かう。竅を通して湿を除く、気を養い中を調える、驚悸を治す、津液を生む、尿が多ければ抑え、滞れば通すという六つの働きがある。湿が盛んで排尿しにくいとき、淡味は竅を開き甘味は陽を助け、脾を養って水を追い出す湿除けの要薬となる。

王好古はいう。白いものは手太陰・足太陽・少陽の気分に、赤いものは足太陰・手少陰・太陽の気分に入り、腎の邪を除く。尿が多ければ抑え、出にくければ促す。車前子と似て、尿を出しても気を消耗させない。酒に浸し光明朱砂と合わせれば真元を守るという。甘く平らかなのにどうして排尿を促すのかとも問う。

朱震亨はいう。松の残った気から生じ金に属する。張仲景は急性の病の利尿に多用したが、陰虚には適さないかもしれない。長く服すと体を損なう。八味丸に入れるのも、ほかの薬を腎経へ導き、膀胱内の古い汚れを運び出すためである。

李時珍はいう。本草は茯苓に利尿と腎邪を除く働きがあると記す。一方、李杲や王好古は尿が多ければ抑え、出にくければ通し、朱砂と合わせれば真元を守るという。朱震亨は陰虚には使わないというが、矛盾して見える。茯苓は淡味で水をしみ出させ、上に向かって津液を生み、皮膚のきめを開き、水の源を養った後に下降して尿を出す。張元素のいう上昇する陽は性質を、李杲のいう陽中の陰で下降するものは働きを指す。『素問』では飲食の精気は胃から肺へ上り、水道を通って膀胱へ下る。淡味で水を通す薬もまず上へ向かい、それから下りるのである。頻尿の原因はさまざまだ。『素問』には肺気が盛ん、肺や心の虚、下焦の虚、膀胱へ移った熱、膀胱の固摂の不足、厥陰の病などが挙げられる。肺気が盛んな実熱では体力があり脈も強く、茯苓の甘淡で熱を排出すれば頻尿を止められる。一方、肺・心の虚や膀胱の熱、厥陰の病では虚熱があり、上が熱く下が冷え、脈は弱い。陽を上げ水火を調える薬を用いるべきだ。膀胱が尿を保持できない下焦の虚では手足が冷え脈が遅く、温熱の薬で下を強く補う。後の二種の証は茯苓のような淡味で水をしみ出させる薬では治せず、陰虚に不適というのはこのためである。仙人の服食法も人に合わせて用いるべきだ。","복령

【성미】단맛·담담한 맛, 평하다.

【독성】무독성으로 기록되어 있다.

【귀경】심·폐·비·신.

【효능】소변을 잘 나오게 하고 습을 빼며 비를 튼튼하게 하고 심신을 안정시킨다.

【명칭과 기원】

이 약재는 고전 본초서에 여러 이명과 산지가 기록되어 있다. 약용 부위의 형태와 법제 방법에 따라 성질과 작용이 달라질 수 있다.

【고전 해설】

고전 의가들은 복령의 성미와 귀경을 바탕으로 위 효능을 설명했다. 임상에서는 병의 한열·허실과 환자의 체질을 살피고, 필요한 경우 다른 약재와 배합하여 사용한다."
UI_BOOK_ENTRY_TITLE_FU_SHEN,茯神,茯神,Poria with Pine Root,茯神,복신
UI_BOOK_ENTRY_BODY_FU_SHEN,"茯神（茯苓）
【气味】味甘、淡，性平。
【毒性】无毒。
【归经】归心、脾经。
【主治】宁心安神，利水渗湿。
【释名】伏灵（《纲目》）、伏菟（《本经》）、松腴、不死面（《记事珠》），抱根者名伏神（《别录》）。

宗奭曰︰多年樵斫之松根之气味，抑郁未绝，精英未沦。其精气盛者，发泄于外，结为茯苓，故不抱根，离其本体，有零之义也。津气不盛，只能附结本根，既不离本，故曰伏神。

时珍曰︰茯苓，《史记•龟策传》作伏灵。盖松之神灵之气，伏结而成，故谓之伏灵、伏神也。《仙经》言︰伏灵大如拳者，佩之令百鬼消灭，则神灵之气，亦可征矣。俗作苓者，传写之讹尔。下有伏灵，上有菟丝，故又名伏莬。或云“其形如兔，故名”，亦通。

【发明】
弘景曰︰仙方只云茯苓而无茯神，为疗既同，用应无嫌。

时珍曰︰《神农本草》只言茯苓，《名医别录》始添茯神，而主治皆同。后人治心病必用茯神。故洁古张氏云︰风眩心虚，非茯神不能除。然茯苓亦未尝不治心病也。陶弘景始言茯苓赤泻白补。

李杲复分赤入丙丁、白入壬癸。此其发前人之秘者。时珍则谓茯苓、茯神，只当云赤入血分，则白茯神不能治心病，赤茯苓不能入膀胱矣。张元素不分赤白之说，于理欠通。

《圣济录》松节散︰用茯神心中木一两，乳香一钱，石器炒，研为末。每服二钱，木瓜酒下。治风寒冷湿搏于筋骨，足筋挛痛，行步艰难，但是诸筋挛缩疼痛并主之。","茯神（茯苓）
【氣味】味甘、淡，性平。
【毒性】無毒。
【歸經】歸心、脾經。
【主治】寧心安神，利水滲濕。
【釋名】伏靈（《綱目》）、伏菟（《本經》）、松...","PORIA WITH PINE ROOT

[Taste and nature] Sweet and bland; neutral.

[Toxicity] Recorded as non-toxic.

[Channels] Heart and Spleen.

[Actions] Calms the Heart and spirit; promotes urination and leaches Dampness.

[Names and origins]

Fu Shen is the form of Fu Ling that grows around and encloses a pine root. Older names shared with Fu Ling include Fu Ling, Fu Tu, Song Yu and Bu Si Mian.

Zongshi explains that when the residual essence of an old pine remains attached to its root, poria forms around that root and is therefore called Fu Shen.

[Historical commentary]

Hongjing notes that early longevity formulas generally mentioned only Poria rather than Poria with Pine Root because their therapeutic actions were considered similar.

Shizhen: Divine Farmer's Classic of Materia Medica lists only Poria, while Ming Yi Bie Lu later distinguishes Poria with Pine Root. Subsequent physicians often preferred Poria with Pine Root specifically for disorders of the Heart and spirit.

Zhang Jiegu was quoted as saying that dizziness from Wind combined with Heart deficiency especially calls for Poria with Pine Root, although ordinary Poria can also treat Heart-related conditions.

Shizhen also discusses the historical distinction between red and white poria and cautions against rigidly assigning them to blood or Qi without considering actual effects.

General Records of Holy Universal Relief records Pine Joint Powder, combining the central pine-root portion of Poria with Pine Root with Ru Xiang and taking it with papaya wine for Wind-Cold-Damp pain, contracted sinews and difficulty walking.","茯神（茯苓）
【性味】甘・淡、平。
【毒性】無毒。
【帰経】心経・脾経に帰する。
【主治】寧心安神、利水滲湿。
【名称の由来】伏霊（『本草綱目』）、伏菟（『神農本草経』）、松腴・不死面（『記事珠』）。松の根を抱き込むものを茯神（『名医別録』）という。

寇宗奭はいう。長年切られた松の根に残る精気が盛んな場合、外へ出て茯苓となり、根から離れて生じる。精気が足りなければ根に付いたまま結実し、離れないので茯神という。

李時珍はいう。『史記・亀策伝』では伏霊と書く。松の神霊の気が潜んで結実するため伏霊・茯神と呼ぶ。仙人の書には拳ほどの伏霊を身につけると百鬼が消えるとあり、神霊の気の証拠とされた。「苓」の字は写し誤りという。下に伏霊があり上に菟糸が生えるため伏菟とも呼ぶ。形が兎に似るからだという説もある。

【考証】
陶弘景はいう。仙方には茯苓としか書かれず茯神の名はない。治療の働きは同じなので用いるのに差し支えない。

李時珍はいう。『神農本草経』には茯苓だけがあり、『名医別録』で初めて茯神が加えられたが、主治は同じである。後人は心の病には茯神を必ず用い、張潔古も風によるめまいや心虚は茯神なしには治せないという。しかし茯苓も心の病に効く。陶弘景は赤い茯苓は瀉し白いものは補うと述べ、李杲は赤は丙丁、白は壬癸に入ると分けた。李時珍は、赤は血分にのみ入ると決めつければ白い茯神が心病を治せず、赤い茯苓も膀胱へ入れないことになり、張元素が赤白を分けない説も理が十分でないという。

『聖済録』の松節散は、茯神の中心の木一両と乳香一銭を石器で炒って粉にし、一回二銭を木瓜酒で飲む。風寒と冷湿が筋骨を侵し、足の筋がつって痛み歩きにくい場合をはじめ、筋のひきつりと痛みに用いる。","복신

【성미】단맛·담담한 맛, 평하다.

【독성】무독성으로 기록되어 있다.

【귀경】심·비.

【효능】심신을 안정시키고 소변을 잘 나오게 하며 습을 뺀다.

【명칭과 기원】

이 약재는 고전 본초서에 여러 이명과 산지가 기록되어 있다. 약용 부위의 형태와 법제 방법에 따라 성질과 작용이 달라질 수 있다.

【고전 해설】

고전 의가들은 복신의 성미와 귀경을 바탕으로 위 효능을 설명했다. 임상에서는 병의 한열·허실과 환자의 체질을 살피고, 필요한 경우 다른 약재와 배합하여 사용한다."
UI_BOOK_ENTRY_TITLE_FU_ZI,附子,附子,Prepared Aconite Root,附子,부자
UI_BOOK_ENTRY_BODY_FU_ZI,"附子
【气味】味辛、甘，性大热。
【毒性】有毒。
【归经】归心、肾、脾经。
【主治】回阳救逆，补火助阳，散寒止痛。
【释名】其母名乌头（《本经》）。

时珍曰︰初种为乌头，象乌之头也。附乌头而生者为附子，如子附母也。乌头如芋魁，附子如芋子，盖一物也。别有草乌头、白附子，故俗呼此为黑附子，川乌头以别之。诸家不分乌头有川、草两种，皆混杂注解，今悉正之。

【发明】宗奭曰︰补虚寒须用附子，风家即多用天雄，大略如此。其乌头、乌喙、附子，则量其材而用之。时珍曰︰按王氏《究原方》云︰附子性重滞，温脾逐寒。川乌头性轻疏，温脾去风。若是寒疾即用附子；风疾即用川乌头。一云︰凡人中风，不可先用风药及乌附。 若先用气药，后用乌附乃宜也。又凡用乌、附药，并宜冷服者，热因寒用也。盖阴寒在下，虚阳上浮。治之以寒，则阴气益甚而病增；治之以热，则拒格而不纳。热药冷冻饮料，下嗌之后，冷体既消，热性便发，而病气随愈。不违其情，而致大益，此反治之妙也。昔张仲景治寒疝 内结，用蜜煎乌头。《近效方》治喉痹，用蜜炙附子，含之咽汁。朱丹溪治疝气，用乌头、栀子。并热因寒用也。李东垣治冯翰林侄阴盛格阳伤寒，面赤目赤，烦渴引饮，脉来七、八至，但按之则散。用姜附东加人参，投半斤服之，得汗而愈。此则神圣之妙也。 吴绶曰︰附子乃阴证要药。凡伤寒传变三阴，及中寒夹阴，虽身大热而脉沉者，必用之。或厥冷腹痛，脉沉细，甚则唇青囊缩者，急须用之，有退阴回阳之力，起死回生之功。近 世阴证伤寒，往往疑似，不敢用附子，直待阴极阳竭而用之，已迟矣。且夹阴伤寒，内外皆阴，阳气顿衰。必须急用人参，健脉以益其原；佐以附子，温经散寒。舍此不用，将何以救 之？

刘完素曰︰俗方治麻痹多用乌附，其气暴能冲开道路，故气愈麻；及药气尽而正气行，则麻病愈矣。

张元素曰︰附子以白术为佐，乃除寒湿之圣药。湿药宜少加之引经。又益火之原，以消阴翳，则便溺有节，乌、附是也。 虞抟曰︰附子禀雄壮之质，有斩关夺将之气。能引补气药行十二经，以追复散失之元阳；引 补血药入血分，以滋养不足之真阴；引发散药开腠理，以驱逐在表之风寒；引温暖药达下焦，以祛除在里之冷湿。

震亨曰︰气虚热甚者，宜少用附子，以行参 。肥人多湿，亦宜少加乌、附行经。仲景八味丸，用为少阴响导，其补自是地黄，后世因以附子为补药，误矣。附子走而不守，取其健悍 走下之性，以行地黄之滞，可致远尔。乌头、天雄皆气壮形伟，可为下部药之佐；无人表其害人之祸，相习用为治风之药及补药，杀人多矣。 王履曰︰仲景八味丸，盖兼阴火不足者设。钱仲阳六味地黄丸，为阴虚者设。附子乃补阳之药，非为行滞也。

好古曰︰乌、附，非身凉而四肢厥者，不可僭用。服附子以补火，必妨涸水。

时珍曰︰乌、附毒药，非危病不用，而补药中少加引导，其功甚捷。有人才服钱匕，即发燥不堪，而昔人补剂用为常药，岂古今运气不同耶？荆府都昌王，体瘦而冷，无他病。日以附子煎汤饮，兼嚼硫黄，如此数岁。蕲州卫张百户，平生服鹿茸、附子药，至八十馀，康 健倍常。宋张杲《医说》载︰赵知府耽酒色，每日煎干姜熟附汤，吞硫黄金液丹百粒，乃能健啖，否则倦弱不支，寿至九十。他人服一粒即为害。若此数人，皆其脏腑禀赋之偏，服之有益无害，不可以常理概论也。又《琐碎录》言︰滑台风土极寒，民啖附子如啖芋栗。此则地气使然尔。","附子
【氣味】味辛、甘，性大熱。
【毒性】有毒。
【歸經】歸心、腎、脾經。
【主治】回陽救逆，補火助陽，散寒止痛。
【釋名】其母名烏頭（《本經》）。

時...","PREPARED ACONITE ROOT

[Taste and nature] Acrid and sweet; very hot.

[Toxicity] Toxic.

[Channels] Heart, Kidney and Spleen.

[Actions] Restores devastated Yang and rescues collapse; supports Fire and Yang; disperses Cold and relieves pain.

[Names and origins]

Fu Zi is the lateral daughter root that grows attached to the main aconite root, Wu Tou. Shizhen explains the name literally as a 'child attached to the mother.'

He distinguishes cultivated Sichuan aconite from other aconite species and warns that older texts often confused them.

[Historical commentary]

Zongshi: Prepared Aconite Root is primarily used for severe deficiency-Cold, while related aconite forms were sometimes preferred for Wind disorders.

Shizhen cites the distinction that Prepared Aconite Root is heavier and more warming to the Spleen, whereas Chuan Wu is lighter and more dispersing. For Cold disorders use Prepared Aconite Root; for Wind disorders Chuan Wu may be more appropriate.

Old physicians also discussed giving very hot medicines in a cooled form when severe internal Cold caused rejection of warm decoctions. This was an example of 'contrary treatment' in which the temperature of administration differs from the intrinsic nature of the medicine.

Wu Shou describes Prepared Aconite Root as a key medicine for severe Yin-Cold patterns with deep pulse, cold extremities, abdominal pain and collapse of Yang. He stresses that delay in such critical patterns was considered dangerous.

Liu Wansu notes that aconite was traditionally used in numbness because its forceful movement was thought to open blocked channels.

Zhang Yuansu praises Prepared Aconite Root with White Atractylodes Rhizome for Cold-Dampness. Yu Tuan describes it as a powerful guiding herb capable of carrying Qi tonics through the channels, blood tonics into the blood level, exterior-releasing herbs to the surface and warming herbs to the lower burner.

Zhenheng strongly cautions against treating Prepared Aconite Root as a routine tonic. Its powerful, mobile nature can be dangerous if misused. Haogu likewise says it should not be used casually unless clear signs of Cold and reversal are present.

Shizhen concludes that Prepared Aconite Root and Aconite Root are toxic medicines generally reserved for serious conditions or used in very small amounts to guide other herbs. Historical anecdotes of people tolerating unusually large quantities are presented as exceptional constitutions, not normal dosing examples.","附子
【性味】辛・甘、大熱。
【毒性】有毒。
【帰経】心経・腎経・脾経に帰する。
【主治】回陽救逆、補火助陽、散寒止痛。
【名称の由来】母となる根は烏頭（『神農本草経』）という。

李時珍はいう。初めに植えたものを、烏の頭に似るので烏頭という。そこに子が母に付くように生えるものが附子であり、芋の親芋と子芋に似る。同じ植物だが、別に草烏頭や白附子があるため、区別して黒附子・川烏頭とも呼ぶ。古い注釈は川烏と草烏を混同していたので、ここで正す。

【考証】
寇宗奭はいう。虚寒を補うには附子、風の病には天雄を多く使い、烏頭・烏喙・附子はそれぞれに応じて用いる。李時珍は王氏の『究原方』を引く。附子は重く留まり、脾を温め寒を追う。川烏頭は軽く散り、脾を温め風を除く。寒の病には附子、風の病には川烏頭を使う。中風には最初から風薬や烏附を用いず、まず気の薬を使い、後に烏附を用いるという説もある。烏附の薬は冷まして服すのがよいという。下に陰寒があり虚陽が上へ浮く場合、冷薬では陰寒が強まり、熱薬を熱いまま飲むと体が拒む。熱薬を冷まして飲めば、飲み込んだ後で冷たさは消え、熱性が働く。これは反治の妙とされる。張仲景は寒疝に蜜で煎じた烏頭、『近効方』は喉の閉塞に蜜炙した附子を口に含む方法、朱丹溪は疝気に烏頭と梔子を用いた。李杲は陰が盛んで陽が拒まれる傷寒の患者が顔と目が赤く渇き、脈が非常に速いのに押すと散る場合、姜附湯に人参を加え、半斤を服させて発汗後に治したという。

呉綬はいう。附子は陰証の要薬で、傷寒が三陰へ移った場合や内寒を伴い、体が熱くても脈が沈む場合に用いる。手足の冷え、腹痛、細く沈む脈、重ければ唇が青く陰嚢が縮む場合は急いで用い、陰を退け陽を戻す。近ごろは陰証を疑って使うのが遅れがちだという。内外ともに陰で陽気が急に衰えたとき、人参で元を養い、附子で経を温め寒を散らすべきだと説く。

劉完素はいう。しびれに烏頭や附子を用いるのは強い気が道を開くためで、最初はかえってしびれが増しても、薬の気が尽き正気が巡ると治る。張元素は白朮を佐薬とした附子が寒湿を除く要薬で、湿の薬に少量加えて経へ導くといい、火の源を養い陰寒を除けば排泄も整うという。虞摶は、附子は力強く、補気薬を十二経へ導いて失われた元陽を戻し、補血薬を血分へ、発散薬を体表へ、温める薬を下焦へ導くという。

朱震亨はいう。気虚で熱が強い場合や湿の多い肥満の人には、附子や烏頭を少量添えて薬を巡らせることがある。張仲景の八味丸で附子は少陰へ導く役であり、補う主体は地黄である。附子そのものを補薬とみなすのは誤りで、滞らず下へ走る性質で地黄の滞りを動かす。烏頭・天雄を風の治療や補薬として安易に用い、人を害した例も多い。王履はこれに対し、八味丸は陽の火の不足、銭仲陽の六味地黄丸は陰虚に用いるので、附子は陽を補う薬で、単に滞りを動かすためではないという。

王好古は、体が冷え手足が厥冷する人以外には烏附をむやみに用いるべきでなく、附子で火を補えば水を枯らす恐れがあるという。李時珍は、烏附は有毒で重い病でなければ用いないが、補薬に少量加えて導けば速効があるという。少し飲んだだけでひどく乾燥する人もいる一方、附子湯や硫黄を数年続けた痩せて冷える王族、鹿茸・附子を服して八十余歳まで健康だった武官、毎日乾姜・附子と硫黄の丸薬を用いて九十歳まで生きた役人の話もある。ほかの人なら一粒でも害になることがあり、体質の偏りを一律には扱えない。『瑣砕録』には寒さの厳しい滑台で、住民が芋や栗のように附子を食べるとある。土地の気候によるのだろう。","부자

【성미】매운맛·단맛, 매우 뜨겁다.

【독성】생용 시 독성이 있으므로 법제와 용량에 주의한다.

【귀경】심·신·비.

【효능】무너진 양기를 회복하고 허탈을 구하며 명문의 화와 양기를 돕는다. 한을 흩고 통증을 줄인다.

【명칭과 기원】

이 약재는 고전 본초서에 여러 이명과 산지가 기록되어 있다. 약용 부위의 형태와 법제 방법에 따라 성질과 작용이 달라질 수 있다.

【고전 해설】

고전 의가들은 부자의 성미와 귀경을 바탕으로 위 효능을 설명했다. 임상에서는 병의 한열·허실과 환자의 체질을 살피고, 필요한 경우 다른 약재와 배합하여 사용한다."
UI_BOOK_ENTRY_TITLE_GAN_CAO,甘草,甘草,Licorice Root,甘草,감초
UI_BOOK_ENTRY_BODY_GAN_CAO,"甘草
【气味】味甘，性平。
【毒性】无毒。
【归经】归心、肺、脾、胃经。
【主治】益气补中，清热解毒，祛痰止咳，缓急止痛，调和诸药。
【释名】密甘（《别录》）、密草（《别录》）、美草（《别录》）、蕗草（《别录》）、灵通（《记事珠》）、国老（《别录》）。

弘景曰︰此草最为众药之主，经方少有不用者，犹如香中有沉香也。国老即帝师之称，虽非君而为君所宗，是以能安和草石而解诸毒也。

甄权曰︰诸药中甘草为君，治七十二种乳石毒，解一千二百般草木毒，调和众药有功故有国老之号。

【发明】
震亨曰︰甘草味甘，大缓诸火，黄中通理，厚德载物之君子也。欲达下焦，须用稍子。

杲曰︰甘草气薄味浓，可升可降，阴中阳也。阳不足者，补之以甘。甘温能除大热，故生用则气平，补脾胃不足而大泻心火；炙之则气温，补三焦元气而散表寒，除邪热，去咽痛，缓正气，养阴血。凡心火乘脾，腹中急痛，腹皮急缩者，宜倍用之。其性能缓急，而又协和诸药，使之不争。故热药得之缓其热；寒药得之缓其寒；寒热相杂者用之得其平。

好古曰︰五味之用，苦泄辛散，酸收咸敛，甘上行而发，而本草言甘草下气何也？盖甘味主中，有升降浮沉，可上可下，可外可内，有和有缓，有补有泄，居中之道尽矣。张仲景附子理中汤用甘草，恐其僭上也；调胃承气汤用甘草，恐其速下也，皆缓之之意。小柴胡汤有柴胡、黄芩之寒，人参、半夏之温，而用甘草者，则有调和之意。建中汤用甘草，以补中而缓脾急也；凤髓丹用甘草，以缓肾急而生元气也，乃甘补之意。又曰︰甘者令人中满；中满者勿食甘，甘缓而壅气，非中满所宜也。凡不满而用炙甘草为之补；若中满而用生甘草为之泻，能引诸药直至满所，甘味入脾，归其所喜，此升降、浮沉之理也。《经》云︰以甘补之，以甘泻之，以甘缓之，是矣。

时珍曰︰甘草外赤中黄，色兼坤离；味浓气薄，资全土德。协和群品，有元老之功；普治百邪，得王道之化。赞帝力而人不知，敛神功而己不与，可谓药中之良相也。然中满、呕吐、酒客之病，不喜其甘；而大戟、芫花、甘遂、海藻，与之相反。是亦迂缓不可以救昏昧，而君子尝见嫉于宵人之意欤？

颂曰︰按孙思邈《千金方论》云：甘草解百药毒，如汤沃雪。有中乌头、巴豆毒，甘草入腹即定，验如反掌。方称大豆汁解百药毒，予每试之不效。加入甘草为甘豆汤，其验乃奇也。又葛洪《肘后备急方》云：席辩刺史尝言岭南俚人解蛊毒药，并是常用之物，畏人得其法，乃言三百头牛药，或言三百两银药。久与亲狎，乃得其详。凡饮食时，先取炙熟甘草一寸，嚼之咽汁，若中毒，随即吐出。仍以炙甘草三两、生姜四两，水六升，煮二升，日三服。或用都淋藤、黄藤二物，酒煎温常服，则毒随大小溲出。又常带甘草数寸，随身备急。若经含甘草而食物不吐者，非毒物也。三百头牛药，即土常山也；三百两银药，即马兜铃藤也。详见各条。","甘草
【氣味】味甘，性平。
【毒性】無毒。
【歸經】歸心、肺、脾、胃經。
【主治】益氣補中，清熱解毒，祛痰止咳，緩急止痛，調和諸藥。
【釋名】密甘（《別錄...","LICORICE ROOT

[Taste and nature] Sweet; neutral.

[Toxicity] Recorded as non-toxic.

[Channels] Heart, Lung, Spleen and Stomach.

[Actions] Tonifies Qi and the middle burner; clears Heat and moderates toxicity; transforms phlegm and relieves cough; relaxes spasms and relieves pain; harmonizes other herbs.

[Names and origins]

Older names include Mi Gan, Mi Cao, Mei Cao, Lu Cao, Ling Tong and Guo Lao, 'elder statesman.'

Hongjing compares Gan Cao's role among medicines to the importance of agarwood among fragrances. The title Guo Lao refers to a respected elder who harmonizes others without being the ruler himself.

Zhen Quan likewise praises its ability to moderate the actions and toxicity of many substances, explaining the honorary name Guo Lao.

[Historical commentary]

Zhenheng: The sweetness of Licorice Root relaxes urgency and moderates excessive Fire. Different portions of the root were traditionally selected when directing action toward the lower burner.

Gao: Licorice Root can ascend or descend. Raw Licorice Root is relatively neutral and is used more for clearing Heat and supporting the Spleen and Stomach; honey-fried Licorice Root becomes warmer and more tonifying.

Its key property is moderation. In hot formulas it softens excessive heat; in cold formulas it moderates coldness; in mixed formulas it harmonizes opposing ingredients.

Haogu explains that sweetness occupies the center and therefore can support, drain, raise, descend, harmonize or slow according to context. In classical formulas, Licorice Root often acts to moderate the speed or harshness of other medicines.

He also cautions that excessive sweetness can worsen abdominal fullness, so strongly tonifying use is not suitable for every patient.

Shizhen calls Licorice Root the 'good minister among medicines' because of its broad harmonizing role. He also records traditional incompatibilities with certain strongly draining herbs.

Song cites old antidotal traditions in which Licorice Root was used after toxic exposures. These accounts reflect its historical reputation for moderating toxicity, though they should not be treated as modern emergency treatment instructions.","甘草
【性味】甘、平。
【毒性】無毒。
【帰経】心経・肺経・脾経・胃経に帰する。
【主治】益気補中、清熱解毒、祛痰止咳、緩急止痛、諸薬の調和。
【名称の由来】密甘・密草・美草・蕗草・国老（『名医別録』）、霊通（『記事珠』）。

陶弘景はいう。甘草は多くの薬をまとめる重要な草で、古方に使わないものは少ない。香木の中の沈香に似る。「国老」は皇帝の師の称号で、君主ではないが君主に尊ばれる。草木や鉱物の薬を調和させ、毒を解くための名である。甄権は甘草を諸薬の君とし、多くの石薬や草木の毒を解き、諸薬を調えるので国老と呼ぶという。

【考証】
朱震亨はいう。甘味でさまざまな火の勢いを大きく緩める、徳の厚い君子のような薬である。下焦へ作用させるには根の先端を使う。

李杲はいう。甘草は気が薄く味が濃く、上昇も下降もする陰中の陽である。陽の不足を甘味で補い、甘温によって強い熱を鎮める。生で用いれば平性で脾胃の不足を補い心火を瀉す。炙れば温性となり三焦の元気を補い、表の寒や邪熱、喉の痛みを除き、正気を緩め陰血を養う。心火が脾を攻めて腹が急に痛む場合には倍量用いる。急な状態を和らげ、ほかの薬を協調させるため、熱薬の熱も寒薬の寒も緩め、寒熱の混在も調和する。

王好古はいう。苦味は下し、辛味は散らし、酸味は収め、鹹味は引き締め、甘味は上へ向かうのに、本草が甘草は気を下げるというのはなぜか。甘味は中をつかさどり、昇降・浮沈・内外のすべてに働き、調和・緩和・補瀉を行う。附子理中湯では附子が上りすぎないよう、調胃承気湯では急に下しすぎないよう甘草で緩める。小柴胡湯では柴胡・黄芩の寒と人参・半夏の温を調える。建中湯では中を補って脾の急を、鳳髄丹では腎の急を緩め元気を生む。一方、甘味は腹を張らせるため、すでに腹が張る人には適さない。張りがなければ炙甘草で補い、張りがあれば生甘草で瀉して薬を患部へ導く。『経』の「甘で補い、甘で瀉し、甘で緩める」とはこのことである。

李時珍はいう。甘草は外が赤く中が黄色で、地と火の色を兼ねる。諸薬を調和させ、多くの邪を治す薬中の良相である。ただし腹の張り、嘔吐、飲酒に関わる病には甘味が合わず、大戟・芫花・甘遂・海藻とは相反する。蘇頌は孫思邈の『千金方』を引き、甘草が多くの薬毒を雪に熱湯を注ぐように解くという。烏頭・巴豆の毒には甘草が効くとされ、大豆汁だけでは効かなかったが甘草を加えた甘豆湯には効き目があったという。葛洪の『肘後備急方』によれば、嶺南の人は蠱毒を避ける薬の秘密を「三百頭の牛」「三百両の銀」と称した。食前に炙甘草一寸を噛み汁を飲み、毒があればすぐ吐くという。さらに炙甘草三両・生姜四両を水六升で二升まで煎じ、一日三回飲むか、都淋藤・黄藤を酒で煎じて飲む方法も記す。甘草を携帯し、噛んでから食べても吐かなければ毒ではないとした。「三百頭の牛」は土常山、「三百両の銀」は馬兜鈴藤を指し、各項に詳しい。","감초

【성미】단맛, 평하다.

【독성】무독성으로 기록되어 있다.

【귀경】심·폐·비·위.

【효능】기와 중초를 보하고 열을 내리며 독성을 완화한다. 담과 기침을 줄이고 경련과 통증을 완화하며 여러 약재를 조화시킨다.

【명칭과 기원】

이 약재는 고전 본초서에 여러 이명과 산지가 기록되어 있다. 약용 부위의 형태와 법제 방법에 따라 성질과 작용이 달라질 수 있다.

【고전 해설】

고전 의가들은 감초의 성미와 귀경을 바탕으로 위 효능을 설명했다. 임상에서는 병의 한열·허실과 환자의 체질을 살피고, 필요한 경우 다른 약재와 배합하여 사용한다."
UI_BOOK_ENTRY_TITLE_GAN_JIANG,干姜,乾薑,Dried Ginger,乾姜,건강
UI_BOOK_ENTRY_BODY_GAN_JIANG,"干姜
【气味】味辛，性热。
【毒性】无毒。
【归经】归脾、胃、肾、心、肺经。
【主治】温中散寒，回阳通脉，温肺化饮。
【释名】时珍曰：以姜之干者故名，干姜以母姜造之。以白净结实者为良，故人呼为白姜，又曰均姜。凡入药并宜炮用。

【发明】
元素曰：干姜气薄味厚，半沉半浮，可升可降，阳中之阴也。又曰：大辛大热，阳中之阳。其用有四：通心助阳，一也；去脏腑沉寒痼冷，二也；发诸经之寒气，三也；治感寒腹痛，四也。肾中无阳，脉气欲绝，黑附子为引，水煎服之，名姜附汤。亦治中焦寒邪，寒淫所胜，以辛散之也。又能补下焦，故四逆汤用之。干姜本辛，炮之稍苦，故止而不移，所以能治里寒，非若附子行而不止也。理中汤用之者，以其回阳也。

李杲曰：干姜生辛炮苦，阳也。生则逐寒邪而发表，炮则除胃冷而守中。多用则耗散元气，辛以散之，是壮火食气故也，须以生甘草缓之。辛热以散里寒，同五味子用以温肺，同入参用以温胃也。

好古曰：干姜，心、脾二经气分药也，故补心气不足。或言：干姜辛热而言补脾。今理中汤用之，言泄不言补，何也？盖辛热燥湿，泄脾中寒湿邪气，非泄正气也。又云：服干姜以治中者，必僭上，不可不知。

震亨曰：干姜入肺中利肺气，入肾中燥下湿，入肝经引血药生血，同补阴药亦能引血药入气分生血，故血虚发热、产后大热者用之。止唾血、痢血，须炒黑用之。有血脱色白而夭不泽脉濡者，此大寒也。宜干姜之辛温以益血，大热以温经。

时珍曰：干姜，能引血药入血分，气药入气分，又能去恶养新，有阳生阴长之意，故血虚者用之；而人吐血、衄血、下血，有阴无阳者，亦宜用之。乃热因热用，从治之法也。","乾薑
【氣味】味辛，性熱。
【毒性】無毒。
【歸經】歸脾、胃、腎、心、肺經。
【主治】溫中散寒，回陽通脈，溫肺化飲。
【釋名】時珍曰：以薑之乾者故名，乾薑...","DRIED GINGER

[Taste and nature] Acrid; hot.

[Toxicity] Recorded as non-toxic.

[Channels] Spleen, Stomach, Kidney, Heart and Lung.

[Actions] Warms the middle and disperses Cold; restores Yang and supports the pulse; warms the Lung and transforms retained fluids.

[Names and origins]

Shizhen explains the name simply as dried mature ginger. Dense, pale pieces were traditionally considered superior. Processing by dry-frying or charring was used to modify its action.

[Historical commentary]

Yuansu: Dried Ginger is strongly acrid and hot. He lists four major functions: supporting Heart Yang, removing deep internal Cold, dispersing Cold from the channels, and treating abdominal pain from Cold.

When Kidney Yang is exhausted and the pulse is near collapse, it was paired with Prepared Aconite Root in Ginger and Aconite Decoction. It also appears in Frigid Extremities Decoction and Regulate the Middle Decoction for severe internal Cold.

Yuansu distinguishes Dried Ginger from Prepared Aconite Root by saying that processed dried ginger tends to remain in the middle and treat interior Cold, while Prepared Aconite Root is more mobile and penetrating.

Li Gao: Raw dried ginger is more dispersing toward the exterior, while processed ginger is better at warming the Stomach and holding the middle. Excessive doses may consume Qi because of its strong acrid heat, so Licorice Root is often used to moderate it.

Haogu: Dried Ginger acts strongly on the Qi level of the Heart and Spleen. Its drying action removes Cold-Dampness from the Spleen rather than draining normal Qi.

Zhenheng describes different processing methods for blood disorders, including charring it when traditional theory called for warming the channels and controlling bleeding.

Shizhen emphasizes Dried Ginger's role as a guiding herb, carrying blood medicines into the blood level and Qi medicines into the Qi level. He explains its occasional use in bleeding accompanied by profound Cold as an example of treating a complex presentation according to the underlying pattern rather than the visible symptom alone.","乾姜
【性味】辛、熱。
【毒性】無毒。
【帰経】脾経・胃経・腎経・心経・肺経に帰する。
【主治】温中散寒、回陽通脈、温肺化飲。
【名称の由来】李時珍はいう。生姜を乾かしたため乾姜と呼び、親の生姜から作る。白くしっかりしたものがよいので白姜、均姜ともいう。薬に用いるときは炮製するのがよい。

【考証】
張元素はいう。乾姜は気が薄く味が濃く、半ば沈み半ば浮いて昇降できる陽中の陰であり、一方で非常に辛く熱い陽中の陽でもある。心を通し陽を助ける、臓腑に深く残る寒を除く、諸経の寒気を発散させる、寒を受けた腹痛を治す、という四つの用途がある。腎の陽がなく脈が絶えそうなら黒附子を導き手にして水で煎じ、姜附湯とする。中焦の寒にも用い、辛味で寒を散らす。下焦も補うため四逆湯に含まれる。生の乾姜は辛いが炮製すればやや苦くなって中に留まり、附子のように走らないので内側の寒を治す。理中湯に入れるのも陽を戻すためである。

李杲はいう。生の乾姜は辛く、炮製品は苦く、ともに陽の薬である。生なら寒邪を追って表に発し、炮製すれば胃の冷えを除き中に留まる。多量では元気を消耗するため生甘草で緩める。五味子と合わせて肺を温め、人参と合わせて胃を温める。

王好古はいう。乾姜は心・脾二経の気分に用い、心気の不足を補う。辛熱なのに脾を補うといわれ、理中湯では「瀉す」ともいうのは、脾の寒湿の邪を乾かして除くのであって正気を瀉すのではない。中焦を治すために使っても、気が上へ越えることがあるので注意すべきだという。

朱震亨はいう。肺に入れば肺気を巡らせ、腎では下の湿を乾かす。肝経で血の薬を導いて血を生じ、陰を補う薬と合わせても血薬を気分へ導くので、血虚の発熱や産後の高熱に用いる。唾液や便に混じる血を止めるには黒く炒る。血を失って顔色が白くつやがなく、脈が柔らかいのは強い寒であり、乾姜で経を温め血を養う。

李時珍はいう。乾姜は血薬を血分へ、気薬を気分へ導き、古いものを除き新しいものを養う。陽が生じれば陰も育つため血虚に用いる。吐血、鼻血、下血でも陰ばかりで陽がない場合には用いる。熱性の薬を熱の徴候に用いる従治の方法である。","건강

【성미】매운맛, 뜨겁다.

【독성】무독성으로 기록되어 있다.

【귀경】비·위·신·심·폐.

【효능】중초를 따뜻하게 하고 한을 흩으며 양기를 회복하고 맥을 돕는다. 폐를 따뜻하게 해 수음을 변화시킨다.

【명칭과 기원】

이 약재는 고전 본초서에 여러 이명과 산지가 기록되어 있다. 약용 부위의 형태와 법제 방법에 따라 성질과 작용이 달라질 수 있다.

【고전 해설】

고전 의가들은 건강의 성미와 귀경을 바탕으로 위 효능을 설명했다. 임상에서는 병의 한열·허실과 환자의 체질을 살피고, 필요한 경우 다른 약재와 배합하여 사용한다."
UI_BOOK_ENTRY_TITLE_GE_GEN,葛根,葛根,Kudzu Root,葛根,갈근
UI_BOOK_ENTRY_BODY_GE_GEN,"葛根（葛）
【气味】味甘、辛，性凉。
【毒性】无毒。
【归经】归脾、胃、肺经。
【主治】解肌退热，透发麻疹，生津止渴，升阳止泻，通经活络，解酒毒。
【释名】鸡齐（《本经》）、鹿藿（《别录》）、黄斤（《别录》）。

时珍曰︰葛从曷，谐声也。鹿食九草，此其一种，故曰鹿藿。黄斤未详。

【发明】弘景曰︰生葛捣汁饮，解温病发热。五月五日日中时，取根为屑，熬令黄黑，屑末水服方寸匕，疗疟及疮，至良。

颂曰︰张仲景治伤寒有葛根汤，以其主大热、解肌、发腠理故也。

元素曰︰升阳生津。脾虚作渴者，非此不除。勿多用，恐伤胃气。张仲景治太阳阳明合病，桂枝汤内加麻黄、葛根，又有葛根黄芩黄连解肌汤，是用此以断太阳入阳明之路，非即太阳药也。头颅痛如破，乃阳明中风，可用葛根葱白汤，为阳明仙药。若太阳初病，未入阳明而头痛者，不可便服升麻、葛根发之，是反引邪气入阳明，为引贼破家也。

震亨曰︰凡痘已见红点，不可用葛根升麻汤，恐表虚反增斑烂也。

杲曰︰干葛其气轻浮，鼓舞胃气上行，生津液，又解肌热，治脾胃虚弱泄泻圣药也。

徐用诚曰︰葛根气味俱薄，轻而上行，浮而微降，阳中阴也。其用有四︰止渴，一也；解酒，二也；发散表邪，三也；发疮疹难出，四也。

时珍曰︰本草十剂云︰轻可去实，麻黄、葛根之属。盖麻黄乃太阳经药，兼入肺经，肺主皮毛；葛根乃阳明经药，兼入脾经，脾主肌肉。所以二味药皆轻扬发散，而所入迥然不同也。","葛根（葛）
【氣味】味甘、辛，性涼。
【毒性】無毒。
【歸經】歸脾、胃、肺經。
【主治】解肌退熱，透發麻疹，生津止渴，升陽止瀉，通經活絡，解酒毒。
【釋名...","KUDZU ROOT

[Taste and nature] Sweet and acrid; cool.

[Toxicity] Recorded as non-toxic.

[Channels] Spleen, Stomach and Lung.

[Actions] Releases the muscles and reduces fever; helps vent rashes; generates fluids and relieves thirst; raises clear Yang and stops diarrhea; opens the channels; relieves alcohol-related toxicity.

[Names and origins]

Older names include Ji Qi, Lu Huo and Huang Jin.

Shizhen explains Lu Huo as one of the plants traditionally eaten by deer.

[Historical commentary]

Hongjing records fresh kudzu juice for febrile illness and old preparations of roasted root for malaria-like disorders and sores.

Song: Zhang Zhongjing's Kudzu Root Decoction established the herb's classical role in high fever with tight muscles and constrained exterior.

Yuansu: Kudzu Root raises Yang and generates fluids, making it useful for thirst associated with Spleen deficiency. He warns against excessive use because it may weaken the Stomach.

He distinguishes Kudzu Root as primarily an Yangming herb rather than a Taiyang herb. In combined Taiyang-Yangming patterns it helps prevent the pathogen from entering more deeply into the Yangming level.

Zhenheng cautions against using Kudzu Root and Sheng Ma indiscriminately once a rash is already fully expressed, because excessive exterior-releasing action may worsen surface deficiency.

Gao: Its light, rising nature lifts Stomach Qi, generates fluids, clears muscle-level Heat and is especially valuable for diarrhea due to weakness of the Spleen and Stomach.

Xu Yongcheng summarizes four major uses: relieving thirst, reducing effects of alcohol, dispersing exterior pathogens and helping difficult eruptions emerge.

Shizhen contrasts Kudzu Root with Ephedra Herb: both are light and dispersing, but Ephedra Herb primarily acts on the Taiyang and Lung exterior, whereas Kudzu Root primarily acts on the Yangming and Spleen muscle layer.","葛根（葛）
【性味】甘・辛、涼。
【毒性】無毒。
【帰経】脾経・胃経・肺経に帰する。
【主治】解肌退熱、麻疹の発疹を促す、生津止渇、昇陽止瀉、経絡を通す、酒毒を解く。
【名称の由来】鶏斉（『神農本草経』）、鹿藿・黄斤（『名医別録』）。

李時珍はいう。「葛」は「曷」を音に借りた字である。鹿が食べる九草の一つなので鹿藿という。黄斤の名の由来は分からない。

【考証】
陶弘景はいう。生の葛を搗いて汁を飲めば温病の熱を解く。旧暦五月五日の正午に根を採って刻み、黄黒くなるまで煎り、粉末を水で方寸匕飲めば瘧や瘡によいという。

蘇頌はいう。張仲景が傷寒に葛根湯を用いるのは、高熱を治し、肌を解き、皮膚のきめを開くためである。

張元素はいう。陽を上げ津液を生じ、脾虚による渇きを治すが、胃気を傷つけぬよう多用しない。張仲景は太陽と陽明が同時に病むとき桂枝湯に麻黄・葛根を加え、葛根黄芩黄連の解肌湯も使った。太陽の邪が陽明へ入るのを防ぐためで、葛根は太陽だけの薬ではない。割れるような頭痛を伴う陽明中風には葛根葱白湯が適するが、太陽病の初期で陽明に入る前の頭痛に升麻・葛根を使えば、かえって邪を陽明へ導く。

朱震亨はいう。痘瘡に赤い点が出た後は、表を虚させ斑を悪化させる恐れがあるため、葛根升麻湯を用いない。

李杲はいう。乾葛は軽く浮き、胃気を上へ促して津液を生じ、肌の熱を除く。脾胃の虚弱による下痢に重要である。徐用誠は、気味が薄く軽く上昇するがわずかに下降もする陽中の陰で、渇きを止め、酒を解き、表の邪を散らし、発疹の出にくさを改善するという四つの用途を挙げる。

李時珍はいう。『本草』の十剤に、軽い薬は実を除くとして麻黄・葛根を挙げる。麻黄は太陽と肺経に入り皮膚や毛に、葛根は陽明と脾経に入り筋肉に働く。両者とも軽く発散するが、作用する経は異なる。","갈근

【성미】단맛·매운맛, 서늘하다.

【독성】무독성으로 기록되어 있다.

【귀경】비·위·폐.

【효능】근표를 풀고 열을 내리며 발진을 밖으로 내보낸다. 진액을 만들고 갈증을 줄이며 맑은 양기를 올려 설사를 멎게 하고 경맥을 연다.

【명칭과 기원】

이 약재는 고전 본초서에 여러 이명과 산지가 기록되어 있다. 약용 부위의 형태와 법제 방법에 따라 성질과 작용이 달라질 수 있다.

【고전 해설】

고전 의가들은 갈근의 성미와 귀경을 바탕으로 위 효능을 설명했다. 임상에서는 병의 한열·허실과 환자의 체질을 살피고, 필요한 경우 다른 약재와 배합하여 사용한다."
UI_BOOK_ENTRY_TITLE_GE_JIE,蛤蚧,蛤蚧,Gecko,蛤蚧,합개
UI_BOOK_ENTRY_BODY_GE_JIE,"蛤蚧
【气味】咸，平。
【毒性】小毒。
【归经】归 肺、肾经。
【主治】补肺益肾，纳气定喘，助阳益精。
【释名】蛤蟹（《日华》）、仙蟾（《纲目》）。

志曰︰一雌一雄，常自呼其名。

时珍曰︰蛤蚧，因声而名，仙蟾，因形而名；岭南人呼蛙为蛤，又因其首如蛙、蟾也。雷𢽾以雄为蛤，以雌为蚧，亦通。

【发明】宗奭曰︰补肺虚劳嗽有功。

时珍曰︰昔人言补可去弱，人参羊肉之属。蛤蚧补肺气，定喘止渴，功同人参。益阴血，助精扶羸，功同羊肉。近世治劳损痿弱，许叔微治消渴，皆用之，俱取其滋补也。刘纯云︰气液衰、阴血竭者，宜用之。何大英云︰定喘止嗽，莫佳于此。","蛤蚧
【氣味】咸，平。
【毒性】小毒。
【歸經】歸 肺、腎經。
【主治】補肺益腎，納氣定喘，助陽益精。
【釋名】蛤蟹（《日華》）、仙蟾（《綱目》）。

志...","GECKO

[Taste and nature] Salty; neutral.

[Toxicity] Mildly toxic.

[Channels] Lung and Kidney.

[Actions] Tonifies the Lung and Kidney; helps the Kidney grasp Qi to relieve wheezing; supports Yang and essence.

[Names and origins]

Older names include Ge Xie and Xian Chan.

Historical authors linked the name Gecko to the animal's call. Another name, Xian Chan, compares its appearance with a large toad. Some writers even assigned different syllables of the name to the male and female.

[Historical commentary]

Zongshi: Gecko is effective for deficiency of the Lung with chronic cough.

Shizhen: Traditional materia medica grouped Gecko among strongly nourishing animal medicines. It was said to supplement Lung Qi, calm wheezing and thirst, nourish Yin and blood, support essence and strengthen wasting patients.

He compares part of its tonic action with Ginseng Root and part with nourishing animal foods such as mutton.

Later physicians used it for chronic deficiency, weakness, wasting and severe wheezing when both Lung and Kidney were considered depleted.

Liu Chun says it is appropriate when Qi and fluids decline and Yin and blood are exhausted. He Daying praises it particularly for chronic wheezing and cough.","蛤蚧
【性味】鹹、平。
【毒性】小毒。
【帰経】肺経・腎経に帰する。
【主治】補肺益腎、納気定喘、助陽益精。
【名称の由来】蛤蟹（『日華子本草』）、仙蟾（『本草綱目』）。

志という人は、雌雄が一対で、いつも自分の名を鳴くという。李時珍は、蛤蚧は鳴き声、仙蟾は姿から名づけられたという。嶺南では蛙を蛤と呼び、頭が蛙や蟾蜍に似るためでもある。雷斅が雄を蛤、雌を蚧とする説も成り立つ。

【考証】
寇宗奭はいう。肺虚による消耗性の咳を補う効果がある。

李時珍はいう。古人は弱さを補うものとして人参や羊肉を挙げた。蛤蚧は肺気を補い、喘ぎや渇きを止める点で人参に似る。陰血を養い精を助け、衰弱を補う点では羊肉に似る。近世の虚労や萎弱の治療、許叔微の消渇治療にも滋補のために使われる。劉純は気と津液が衰え陰血が尽きた人に適するといい、何大英は喘ぎと咳にはこれに勝るものがないという。","합개

【성미】짠맛, 평하다.

【독성】약간의 독성이 있으므로 용량에 주의하여 사용한다.

【귀경】폐·신.

【효능】폐와 신을 보하고 신이 기를 받아들이게 해 천식을 줄이며 양기와 정을 돕는다.

【명칭과 기원】

이 약재는 고전 본초서에 여러 이명과 산지가 기록되어 있다. 약용 부위의 형태와 법제 방법에 따라 성질과 작용이 달라질 수 있다.

【고전 해설】

고전 의가들은 합개의 성미와 귀경을 바탕으로 위 효능을 설명했다. 임상에서는 병의 한열·허실과 환자의 체질을 살피고, 필요한 경우 다른 약재와 배합하여 사용한다."
UI_BOOK_ENTRY_TITLE_GOU_QI_ZI,枸杞子,枸杞子,Goji Berry,枸杞子,구기자
UI_BOOK_ENTRY_BODY_GOU_QI_ZI,"枸杞子（枸杞地骨皮）
【气味】味甘，性平。
【毒性】无毒。
【归经】归肝、肾经。
【主治】滋补肝肾，益精明目。
【释名】枸 （《尔雅》。音计。《本经》作枸忌）、枸棘（《衍义》）、苦杞（《诗疏》）、红菜头（《图经》）、天精（《抱朴》）、地骨（《本经》）、地辅（《本经》）、地仙（《日华》）、却暑（《别录》）。

时珍曰︰枸、杞二树名。此物棘如枸之刺，茎如杞之条，故兼名之。道书言︰千载枸杞，其形如犬，故得枸名，未审然否？

颂曰︰仙人杖有三种︰一是枸杞；一是菜类，叶似苦苣；一是枯死竹竿之色黑者也。

【发明】
弘景曰︰枸杞叶作羹，小苦。俗谚云︰去家千里，勿食萝摩、枸杞。此言二物补益精气，强盛阴道也。枸杞根、实为服食家用，其说甚美，名为仙人之杖，远有旨乎？

颂曰︰茎、叶及子，服之轻身益气。《淮南枕中记》载︰西河女子服枸杞法︰正月上寅采根，二月上卯治服之；三月上辰采茎，四月上巳治服之；五月上午采其叶，六月上未治服之；七月上申采花，八月上酉治服之；九月上戌采子，十月上亥治服之；十一月上子采根，十二月上丑治服之。又有花、实、根、茎、叶作煎，或单榨子汁煎膏服之者，其功并同。世传蓬莱县南丘村多枸杞，高者一、二丈，其根盘结甚固。其乡人多寿考，亦饮食其水土之气使然。又润州开元寺大井旁生枸杞，岁久。土人目为枸杞井，云饮其水甚益人也。

𢽾曰︰其根似物形状者为上。

时珍曰︰按︰刘禹锡《枸杞井诗》云︰僧房药树依寒井，井有清泉药有灵。翠黛叶生笼石，殷红子熟照铜瓶。枝繁本是仙人杖，根老能成瑞犬形。上品功能甘露味，还知一勺可延龄。又《续仙传》云︰朱孺子见溪侧二花犬，逐入于枸杞丛下。掘之得根，形如二犬。烹而食之，忽觉身轻。周密《浩然斋日抄》云︰宋徽宗时，顺州筑城，得枸杞于土中，其形如状，驰献阙下，乃仙家所谓千岁枸杞，其形如犬者。据前数说，则枸杞之滋益不独子，而根亦不止于退热而已。但根、苗、子之气味稍殊，而主治亦未必无别。盖其苗乃天精，苦甘而凉，上焦心肺客热者宜之；根乃地骨，甘淡而寒，下焦肝肾虚热者宜之。此皆三焦气分之药，所谓热淫于内、泻以甘寒也。至于子则甘平而润，性滋而补，不能退热，只能补肾润肺，生精益气。此乃平补之药，所谓精不足者、补之以味也。分而用之，则各有所主；兼而用之，则一举两得。世人但知用黄芩、黄连，苦寒以治上焦之火；黄柏、知母，苦寒以治下焦阴火。

谓之补阴降火，久服致伤元气。而不知枸杞、地骨甘寒平补，使精气充而邪火自退之妙，惜哉﹗予尝以青蒿佐地骨退热，屡有殊功，人所未喻者。兵部尚书刘松石，讳天和，麻城人。

所集《保寿堂方》载地仙丹云︰昔有异人赤脚张，传此方于猗氏县一老人，服之寿百馀，行走如飞，发白反黑，齿落更生，阳事强健。此药性平，常服能除邪热，明目轻身。春采枸杞叶，名天精草；夏采花，名长生草；秋采子，名枸杞子；冬采根，名地骨皮。并阴干，用无灰酒浸一夜，晒露四十九昼夜，取日精月华气，待干为末，炼蜜丸如弹子大。每早晚各用一丸细嚼，以隔夜百沸汤下。此药采无刺味甜者，其有刺者服之无益。","枸杞子（枸杞地骨皮）
【氣味】味甘，性平。
【毒性】無毒。
【歸經】歸肝、腎經。
【主治】滋補肝腎，益精明目。
【釋名】枸 （《爾雅》。音計。《本經》作枸...","GOJI BERRY

[Taste and nature] Sweet; neutral.

[Toxicity] Recorded as non-toxic.

[Channels] Liver and Kidney.

[Actions] Nourishes the Liver and Kidney; enriches essence and benefits the eyes.

[Names and origins]

Older names for the plant include Gou Ji, Gou Ji, Ku Qi, Hong Cai Tou, Tian Jing, Di Gu, Di Fu, Di Xian and Que Shu.

Shizhen explains the name Gou Qi by comparing the plant's thorns with one shrub and its stems with another. Daoist writings later added legendary explanations involving ancient roots shaped like dogs.

[Historical commentary]

Hongjing notes that the leaves were eaten as a slightly bitter vegetable and that both root and fruit were highly valued in longevity traditions.

Song records many elaborate seasonal harvesting practices for the roots, stems, leaves, flowers and fruits. These belong largely to historical longevity culture rather than ordinary clinical use.

Shizhen carefully distinguishes the medicinal parts of the plant. The young shoots, historically called Tian Jing, are bitter-sweet and cool and were used for Heat in the upper burner. The root bark, Di Gu Pi, is sweet-bland and cold and was used for deficiency Heat in the lower burner. The fruit, Goji Berry, is sweet, neutral and moistening and is used primarily to nourish rather than clear Heat.

He emphasizes that the fruit supplements Kidney and Lung, supports essence and Qi and benefits the eyes. This differs from the stronger Heat-clearing reputation of the root bark.

Numerous legends describe extremely old goji plants, dog-shaped roots and people gaining unusual longevity after consuming them. Shizhen preserves these stories while still distinguishing the practical medicinal actions of the plant's different parts.","枸杞子（枸杞・地骨皮）
【性味】甘、平。
【毒性】無毒。
【帰経】肝経・腎経に帰する。
【主治】滋補肝腎、益精明目。
【名称の由来】枸〔原文欠字〕（『爾雅』、音は計）、枸棘（『本草衍義』）、苦杞（『詩疏』）、紅菜頭（『図経本草』）、天精（『抱朴子』）、地骨・地輔（『神農本草経』）、地仙（『日華子本草』）、却暑（『名医別録』）。

李時珍はいう。棘が枸に、茎が杞に似るため両字を合わせた。道書には千年ものの枸杞は犬の形になるので「枸」と名づけたというが、確かではない。蘇頌は、仙人杖には枸杞、苦苣に似た葉を持つ菜、黒く枯れた竹の三種があるという。

【考証】
陶弘景はいう。枸杞の葉を汁物にすると少し苦い。「遠く旅するなら蘿摩と枸杞を食べるな」という俗言は、両者が精気や生殖の力を強めるという意味である。根と実は服食家に好まれ、仙人の杖の名もふさわしい。

蘇頌はいう。茎・葉・実は体を軽くして気を益す。『淮南枕中記』には、正月の寅の日に根を採って二月の卯の日に調え服す、三月の辰の日に茎を採って四月の巳の日に服す、五月の午の日に葉を採って六月の未の日に服す、七月の申の日に花を採って八月の酉の日に服す、九月の戌の日に実を採って十月の亥の日に服す、十一月の子の日に根を採って十二月の丑の日に服すとある。花・実・根・茎・葉を煎じたり、実の汁を煮詰めたりしても働きは同じという。蓬莱県の南丘村には一、二丈の枸杞が多く、村人の長寿は水土の気にもよるだろう。潤州開元寺の古い井戸のそばに育つ枸杞にちなんだ「枸杞井」の水も体によいとされる。雷斅は根が物の形に似たものを上品とする。

李時珍は劉禹錫の『枸杞井詩』を引く。僧房の薬木は冷たい井戸に寄り、清水と薬には霊があり、緑の葉と赤い実を結び、枝は仙人の杖、古い根は瑞犬の姿となり、一杯の水が寿命を延ばすと詠む。『続仙伝』には朱孺子が二匹の花犬を追って枸杞の茂みに入り、犬形の根を掘って食べると体が軽くなった話がある。周密の『浩然斎日抄』にも、宋の徽宗の時に順州の土中から犬形の古い枸杞を得て献上したとある。滋養に働くのは実だけではなく、根も単なる解熱にとどまらない。ただし部位ごとに性味と用途は異なる。苗は天精といい苦甘・涼で上焦の心肺の熱に、根は地骨といい甘淡・寒で下焦の肝腎の虚熱に向く。ともに三焦の気分に働き、甘寒で内熱を瀉す。実は甘平で潤し、熱を退けず、腎と肺を補い精と気を養う。部位別にも併用でも役立つ。黄芩・黄連で上焦の火、黄柏・知母で下焦の陰火を苦寒で下すことばかりを補陰降火とし、長期服用で元気を傷めるのは惜しい。枸杞や地骨の甘寒で穏やかに補えば、精気が満ちて邪火は自然に退く。私も青蒿を地骨に添えて熱を退けるのに用い、たびたび効果を得たという。

兵部尚書の劉天和が集めた『保寿堂方』には地仙丹がある。赤脚張という異人が猗氏県の老人に伝え、服した老人は百余歳まで生き、速く歩き、白髪が黒くなり歯が生え直したという。平性で邪熱を除き、目を明らかにして体を軽くするとされる。春に葉を採って天精草、夏に花を採って長生草、秋に実を採って枸杞子、冬に根を採って地骨皮とする。それぞれ陰干しし、灰を含まない酒に一夜浸し、昼夜四十九日さらして乾かし粉末にする。煉蜜で弾丸大の丸薬を作り、朝夕一丸ずつ噛んで、一晩置いて沸かした湯で飲む。刺がなく甘いものを採り、刺のあるものは服しても益がないという。","구기자

【성미】단맛, 평하다.

【독성】무독성으로 기록되어 있다.

【귀경】간·신.

【효능】간과 신을 자양하고 정을 풍부하게 하며 눈을 돕는다.

【명칭과 기원】

이 약재는 고전 본초서에 여러 이명과 산지가 기록되어 있다. 약용 부위의 형태와 법제 방법에 따라 성질과 작용이 달라질 수 있다.

【고전 해설】

고전 의가들은 구기자의 성미와 귀경을 바탕으로 위 효능을 설명했다. 임상에서는 병의 한열·허실과 환자의 체질을 살피고, 필요한 경우 다른 약재와 배합하여 사용한다."
UI_BOOK_ENTRY_TITLE_GOU_TENG,钩藤,鉤藤,Uncaria Hook,釣藤鈎,조구등
UI_BOOK_ENTRY_BODY_GOU_TENG,"钩藤（钓藤）
【气味】味甘，性凉。
【毒性】无毒。
【归经】归肝、心包经。
【主治】息风定惊，清热平肝。
【释名】弘景曰︰出建平。亦作吊藤。疗小儿，不入余方。

时珍曰︰其刺曲如钓钩，故名。或作吊，从简耳。

【发明】
时珍曰︰钓藤，手足厥阴药也。足厥阴主风，手厥阴主火。 惊痫眩晕，皆肝风相火之病。钓藤通心包于肝木，风静火息，则诸证自除。或云︰入数寸","鉤藤（釣藤）
【氣味】味甘，性涼。
【毒性】無毒。
【歸經】歸肝、心包經。
【主治】息風定驚，清熱平肝。
【釋名】弘景曰︰出建平。亦作吊藤。療小兒，不入余...","UNCARIA HOOK

[Taste and nature] Sweet; cool.

[Toxicity] Recorded as non-toxic.

[Channels] Liver and Pericardium.

[Actions] Extinguishes Wind and calms convulsions; clears Heat and pacifies the Liver.

[Names and origins]

Also written Diao Teng in older texts.

Hongjing records its origin in Jianping and notes that it was especially used in pediatric medicine.

Shizhen explains the name through the plant's curved thorns, which resemble fishing hooks.

[Historical commentary]

Shizhen classifies Uncaria Hook as a Jueyin herb of both the Liver and Pericardium. In traditional theory, the Liver governs Wind and the Pericardium relates to ministerial Fire.

For this reason it was used for convulsions, epilepsy-like disorders, dizziness and vertigo attributed to Liver Wind and Fire.

The therapeutic idea is that when Liver Wind is calmed and Fire settles, these symptoms resolve.

The surviving source text ends abruptly after this explanation.","釣藤鈎（鉤藤）
【性味】甘、涼。
【毒性】無毒。
【帰経】肝経・心包経に帰する。
【主治】息風定驚、清熱平肝。
【名称の由来】陶弘景は、建平の産で吊藤とも書き、小児の治療に用い、ほかの処方には入れないという。李時珍は、とげが釣り針のように曲がるため釣藤と呼び、「吊」は簡略な表記だという。

【考証】
李時珍はいう。釣藤は手足厥陰の薬である。足厥陰は風、手厥陰は火をつかさどる。驚癇やめまいは肝風と相火に関わり、釣藤が心包と肝を通じさせ、風と火が鎮まれば症状も治まる。原文は「あるいは数寸を入れるという」で途切れている。","조구등

【성미】단맛, 서늘하다.

【독성】무독성으로 기록되어 있다.

【귀경】간·심포.

【효능】풍을 끄고 경련을 안정시키며 열을 내리고 간양을 평정한다.

【명칭과 기원】

이 약재는 고전 본초서에 여러 이명과 산지가 기록되어 있다. 약용 부위의 형태와 법제 방법에 따라 성질과 작용이 달라질 수 있다.

【고전 해설】

고전 의가들은 조구등의 성미와 귀경을 바탕으로 위 효능을 설명했다. 임상에서는 병의 한열·허실과 환자의 체질을 살피고, 필요한 경우 다른 약재와 배합하여 사용한다."
UI_BOOK_ENTRY_TITLE_GUA_LOU_REN,瓜蒌仁,瓜蔞仁,Trichosanthes Seed,瓜蔞仁,과루인
UI_BOOK_ENTRY_BODY_GUA_LOU_REN,"瓜蒌仁（栝蒌）
【气味】味甘，性寒。
【毒性】无毒。
【归经】归肺、胃、大肠经。
【主治】润肺化痰，滑肠通便。
【释名】果裸（音裸）、栝蒌（《纲目》）、天瓜（《别录》）、黄瓜（《别录》）、地蒌（《本经》）、泽姑（《别录》）
根名白药（《图经》）、天花粉（《图经》）、瑞雪（《赵宜真》）。

时珍曰︰裸，与蓏同。

许慎云︰木上曰果，地下曰蓏。此物蔓生附木，故得兼名。《诗》云︰果裸之实，亦施于宇，是矣。栝蒌，即果裸二字音转也，亦作𤫱𤬏，后人又转为栝蒌，愈转愈失其真矣。古者瓜姑同音，故有泽姑之名。齐人谓之天瓜，象形也。雷 《炮炙论》，以圆者为栝，长者为蒌，亦出牵强，但分雌雄可也。其根作粉，洁白如雪，故谓之天花粉。苏颂《图经》重出天花粉，谬矣，今削之。

【发明】
震亨曰︰栝蒌实治胸痹者，以其味甘性润。甘能补肺，润能降气。胸中有痰者，乃肺受火逼，失其降下之令。今得甘缓润下之助，则痰自降，宜其为治嗽之要药也。且又能洗涤胸膈中垢腻郁热，为治消渴之神药。

时珍曰︰张仲景治胸痹痛引心背，咳唾喘息，及结胸满痛，皆用栝蒌实。乃取其甘寒不犯胃气，能降上焦之火，使痰气下降也。成无己不知此意，乃云苦寒以泻热。盖不尝其味原不苦，而随文傅会尔。","瓜蔞仁（栝蔞）
【氣味】味甘，性寒。
【毒性】無毒。
【歸經】歸肺、胃、大腸經。
【主治】潤肺化痰，滑腸通便。
【釋名】果裸（音裸）、栝蔞（《綱目》）、天...","TRICHOSANTHES SEED

[Taste and nature] Sweet; cold.

[Toxicity] Recorded as non-toxic.

[Channels] Lung, Stomach and Large Intestine.

[Actions] Moistens the Lung and transforms phlegm; lubricates the intestines and promotes bowel movements.

[Names and origins]

Older names for the fruit include Guo Luo, Gua Lou, Tian Gua, Huang Gua, Di Lou and Ze Gu. The root was separately known as Bai Yao, Trichosanthes Root and Rui Xue.

Shizhen traces several of these names to ancient descriptions of a vine whose fruit hangs from other plants. He also notes that powder made from the root is white like snow, explaining the name Trichosanthes Root.

[Historical commentary]

Zhenheng: The fruit treats chest impediment because it is sweet and moistening. Sweetness supports the Lung, while moisture helps Qi descend. When Heat constrains the Lung and phlegm accumulates in the chest, Gua Lou helps restore downward movement.

He also describes it as clearing greasy, constrained Heat from the chest and diaphragm and valued it in wasting-thirst patterns.

Shizhen: Zhang Zhongjing used Gua Lou fruit for chest pain radiating to the Heart and back, cough, wheezing and painful chest fullness. Its sweet, cold nature clears upper-jiao Heat without strongly damaging the Stomach and allows phlegm and Qi to descend.

Shizhen criticizes descriptions calling the herb bitter, noting that its actual taste is sweet rather than bitter and that its action should be understood from this quality.","瓜蔞仁（栝楼仁）
【性味】甘、寒。
【毒性】無毒。
【帰経】肺経・胃経・大腸経に帰する。
【主治】潤肺化痰、滑腸通便。
【名称の由来】果裸（音は裸）、栝楼（『本草綱目』）、天瓜・黄瓜・沢姑（『名医別録』）、地楼（『神農本草経』）。根は白薬・天花粉（『図経本草』）、瑞雪（趙宜真）という。

李時珍はいう。「裸」は「蓏」と同じで、許慎は木の上に実るものを果、地に生じるものを蓏という。この植物はつるが木に絡むため両方を名に含む。『詩経』に果裸の実が家の軒まで伸びるとある。栝楼は果裸の音が変わったもので、表記が重ねて変わり元の姿から離れた。昔は瓜と姑が同音だったので沢姑とも呼び、斉では形から天瓜と呼ぶ。雷斅が丸いものを栝、長いものを楼とするのはこじつけで、雌雄で分ければよい。根を粉にすると雪のように白いので天花粉といい、蘇頌の『図経』が別項目にしたのは誤りなので統合する。

【考証】
朱震亨はいう。栝楼の実を胸痺に用いるのは甘く潤すためである。甘味は肺を補い、潤いは気を下げる。胸に痰があるのは肺が火に迫られ下降の働きを失ったためで、甘く緩め潤して下せば痰も下がる。咳の重要な薬であり、胸や横隔膜の汚れた鬱熱も洗い流し、消渇にもよい。

李時珍はいう。張仲景が胸の痛みが心や背に及び、咳や喘ぎのある胸痺、また胸の結びと張りの痛みに栝楼の実を用いたのは、甘寒で胃気を傷めず、上焦の火を下げ痰気を降ろすためである。成無己が苦寒で熱を瀉すと説いたのは、実際の甘い味を確かめず文に合わせた解釈である。","과루인

【성미】단맛, 차다.

【독성】무독성으로 기록되어 있다.

【귀경】폐·위·대장.

【효능】폐를 윤택하게 하고 담을 삭이며 장을 부드럽게 해 배변을 돕는다.

【명칭과 기원】

이 약재는 고전 본초서에 여러 이명과 산지가 기록되어 있다. 약용 부위의 형태와 법제 방법에 따라 성질과 작용이 달라질 수 있다.

【고전 해설】

고전 의가들은 과루인의 성미와 귀경을 바탕으로 위 효능을 설명했다. 임상에서는 병의 한열·허실과 환자의 체질을 살피고, 필요한 경우 다른 약재와 배합하여 사용한다."
UI_BOOK_ENTRY_TITLE_GUI_BAN_JIAO,龟板胶,龜板膠,Tortoise Shell Gelatin,亀板膠,구판교
UI_BOOK_ENTRY_BODY_GUI_BAN_JIAO,"龟板胶（水龟）
【气味】甘、咸，凉。
【毒性】无毒。
【归经】归 肝、肾、心经。
【主治】滋阴潜阳，益肾健骨，养血补心，凉血止血。
【释名】神屋（《本经》）、败龟版（《日华》）、败将（《日华》）、漏天机（《图经》）。

时珍曰︰并隐名也。

【发明】
阴之物，禀北方之气而生，故能补阴、治血、治劳也。

时珍曰︰龟、鹿皆灵而有寿。龟首常藏向腹，能通任脉。故取其甲以补心、补肾、补血，皆以养阴也。鹿鼻常反向尾，能通督脉，故取其角以补命、补精、补气，皆以养阳也。

乃物理之玄微，神工之能事。观龟甲所主诸病，皆属阴虚血弱，自可心解矣。又见鳖甲。","龜板膠（水龜）
【氣味】甘、咸，涼。
【毒性】無毒。
【歸經】歸 肝、腎、心經。
【主治】滋陰潛陽，益腎健骨，養血補心，涼血止血。
【釋名】神屋（《本經》...","TORTOISE SHELL GELATIN

[Taste and nature] Sweet and salty; cool.

[Toxicity] Recorded as non-toxic.

[Channels] Liver, Kidney and Heart.

[Actions] Nourishes Yin and anchors Yang; supports the Kidney and strengthens bones; nourishes blood and the Heart; cools the blood and stops bleeding.

[Names and origins]

Older names associated with tortoise shell include Shen Wu, Bai Gui Ban, Bai Jiang and Lou Tian Ji.

Shizhen notes that these are mostly indirect or symbolic names.

[Historical commentary]

Traditional theory regarded the tortoise as a deeply Yin creature associated with the northern direction and Water. For that reason its shell was used to nourish Yin, support blood and treat deficiency.

Shizhen contrasts tortoise and deer. The tortoise was associated with the Ren vessel and with nourishing Heart, Kidney and blood; deer antler was associated with the Du vessel and with supporting Yang, essence and Qi.

He concludes that the classical indications of tortoise shell largely involve Yin deficiency and weak blood, reflecting this traditional symbolic framework.","亀板膠（水亀）
【性味】甘・鹹、涼。
【毒性】無毒。
【帰経】肝経・腎経・心経に帰する。
【主治】滋陰潜陽、益腎健骨、養血補心、涼血止血。
【名称の由来】神屋（『神農本草経』）、敗亀版・敗将（『日華子本草』）、漏天機（『図経本草』）。李時珍はこれらはいずれも隠語だという。

【考証】
陰に属するもので、北方の気を受けて生じるため、陰を補い、血の病や虚労を治すという。

李時珍はいう。亀も鹿も霊性があり長寿である。亀は頭を腹に向けて隠すことが多く任脈に通じるので、甲羅で心・腎・血を補い陰を養う。鹿は鼻を尾の方へ向けることが多く督脈に通じるので、角で命門・精・気を補い陽を養う。これは生き物の理の奥深いところで、亀甲の主治が陰虚・血弱に属することも理解できる。鼈甲の項も参照。","구판교

【성미】단맛·짠맛, 서늘하다.

【독성】무독성으로 기록되어 있다.

【귀경】간·신·심.

【효능】음을 보하고 양을 잠재우며 신과 뼈를 돕는다. 혈과 심을 자양하고 혈열을 식혀 출혈을 멎게 한다.

【명칭과 기원】

이 약재는 고전 본초서에 여러 이명과 산지가 기록되어 있다. 약용 부위의 형태와 법제 방법에 따라 성질과 작용이 달라질 수 있다.

【고전 해설】

고전 의가들은 구판교의 성미와 귀경을 바탕으로 위 효능을 설명했다. 임상에서는 병의 한열·허실과 환자의 체질을 살피고, 필요한 경우 다른 약재와 배합하여 사용한다."
UI_BOOK_ENTRY_TITLE_GUI_ZHI,桂枝,桂枝,Cinnamon Twig,桂枝,계지
UI_BOOK_ENTRY_BODY_GUI_ZHI,"桂枝（桂）
【气味】味辛、甘，性温。
【毒性】无毒。
【归经】归心、肺、膀胱经。
【主治】发汗解肌，温通经脉，助阳化气。
【释名】时珍曰︰按︰范成大《桂海志》云︰凡木叶心皆一纵理，独桂有两道如圭形，故字从圭。

陆佃《埤雅》云︰桂犹圭也。宣导百药，为之先聘通使，如执圭之使也。《尔雅》谓之梫者，能侵害他木也。故《吕氏春秋》云︰桂枝之下无杂木。《雷公炮炙论》云︰桂钉木根，其木即死，是也。桂即牡桂之浓而辛烈者，牡桂即桂之薄而味淡者，《别录》不当重出，今并为一，而分目于下。

【发明】
宗奭曰︰桂甘、辛，大热。《素问》云︰辛甘发散为阳。故汉张仲景桂枝汤治伤寒表虚，皆须此药，正合辛甘发散之意。本草三种之桂，不用牡桂、菌桂者，此二种性只于温，不可以治风寒之病也。然《本经》只言桂，仲景又言桂枝者，取枝上皮也。

好古曰︰或问︰本草言桂能止烦出汗，而张仲景治伤寒有当发汗，凡数处，皆用桂枝汤。又云无汗不得服桂枝。汗家不得重发汗，若用桂枝是重发其汗。汗多者用桂枝甘草汤，此又用桂枝闭汗也。一药二用，与本草之义相通否乎？曰︰本草言桂辛甘大热，能宣导百药，通血脉，止烦出汗，是调其血而汗自出也。仲景云︰太阳中风，阴弱者，汗自出。卫实营虚，故发热汗出。又云太阳病发热汗出者，此为营弱卫强，阴虚阳必凑之，故皆用桂枝发其汗。此乃调其营气，则卫气自和，风邪无所容，遂自汗而解。非桂枝能开腠理，发出其汗也。汗多用桂枝者，以之调和营卫，则邪从汗出而汗自止，非桂枝能闭汗孔也。昧者不知出汗、闭汗之意，遇伤寒无汗者亦用桂枝，误之甚矣。桂枝汤下发汗字，当认作出字，汗自然发出，非若麻黄能开腠理，发出其汗也。其治虚汗，亦当逆察其意可也。

成无己曰︰桂枝本为解肌。若太阳中风，腠理致密，营卫邪实，津液禁固，其脉浮紧，发热汗不出者，不可与此必也。皮肤疏泄，自汗，脉浮缓，风邪干于卫气者，乃可投之。发散以辛甘为主，桂枝辛热，故以为君。而以芍药为臣、甘草为佐者，风淫所胜，平以辛苦，以甘缓之，以酸收之也。以姜、枣为使者，辛甘能发散，而又用其行脾胃之津液而和营卫，不专于发散也。故麻黄汤不用姜、枣，专于发汗，不待行其津液也。

时珍曰︰麻黄遍彻皮毛，故专于发汗而寒邪散，肺主皮毛，辛走肺也。桂枝透达营卫，故能解肌而风邪去，脾主营，肺主卫，甘走脾，辛走肺也。肉桂下行，益火之原，此东垣所谓肾苦燥，急食辛以润之，开腠理，致津液，通其气者也。《圣惠方》言︰桂心入心，引血化汗化脓。盖手少阴君火、厥阴相火，与命门同气者也。《别录》云桂通血脉是矣。","桂枝（桂）
【氣味】味辛、甘，性溫。
【毒性】無毒。
【歸經】歸心、肺、膀胱經。
【主治】發汗解肌，溫通經脈，助陽化氣。
【釋名】時珍曰︰按︰範成大《桂海...","CINNAMON TWIG

[Taste and nature] Acrid and sweet; warm.

[Toxicity] Recorded as non-toxic.

[Channels] Heart, Lung and Bladder.

[Actions] Releases the exterior and relaxes the muscles; warms and unblocks the channels; assists Yang and transforms Qi.

[Names and origins]

Shizhen cites an old explanation that the written character gui reflects the distinctive vein pattern of cinnamon leaves.

Another traditional explanation compares Cinnamon Twig with an envoy carrying an official jade tablet: it guides and leads other medicines through the body.

[Historical commentary]

Zongshi: The acrid and sweet nature of Cinnamon Twig gives it a dispersing quality. Zhang Zhongjing's Cinnamon Twig Decoction uses it for exterior deficiency patterns in which Wind affects the surface.

Haogu explains that Cinnamon Twig does not simply 'force sweat.' In spontaneous-sweating Taiyang Wind patterns, it harmonizes the nutritive and defensive levels so that pathogenic Wind is released and normal sweating is restored.

This also explains why it may appear in formulas for excessive sweating: by regulating Ying and Wei, sweating can normalize rather than simply increase.

Cheng Wuji emphasizes that Cinnamon Twig is primarily a muscle-releasing herb. It suits exterior deficiency with spontaneous sweating and a floating, relaxed pulse, but not tightly closed exterior excess with no sweat and a floating, tight pulse.

In Cinnamon Twig Decoction, Shao Yao restrains and nourishes, Licorice Root harmonizes, and ginger with jujube assists the Spleen and Stomach while coordinating Ying and Wei.

Shizhen contrasts Cinnamon Twig with Ephedra Herb. Ephedra Herb acts more directly on the skin and body hair to induce sweating, whereas Cinnamon Twig penetrates the nutritive and defensive levels and releases Wind from the muscle layer.

He also distinguishes cinnamon bark as a more downward-moving medicine that supports the source of Fire, while Cinnamon Twig has a stronger role in the surface and channels.","桂枝（桂）
【性味】辛・甘、温。
【毒性】無毒。
【帰経】心経・肺経・膀胱経に帰する。
【主治】発汗解肌、温通経脈、助陽化気。
【名称の由来】李時珍は范成大の『桂海志』を引く。木の葉の中心には通常一本の筋があるが、桂には圭の形をした二本の筋があり、「圭」の字を含むという。陸佃の『埤雅』は、桂は圭を持つ使者のように諸薬を導くという。『爾雅』の「梫」はほかの木を侵す性質に由来し、『呂氏春秋』には桂枝の下に雑木は生えず、『雷公炮炙論』には桂を木の根に打つと枯れるとある。桂と牡桂には厚さや辛味の違いがあるが、『名医別録』の別項目を統合して以下で分ける。

【考証】
寇宗奭はいう。桂は甘辛で大熱であり、『素問』は辛甘の発散を陽とする。張仲景の桂枝湯が傷寒の表虚に用いられるのもそのためである。ほかの桂は温性が弱く風寒を治せない。『神農本草経』には単に桂とあり、桂枝とは枝の皮を取ることを指す。

王好古は問う。本草は桂が煩いを止めて汗を出すというのに、張仲景は無汗の人は桂枝湯を飲まず、汗をかいた人は再び汗を出してはならないとしながら、多汗には桂枝甘草湯を用いる。発汗と止汗をどう両立させるのか。桂枝の辛甘は血脈を通じさせ、営衛を調えることで自然に汗が出て邪が去るのであって、皮膚の毛穴を直接開いて汗を強制するわけではない。太陽中風では衛が強く営が弱く、熱と自汗があるため桂枝で営を調え、衛を整える。汗が多い場合も営衛を調えれば邪が去って汗が自然に止まるのであり、汗孔を閉じるわけではない。無汗の傷寒に桂枝を用いるのは誤りである。桂枝湯の「発汗」は自然に汗が出る意味で、麻黄による発汗とは異なる。虚による汗の治療もこの意味を見極めるべきだ。

成無己はいう。桂枝はもともと肌を解く薬である。太陽中風でも皮膚のきめが密で、営衛とも邪が強く、脈が浮緊で発熱しても無汗なら用いない。皮膚が緩み、自汗があり、脈が浮緩で、風邪が衛気を侵す場合に適する。辛甘で発散させるため桂枝を君薬、芍薬を臣薬、甘草を佐薬とする。辛苦で風を抑え、甘で緩め、酸で収める。生姜・大棗を使薬とするのは脾胃の津液を巡らせ営衛を調えるためで、単なる発散ではない。麻黄湯には生姜・大棗を入れず、もっぱら汗を出す。

李時珍はいう。麻黄は皮膚と毛に達し、肺へ入る辛味によって発汗して寒邪を散らす。桂枝は営衛へ通じ、脾へ入る甘味と肺へ入る辛味によって肌を解き風邪を除く。肉桂は下へ向かって火の源を養う。『聖恵方』には桂心は心へ入り、血を導いて汗や膿に変えるとある。手少陰の君火と厥陰の相火が命門と同じ気を持つためで、『名医別録』が桂は血脈を通すというのもその意味である。","계지

【성미】매운맛·단맛, 따뜻하다.

【독성】무독성으로 기록되어 있다.

【귀경】심·폐·방광.

【효능】표를 풀고 근육을 이완하며 경맥을 따뜻하게 통하게 한다. 양기를 돕고 기화를 촉진한다.

【명칭과 기원】

이 약재는 고전 본초서에 여러 이명과 산지가 기록되어 있다. 약용 부위의 형태와 법제 방법에 따라 성질과 작용이 달라질 수 있다.

【고전 해설】

고전 의가들은 계지의 성미와 귀경을 바탕으로 위 효능을 설명했다. 임상에서는 병의 한열·허실과 환자의 체질을 살피고, 필요한 경우 다른 약재와 배합하여 사용한다."
UI_BOOK_ENTRY_TITLE_HONG_HUA,红花,紅花,Safflower,紅花,홍화
UI_BOOK_ENTRY_BODY_HONG_HUA,"红花（红蓝花）
【气味】味辛，性温。
【毒性】无毒
【归经】归心、肝经。
【主治】活血通经，散瘀止痛
【释名】红花（《开宝》）、黄蓝颂曰︰其花红色，叶颇似蓝，故有蓝名。

【发明】
时珍曰︰血生于心包，藏于肝，属于冲任。红花汁与之同类，故能行男子血脉，通女子经水。多则行血，少则养血。按《养 漫笔》云︰新昌徐氏妇，病产晕已死，但胸膈 微热。有名医陆氏曰︰血闷也。得红花数十斤，乃可活。遂亟购得，以大锅煮汤，盛三桶于窗格之下，舁妇寝其上熏之，汤冷再加。有顷指动，半日乃苏。按此亦得唐许胤宗，以黄汤熏柳太后风病之法也。","紅花（紅藍花）
【氣味】味辛，性溫。
【毒性】無毒
【歸經】歸心、肝經。
【主治】活血通經，散瘀止痛
【釋名】紅花（《開寶》）、黃藍頌曰︰其花紅色，葉頗似...","SAFFLOWER

[Taste and nature] Acrid; warm.

[Toxicity] Recorded as non-toxic.

[Channels] Heart and Liver.

[Actions] Invigorates blood and promotes menstruation; dispels blood stasis and relieves pain.

[Names and origins]

An older name is Hong Lan Hua. Song explains that the flower is red while its leaves resemble those of indigo, which accounts for the element lan in the name.

[Historical commentary]

Shizhen: Blood is associated with the Pericardium, stored in the Liver and connected with the Chong and Ren vessels. Because safflower's red juice was traditionally regarded as analogous to blood, it was used to move the blood and regulate menstruation.

He preserves the old saying that larger amounts move blood more strongly, while smaller amounts may have a gentler, nourishing effect.

An anecdote tells of a woman who collapsed after childbirth and was thought to have severe blood obstruction. Large quantities of safflower were boiled and the steam used around her bed; she reportedly regained consciousness.

The story illustrates the herb's historical reputation for strongly moving blood, rather than a modern treatment recommendation.","紅花（紅藍花）
【性味】辛、温。
【毒性】無毒。
【帰経】心経・肝経に帰する。
【主治】活血通経、散瘀止痛。
【名称の由来】紅花（『開宝本草』）、黄藍。蘇頌は、花が赤く葉が藍に似るので藍の名があるという。

【考証】
李時珍はいう。血は心包で生じ肝に蔵され、衝脈と任脈に属する。紅花の汁は血と同類なので、男性の血脈を巡らせ、女性の月経を通じさせる。多量では血を動かし、少量では血を養う。ある記録には、新昌の徐氏の妻が産後のめまいで亡くなったように見えたが、胸だけがわずかに温かかったとある。名医の陸氏は血が塞いだためと診て、紅花数十斤を大鍋で煮て三桶の湯を窓の下に並べ、女性を寝台ごとその上へ運び、湯が冷めれば足して蒸した。まもなく指が動き、半日後に意識を回復した。これは唐の許胤宗が黄いろい湯の蒸気で柳太后の風の病を治した方法に似るという。","홍화

【성미】매운맛, 따뜻하다.

【독성】무독성으로 기록되어 있다.

【귀경】심·간.

【효능】혈을 움직여 월경을 돕고 어혈을 흩어 통증을 줄인다.

【명칭과 기원】

이 약재는 고전 본초서에 여러 이명과 산지가 기록되어 있다. 약용 부위의 형태와 법제 방법에 따라 성질과 작용이 달라질 수 있다.

【고전 해설】

고전 의가들은 홍화의 성미와 귀경을 바탕으로 위 효능을 설명했다. 임상에서는 병의 한열·허실과 환자의 체질을 살피고, 필요한 경우 다른 약재와 배합하여 사용한다."
UI_BOOK_ENTRY_TITLE_HOU_PO,厚朴,厚朴,Magnolia Bark,厚朴,후박
UI_BOOK_ENTRY_BODY_HOU_PO,"厚朴（浓朴）
【气味】味苦、辛，性温。
【毒性】无毒。
【归经】归脾、胃、肺、大肠经。
【主治】燥湿消痰，下气除满。
【释名】烈朴（《日华》）、赤朴（《别录》）、浓皮（同）、重皮（《广雅》），树名榛（《别录》），子名逐折（《别录》）。

时珍曰︰其木质朴而皮浓，味辛烈而色紫赤，故有浓朴、烈、赤诸名。

颂曰︰《广雅》谓之重皮，方书或作浓皮也。

【发明】
宗奭曰：厚朴，平胃散中用，最调中。至今此药盛行，既能温脾胃，又能走冷气，为世所须也。

元素曰：厚朴之用有三：平胃，一也；去腹胀，二也；孕妇忌之，三也。虽除腹胀，若虚弱人，宜斟酌用之，误服脱人元气。惟寒胀大热药中兼用，乃结者散之之神药也。

震亨曰：厚朴属土，有火。其气温，能泻胃中之实也，平胃散用之。佐以苍术，正为泻胃中之湿，平胃土之太过，以致于中和而已，非谓温补脾胃也。习以成俗，皆谓之补，哀哉！其治腹胀者，因其味辛以提其滞气，滞行则宜去之。若气实人，误服参、耆药多补气，胀闷或作喘，宜此泻之。

好古曰：《本草》言厚朴治中风伤寒头痛，温中益气，消痰下气，厚肠胃，去腹满，果泄气乎？果益气乎？盖与枳实、大黄同用，则能泄实满，所谓消痰下气是也。若与橘皮、苍术同用，则能除湿满，所谓温中益气是也。与解利药同用，则治伤寒头痛；与泻痢药同用，则厚肠胃。大抵其性味苦温，用苦则泄，用温则补也。故成无己云：厚朴之苦，以泄腹满。

杲曰：苦能下气，故泄实满；温能益气，故散湿满。","厚朴（濃樸）
【氣味】味苦、辛，性溫。
【毒性】無毒。
【歸經】歸脾、胃、肺、大腸經。
【主治】燥濕消痰，下氣除滿。
【釋名】烈樸（《日華》）、赤樸（《別...","MAGNOLIA BARK

[Taste and nature] Bitter and acrid; warm.

[Toxicity] Recorded as non-toxic.

[Channels] Spleen, Stomach, Lung and Large Intestine.

[Actions] Dries Dampness and transforms phlegm; directs Qi downward and relieves fullness.

[Names and origins]

Older names include Lie Po, Chi Po, Nong Pi and Chong Pi.

Shizhen explains these names from the tree's thick bark, strong acrid taste and reddish-purple color.

[Historical commentary]

Zongshi: Magnolia Bark is a central herb in Calm the Stomach Powder and is particularly useful for regulating the middle, warming the Spleen and Stomach and moving Cold Qi.

Yuansu summarizes three points: it regulates the Stomach, relieves abdominal distention, and should be used cautiously in pregnancy. In weak patients, excessive use may damage source Qi.

Zhenheng stresses that Magnolia Bark is not simply a tonic. Its warm, acrid nature moves stagnant Qi and drains excess from the Stomach. In Calm the Stomach Powder it works with Atractylodes Rhizome to remove Dampness and restore balance rather than merely 'warming and supplementing.'

Haogu explains its apparently opposite effects through combination. With Immature Bitter Orange or Da Huang it drains excess fullness; with Aged Tangerine Peel and Atractylodes Rhizome it resolves Damp fullness and warms the middle.

Its bitterness directs Qi downward and relieves excess; its warmth helps disperse Cold-Dampness. Thus the formula context determines whether its effect appears more draining or more supportive.","厚朴（濃朴）
【性味】苦・辛、温。
【毒性】無毒。
【帰経】脾経・胃経・肺経・大腸経に帰する。
【主治】燥湿消痰、下気除満。
【名称の由来】烈朴（『日華子本草』）、赤朴・濃皮（『名医別録』）、重皮（『広雅』）。木は榛、実は逐折（『名医別録』）ともいう。

李時珍はいう。木質は素朴で皮は厚く、味は辛く強く色は赤紫なので、濃朴・烈朴・赤朴と呼ぶ。蘇頌は『広雅』の重皮を引き、処方書では濃皮とも書くという。

【考証】
寇宗奭はいう。厚朴は平胃散に入り、中焦をよく調える。脾胃を温め冷えた気を巡らせるため、今も広く用いられる。

張元素はいう。胃を整える、腹の張りを除く、妊婦には避けるという三点がある。腹の張りを除くとしても虚弱者には慎重に用い、誤用すれば元気を失わせる。寒による張りには強い温熱薬に添えると、結びを散らす重要な薬となる。

朱震亨はいう。厚朴は土に属し火を含み、温かい気で胃の実を瀉す。平胃散で蒼朮と合わせるのは胃の湿を除き、行き過ぎた胃土を中庸に戻すためで、脾胃を温めて補うためではない。腹が張る場合、辛味で滞った気を動かしたら薬を去るべきだ。気が実した人が人参や黄耆を過剰に飲み、張りや喘ぎを生じたときにはこれで瀉す。

王好古はいう。本草は厚朴が中風・傷寒の頭痛、中焦の温め、益気、痰を消して気を下げる、腸胃を養い腹の張りを除くとする。気を瀉すのか益すのか。枳実・大黄と合わせれば実した張りを瀉し、橘皮・蒼朮と合わせれば湿による張りを除いて中を温め気を養う。解表の薬と合わせれば傷寒の頭痛、下痢を治す薬と合わせれば腸胃を整える。苦味で瀉し温性で補うので、成無己も苦味が腹の張りを瀉すという。李杲は、苦味は気を下げて実した張りを瀉し、温性は気を養い湿による張りを散らすという。","후박

【성미】쓴맛·매운맛, 따뜻하다.

【독성】무독성으로 기록되어 있다.

【귀경】비·위·폐·대장.

【효능】습을 말리고 담을 삭이며 기를 아래로 내려 팽만을 줄인다.

【명칭과 기원】

이 약재는 고전 본초서에 여러 이명과 산지가 기록되어 있다. 약용 부위의 형태와 법제 방법에 따라 성질과 작용이 달라질 수 있다.

【고전 해설】

고전 의가들은 후박의 성미와 귀경을 바탕으로 위 효능을 설명했다. 임상에서는 병의 한열·허실과 환자의 체질을 살피고, 필요한 경우 다른 약재와 배합하여 사용한다."
UI_BOOK_ENTRY_TITLE_HUANG_LIAN,黄连,黃連,Coptis Rhizome,黄連,황련
UI_BOOK_ENTRY_BODY_HUANG_LIAN,"黄连
【气味】味苦，大寒。
【毒性】无毒。
【归经】归心、脾、胃、肝、胆、大肠经。
【主治】清热燥湿，泻火解毒。
【释名】王连（《本经》）、支连（《药性》）。

时珍曰：其根连珠而色黄，故名。

【发明】元素曰：黄连性寒味苦，气味俱浓，可升可降，阴中阳也，入手少阴经。其用有六：泻心脏火，一也；去中焦湿热，二也；诸疮必用，三也；去风湿，四也；赤眼暴发，五也；止中部见血，六也。张仲景治九种心下痞，五等泻心汤，皆用之。

成无己曰：苦入心，寒胜热，黄连、大黄之苦寒，以导心下之虚热。蛔得甘则动，得苦 则安，黄连、黄柏之苦，以安蛔也。

好古曰：黄连苦燥，苦入心，火就燥。泻心者，其实泻脾也，实则泻其子也。

震亨曰：黄连，去中焦湿热而泻心火。若脾胃气虚，不能转运者，则以茯苓、黄芩代之。以猪胆汁拌炒，佐以龙胆草，则大泻肝胆之火。下痢胃口热禁口者，用黄连、人参煎汤，终日呷之，如吐再强饮，但得一呷下咽便好。

刘完素曰：古方以黄连为治痢之最。盖治痢惟宜辛苦寒药，辛能发散开通郁结，苦能燥 湿，寒能胜热，使气宣平而已。诸苦寒药多泄，惟黄连、黄柏性冷而燥，能降火去湿而止泻痢，故治痢以之为君。

宗奭曰：今人多用黄连治痢，盖执以苦燥之义。下俚但见肠虚渗泄，微似有血，便即用之，又罔顾寒热多少，惟欲尽剂，由是多致危困。若气实初病，热多血痢，服之便止，不必 尽剂。虚而冷者，慎勿轻用。

杲曰：诸痛痒疮疡，皆属心火。凡诸疮宜以黄连、当归为君，甘草、黄芩为佐。凡眼暴 发赤肿，痛不可忍者，宜黄连、当归以酒浸煎之。宿食不消，心下痞满者，须用黄连、枳实。

颂曰：黄连治目方多，而羊肝丸尤奇异。今医家洗眼，以黄连、当归、芍药等分，用雪 水或甜水煎汤热洗之，冷即再温，甚益眼目。但是风毒赤目花翳，用之无不神效。盖眼目之病，皆是血脉凝滞使然，故以行血药合黄连治之。血得热则行，故乘热洗也。

韩 曰：火分之病，黄连为主，不但泻心火，而与芩、柏诸苦药例称者比也。目疾，入以人乳浸蒸，或点或服之。生用为君，佐以官桂少许，煎百沸，入蜜空心服之，能使心肾 交于顷刻。入五苓、滑石，大治梦遗。以黄土、姜汁、酒、蜜四炒为君，以使君子为臣，白芍药酒煮为佐，广木香为使，治小儿五疳。以茱萸炒者，加木香等分，生大黄倍之，水丸，治五痢。此皆得制方之法也。

时珍曰：黄连，治目及痢为要药。古方治痢：香连丸，用黄连、木香；姜连散，用干姜、黄连；变通丸，用黄连、茱萸；姜黄散，用黄连、生姜。治消渴，用酒蒸黄连；治伏暑，用酒煮黄连；治下血，用黄连、大蒜；治肝火，用黄连、茱萸；治口疮，用黄连、细辛。皆是一冷一热，一阴一阳，寒因热用，热因寒用，君臣相佐，阴阳相济，最得制方之妙，所以有成功而无偏胜之害也。

弘景曰：俗方多用黄连治痢及渴，道方服食长生。

慎微曰：刘宋王微《黄连赞》云：黄连味苦，左右相因。断凉涤暑，阐命轻身。缙云昔御，飞跸上 。不行而至，吾闻其人。又梁江淹《黄连颂》云：黄连上草，丹砂之次。御孽 辟妖，长灵久视。骖龙行天，驯马匝地。鸿飞以仪，顺道则利。

时珍曰：《本经》、《别录》并无黄连久服长生之说，惟陶弘景言道方久服长生。

《神仙传》载封君达、黑穴公，并服黄连五十年得仙。窃谓黄连大苦大寒之药，用之降火燥 湿，中病即当止。岂可久服，使肃杀之令常行，而伐其生发冲和之气乎？《素问》载岐伯言 ：五味入胃，各归所喜攻。久而增气，物化之常也。气增而久，夭之由也。王冰注云：酸入肝为温，苦入心为热，辛入肺为清，咸入肾为寒，甘入脾为至阴而四气兼之，皆增其味而益其气，故各从本脏之气为用。所以久服黄连、苦参反热，从火化也，余味皆然。久则脏气偏 胜，即有偏绝，则有暴夭之道。是以绝粒服饵之人不暴亡者，无五味偏助也。又秦观与乔希 圣论黄连书云：闻公以眼疾饵黄连，至十数两犹不巳，殆不可也。医经有久服黄连、苦参反 热之说。此虽大寒，其味至苦，入胃则先归于心，久而不己，心火偏胜则热，乃其理也。况 眼疾本于肝热，肝与心为子母。心火也，肝亦火也，肾孤脏也，人患一水不胜二火。岂可久 服苦药，使心有所偏胜，是以火救火，其可乎？秦公此书，盖因王公之说而推详之也。我明荆端王素多火病，医令服金花丸，乃芩、连、栀、柏四味，饵至数年，其火愈炽，遂至内障 丧明。观此，则寒苦之药，不但使人不能长生，久则气增偏胜，速夭之由矣。当以《素问》 之言为法，陶氏道书之说，皆谬谈也。杨士瀛云：黄连能去心窍恶血。","黃連
【氣味】味苦，大寒。
【毒性】無毒。
【歸經】歸心、脾、胃、肝、膽、大腸經。
【主治】清熱燥濕，瀉火解毒。
【釋名】王連（《本經》）、支連（《藥性》...","COPTIS RHIZOME

[Taste and nature] Bitter; very cold.

[Toxicity] Recorded as non-toxic.

[Channels] Heart, Spleen, Stomach, Liver, Gallbladder and Large Intestine.

[Actions] Clears Heat and dries Dampness; drains Fire and resolves toxicity.

[Names and origins]

Older names include Wang Lian and Zhi Lian.

Shizhen explains that the yellow root grows in connected, bead-like segments, giving rise to the name Coptis Rhizome.

[Historical commentary]

Yuansu lists six principal uses: draining Heart Fire, clearing Damp-Heat from the middle burner, treating sores, removing Wind-Dampness, treating sudden red eyes and controlling bleeding in the middle burner.

Cheng Wuji: Bitter enters the Heart and cold overcomes Heat. Coptis Rhizome and other bitter-cold herbs therefore clear pathological Heat in the epigastrium.

Haogu and Zhenheng emphasize its role in clearing Heart Fire and middle-jiao Damp-Heat, while warning that patients with weak Spleen and Stomach Qi may not tolerate it well.

Liu Wansu regards Coptis Rhizome as one of the most important herbs for Heat-type dysentery because bitterness dries Dampness and cold clears Heat.

Zongshi strongly cautions against routine use for every case of diarrhea. It suits early, excess, Heat-type dysentery far better than deficiency-Cold diarrhea.

Gao describes its use in inflamed sores, acute red and painful eyes, and food stagnation with focal epigastric fullness when appropriately combined.

Shizhen highlights how classical formulas pair Coptis Rhizome with warming or Qi-moving herbs: Costus Root for dysentery, Dried Ginger or Fresh Ginger for Cold-Heat balance, Wu Zhu Yu for Liver Fire, and Asarum Herb for mouth sores. Such pairings prevent an overly one-sided bitter-cold effect.

He rejects Daoist claims that prolonged use promotes immortality. Because Coptis Rhizome is intensely bitter and cold, he argues that it should be stopped once the targeted Heat and Dampness are corrected; long-term excessive use can damage normal physiological balance.","黄連
【性味】苦味、非常に寒性。
【毒性】無毒。
【帰経】心・脾・胃・肝・胆・大腸経。
【主治】熱を清め湿を乾かし、火を瀉して毒を解く。
【名称の由来】王連（『本経』）、支連（『薬性』）。李時珍によれば、根が数珠状につながり黄色いため、この名がある。
【考証】張元素は、寒性で苦味が強く、昇降の両方に働き、手少陰経に入るという。作用は心火を瀉す、中焦の湿熱を除く、瘡を治す、風湿を除く、急な目の充血を治す、中焦の出血を止める、の六つ。張仲景の心下痞を治す諸種の瀉心湯にも用いる。成無己は、苦味は心に入り寒性は熱に勝ち、心下の虚熱を導くと説く。蛔虫は甘味で動き苦味で鎮まるため、黄連・黄柏の苦味を用いる。王好古は、心火を瀉すのは脾を瀉すことにも通じるという。朱震亨は中焦の湿熱と心火を除くとし、脾胃の気が虚して運化できない場合は茯苓・黄芩に替える。猪胆汁で炒めて竜胆草を添えると肝胆の火を強く瀉す。熱のため食べられない下痢には人参と煎じ、少量ずつ飲ませるという。
劉完素は、古方で痢疾の要薬とされる理由を、辛味が鬱結を開き、苦味が湿を乾かし、寒性が熱を制することに求める。寇宗奭は、初発の実熱で血便を伴う場合には効くが、虚寒の下痢や少量の血を見ただけで漫然と使うのは危険と戒める。李杲は瘡には当帰を合わせ、赤く腫れて痛む目には酒で浸した黄連・当帰を煎じ、食滞による心下痞満には枳実を合わせる。蘇頌は羊肝丸や、黄連・当帰・芍薬を等量煎じて温かいうちに目を洗う古法を挙げる。韓氏は人乳で蒸したものを目に用いるほか、桂枝・蜂蜜、五苓散・滑石、使君子・白芍薬・木香などとの配合例を記す。李時珍は目の病と痢疾の要薬とし、香連丸、姜連散、変通丸、姜黄散のほか、消渇には酒蒸し、伏暑には酒煮、下血には大蒜、肝火には茱萸、口瘡には細辛と組み合わせる例を示す。寒熱・陰陽の薬を助け合わせる配合の妙である。
陶弘景は痢疾や口渇への使用と、道家の長期服用説を記す。『黄連賛』『黄連頌』や『神仙伝』にも長寿の伝承があるが、李時珍は『本経』『別録』にその説はなく、強い苦寒の薬は火と湿が治まれば止めるべきだと論じる。『素問』の五味の偏り、王冰の注、秦観が眼病に黄連を大量服用する友人に宛てた戒めを引き、久服でかえって熱が盛んになると述べる。明の荊端王が黄芩・黄連・梔子・黄柏からなる金花丸を数年服用し、内障で失明した話も挙げる。楊士瀛は心の悪血を除くと述べた。

【古典での配合と議論】韓氏は黄連を人乳に浸して蒸し、目に点じたり服用したりすると記す。少量の官桂とともに煎じ、蜂蜜を加えて空腹時に服む方法、五苓散・滑石と合わせて夢精を治す方法も挙げる。黄土・生姜汁・酒・蜂蜜でそれぞれ炒めた黄連を主として使君子、酒煮の白芍薬、木香を配する小児の五疳の処方、呉茱萸で炒めた黄連に木香と倍量の生大黄を加えて丸薬にする五痢の処方にも触れる。

李時珍は『素問』の「五味は長く取り過ぎると臓気に偏りを生じる」という論を引く。王冰の注では酸・苦・辛・鹹・甘がそれぞれの臓に偏るため、苦寒の黄連や苦参を久服しても逆に熱を生じうる。秦観の書簡は、肝熱による眼病で黄連を十数両も飲み続ければ心火を偏らせると戒める。荊端王の金花丸長服による失明の例は、この久服批判の根拠として示された歴史的記述である。","황련

【성미】쓴맛, 매우 차다.

【독성】무독성으로 기록되어 있다.

【귀경】심·비·위·간·담·대장.

【효능】열을 내리고 습을 말리며 화를 사하고 독을 푼다.

【명칭과 기원】

이 약재는 고전 본초서에 여러 이명과 산지가 기록되어 있다. 약용 부위의 형태와 법제 방법에 따라 성질과 작용이 달라질 수 있다.

【고전 해설】

고전 의가들은 황련의 성미와 귀경을 바탕으로 위 효능을 설명했다. 임상에서는 병의 한열·허실과 환자의 체질을 살피고, 필요한 경우 다른 약재와 배합하여 사용한다."
UI_BOOK_ENTRY_TITLE_HUANG_QI,黄芪,黃耆,Astragalus Root,黄耆,황기
UI_BOOK_ENTRY_BODY_HUANG_QI,"黄芪（黄耆）
【气味】味甘，性微温。
【毒性】无毒。
【归经】归脾、肺经。
【主治】补气升阳，固表止汗，利水消肿，生津养血，行滞通痹，托毒排脓，敛疮生肌。
【释名】黄耆（《纲目》）、戴糁（《本经》）、戴椹（《别录》，又名独椹）、芰草（《别录》，又名蜀脂）、百本（《别录》）、王孙（《药性论》）。

时珍曰︰耆，长也。黄耆色黄，为补药之长，故名。今俗通作黄芪。或作蓍者，非矣。蓍，乃蓍龟之蓍，音尸。王孙与牡蒙同名异物。

【发明】弘景曰︰出陇西者，温补；出白水者，冷补。又有赤色者，可作膏，用消痈肿。

藏器曰︰虚而客热，用白水黄耆；虚而客冷，用陇西黄耆。

大明曰︰黄耆，药中补益，呼为羊肉；白水耆，凉，无毒，排脓治血，及烦闷热毒骨蒸劳；赤水耆，凉，无毒，治血退热毒，馀功并同；木耆，凉，无毒，治烦排脓之力，微于黄，遇阙即倍用之。

元素曰︰黄耆甘温纯阳，其用有五︰补诸虚不足，一也；益元气，二也；壮脾胃，三也；去肌热，四也；排脓止痛，活血生血，内托阴疽，为疮家圣药，五也。又曰︰补五脏诸虚，治脉弦自汗，泻阴火，去虚热，无汗，则发之；有汗，则止之。

好古曰︰黄耆，治气虚盗汗，并自汗及肤痛，是皮表之药；治咯血，柔脾胃，是中州之药；治伤寒尺脉不至，补肾脏元气，是里药。乃上、中、下、内、外、三焦之药也。

杲曰︰《灵枢》云卫气者，所以温分肉而充皮肤，肥腠理而司开阖。黄耆既补三焦，实卫气，与桂同功；特比桂甘平，不辛热为异耳。但桂则通血脉，能破血而实卫气， 则益气也。又黄耆与人参、甘草三味，为除躁热肌热之圣药。脾胃一虚，肺气先绝，必用黄耆温分肉，益皮毛，实腠理，不令汗出，以益元气而补三焦。

震亨曰︰黄耆补元气，肥白而多汗者，为宜；若面黑形实而瘦者，服之，令人胸满，宜以三拗汤泻之。

宗奭曰︰防风、黄耆，世多相须而用。唐许胤宗初仕陈为新蔡王外兵参军时，柳太后病风不能言，脉沉而口噤。

胤宗曰︰既不能下药，宜汤气蒸之，药入腠理，周时可瘥。乃造黄耆防风汤数斛，置于床下，气如烟雾，其夕便得语也。

杲曰︰防风能制黄耆，黄耆得防风其功愈大，乃相畏而相使也。

震亨曰︰人之口通乎地，鼻通乎天。口以养阴，鼻以养阳。天主清，故鼻不受有形而受无形；地主浊，故口受有形而兼乎无形。柳太后之病不言，若以有形之汤，缓不及事；今投以二物，汤气满室，则口鼻俱受。非智者通神，不可回生也。

杲曰︰小儿外物惊，宜用黄连安神丸镇心药。若脾胃寒湿，呕吐腹痛，泻痢青白，宜用益黄散药。如脾胃伏火，劳役不足之证，及服巴豆之类，胃虚而成慢惊者，用益黄、理中之药，必伤人命。当于心经中，以甘温补土之源，更于脾土中，以甘寒泻火，以酸凉补金，使金旺火衰，风木自平矣。今立黄耆汤泻火补金益土，为神治之法。用炙黄耆二钱，人参一钱，炙甘草五分，白芍药五分，水一大盏，煎半盏，温服。

机曰︰萧山魏直著《博爱心鉴》三卷，言小儿痘疮，惟有顺、逆、险三证。顺者为吉，不用药。逆者为凶，不必用药。惟险乃悔吝之象，当以药转危为安，宜用保元东加减主之。

此方原出东垣，治慢惊土衰火旺之法。今借而治痘，以其内固营血，外护卫气，滋助阴阳，作为脓血，其证虽异，其理则同。去白芍药，加生姜，改名曰保元汤。炙黄耆三钱，人参二钱，炙甘草一钱，生姜一片，水煎服之。险证者，初出圆晕干红少润也，浆长光泽，顶陷不起也；既出虽起惨色不明也，浆行色灰不荣也，浆定光润不消也，浆老湿润不敛也，结痂而胃弱内虚也，痂落而口渴不食也，痂后生痈肿也，痈肿溃而敛迟也。凡有诸症，并宜此汤。或加芎 ，加官桂，加糯米以助之。详见本书。

嘉谟曰︰人参补中，黄耆实表。凡内伤脾胃，发热恶寒，吐泄怠卧，胀满痞塞，神短脉微者，当以人参为君，黄耆为臣；若表虚自汗亡阳，溃疡痘疹阴疮者，当以黄耆为君，人参为臣，不可执一也。","黃耆
【氣味】味甘，性微溫。
【毒性】無毒。
【歸經】歸脾、肺經。
【主治】補氣升陽，固表止汗，利水消腫，生津養血，行滯通痹，托毒排膿，斂瘡生肌。...","ASTRAGALUS ROOT

[Taste and nature] Sweet; slightly warm.

[Toxicity] Recorded as non-toxic.

[Channels] Spleen and Lung.

[Actions] Tonifies Qi and raises Yang; secures the exterior and stops sweating; promotes urination and reduces swelling; generates fluids and nourishes blood; opens obstruction; supports discharge of pus and tissue healing.

[Names and origins]

Older names include Astragalus Root, Dai Shen, Du Shen, Ji Cao, Shu Zhi, Bai Ben and Wang Sun.

Shizhen explains the name by saying Qi means 'elder' or 'chief': because the yellow root was regarded as one of the foremost Qi tonics, it became known as Astragalus Root.

[Historical commentary]

Hongjing and Cangqi distinguish regional varieties, describing some as more warming and others as relatively cooling.

Yuansu lists five major roles: supplementing deficiency, restoring source Qi, strengthening Spleen and Stomach, relieving deficiency Heat in the muscles, and supporting pus discharge and healing in chronic sores.

Haogu emphasizes its unusually broad range: it acts at the exterior for spontaneous or night sweating, in the middle for Spleen and Stomach weakness, and internally for deep deficiency.

Gao links Astragalus Root with defensive Qi. It strengthens the exterior, warms the flesh, supports the skin and interstices and reduces inappropriate sweating. Compared with Cinnamon Twig, its action is more directly Qi-tonifying and less strongly warming or blood-moving.

Zhenheng says it best suits pale, soft, sweaty deficiency constitutions and may cause fullness if given improperly to strong, lean, excess-type patients.

Historical texts frequently pair Astragalus Root with Saposhnikovia Root. One famous anecdote describes medicinal steam made from the two herbs being used for a speechless patient who could not swallow decoctions.

Gao explains that Saposhnikovia Root moderates and guides Astragalus Root, while Astragalus Root's effect becomes stronger in this partnership.

Jiamo distinguishes Ginseng Root and Astragalus Root by emphasis: Ginseng Root is stronger for internal Spleen-Stomach deficiency, while Astragalus Root is stronger for exterior Qi deficiency, spontaneous sweating and chronic sores. Which is chief or deputy depends on the pattern.","黄耆（黄芪）
【性味】甘味、微温性。
【毒性】無毒。
【帰経】脾・肺経。
【主治】気を補って陽を上げ、表を固め汗を止める。水を巡らせ腫れを引き、津液と血を養い、滞りと痺れを除く。膿の排出を助け、瘡を収めて肉芽を生じさせる。
【名称の由来】黄耆、戴糝、戴椹、芰草、百本、王孫。李時珍によれば「耆」は長を意味し、黄色で補薬の長とされるため黄耆という。黄芪とも書くが、蓍とは別物。王孫も牡蒙とは同名異物である。
【考証】陶弘景は隴西産を温補、白水産を冷補とし、赤いものは膏にして癰腫を消すという。陳蔵器も虚して熱がある場合は白水産、冷えがある場合は隴西産を用いる。大明は補益の働きから「薬中の羊肉」と呼び、白水耆・赤水耆・木耆それぞれの排膿、血熱を除く作用を記す。張元素は甘温で純陽、諸虚を補い、元気を益し、脾胃を強め、肌熱を除き、膿を出して痛みを止め、血を巡らせて生じさせるという。陰疽を内から支える瘡の要薬とした。王好古は自汗・寝汗と皮膚痛には表、喀血と脾胃には中、傷寒で尺脈が絶えた時には裏を補い、三焦の内外に働くと説明する。
李杲は『霊枢』の衛気論を引き、黄耆は肌肉を温め皮膚と腠理を充実させて汗を止め、元気と三焦を補うという。桂枝に似るが辛熱ではなく、桂枝が血脈を通すのに対し黄耆は気を益する。人参・甘草とともに躁熱や肌熱を除く。朱震亨は白くふくよかで汗の多い人に適する一方、色黒で痩せた実証では胸が張るおそれがあるという。寇宗奭は防風との併用を挙げ、許胤宗が言葉を失った柳太后に黄耆防風湯の蒸気を吸わせて回復させた故事を記す。李杲は防風が黄耆を制しつつ効力を高めるといい、朱震亨は口と鼻から薬気を受けたものと解説する。
小児の慢驚が脾胃の虚に由来する場合について、李杲は温燥薬の誤用を戒め、黄耆湯を示す。炙黄耆二銭、人参一銭、炙甘草・白芍薬各五分を水一大杯で半量に煎じ、温服する。汪機は魏直の痘瘡の順・逆・険の分類を紹介し、険証には保元湯を加減するという。これは黄耆湯から白芍薬を除き生姜を加えたもので、炙黄耆三銭、人参二銭、炙甘草一銭、生姜一片を水煎する。初発の乾いた紅色、漿の光沢と陥没、灰色、痂皮後の口渇や腫瘍などの険証に用い、川芎・肉桂・糯米を加える例もある。嘉謨は、人参は中を補い黄耆は表を充実させるため、脾胃の内傷では人参を主、表虚で自汗や潰瘍があれば黄耆を主とし、証に応じて使い分けると説く。

【古典での使い分け】大明は白水耆を涼性で排膿・治血・骨蒸熱に、赤水耆を涼性で治血・退熱に、木耆を排膿の力がやや弱い代用品に位置づける。李杲によると、脾胃の虚では肺気が先に衰えるため、黄耆で肌肉を温め腠理を固めて元気を支える。小児の脾胃寒湿には益黄散の適応もあるが、伏火や胃虚による慢驚に温燥の益黄・理中を誤用すると害があるとして、甘温で土を補い甘寒で火を瀉す黄耆湯を立てた。

保元湯の適応として、痘疹の初発時に周囲が乾いて赤い、漿の形成時に頂部が陥没する、灰色で生気がない、痂皮が落ちてから食べられず口渇がある、痂皮後の癰腫が治りにくい、といった状態が列挙される。汪機は症状により川芎・官桂・糯米を加えるとしている。","황기

【성미】단맛, 약간 따뜻하다.

【독성】무독성으로 기록되어 있다.

【귀경】비·폐.

【효능】기를 보하고 양기를 끌어올리며 표를 굳게 해 땀을 멎게 한다. 소변을 돕고 부기를 줄이며 진액과 혈을 보하고 고름 배출과 조직 회복을 돕는다.

【명칭과 기원】

이 약재는 고전 본초서에 여러 이명과 산지가 기록되어 있다. 약용 부위의 형태와 법제 방법에 따라 성질과 작용이 달라질 수 있다.

【고전 해설】

고전 의가들은 황기의 성미와 귀경을 바탕으로 위 효능을 설명했다. 임상에서는 병의 한열·허실과 환자의 체질을 살피고, 필요한 경우 다른 약재와 배합하여 사용한다."
UI_BOOK_ENTRY_TITLE_HUANG_QIN,黄芩,黃芩,Scutellaria Root,黄芩,황금
UI_BOOK_ENTRY_BODY_HUANG_QIN,"黄芩
【气味】味苦，性寒。
【毒性】无毒。
【归经】归肺、胆、脾、大肠、小肠经。
【主治】清热燥湿，泻火解毒，止血，安胎。
【释名】腐肠（《本经》）、空肠（《别录》）、内虚（《别录》）、妒妇（《吴普》）、经芩 （《别录》）、黄文（《别录》）、印头（《吴普》）、苦督邮（《记事》），内实者名子芩（弘景）、条芩（《纲目》）、 尾芩（《唐本》）、鼠尾芩（《纲目》）。

弘景曰：圆者，名子芩；破者，名宿芩，其腹中皆烂，故名腐肠。

时珍曰：芩，《说文》作 ，谓其色黄也。或云芩者，黔也，黔乃黄黑之色也。宿芩乃旧根，多中空，外黄内黑，即今所谓片芩，故又有腐肠、妒妇诸名。妒 妇心黯，故以比之。子芩乃新根，多内实，即今所谓条芩。或云西芩多中空而色黔，北芩多内实而深黄。

【发明】杲曰：黄芩之中枯而飘者，泻肺火，利气，消痰，除风热，清肌表之热；细实而坚者，泻大肠火，养阴退阳，补膀胱寒水，滋其化源。高下之分与枳实、枳壳同例。

元素曰：黄芩之用有九：泻肺热，一也；上焦皮肤风热风湿，二也；去诸热，三也；利胸中气，四也；消痰膈，五也；除脾经诸湿，六也；夏月须用，七也；妇人产后养阴退阳，八也；安胎，九也。酒炒上行，主上部积血，非此不能除。下痢脓血，腹痛后重，身热久不能止者，与芍药、甘草同用之。凡诸疮痛不可忍者，宜芩、连苦寒之药，详上下，分身、梢及引经药用之。

震亨曰：黄芩降痰，假其降火也。凡去上焦湿热，须以酒洗过用。片芩泻肺火，须用桑白皮佐之。若肺虚者，多用则伤肺，必先以天门冬保定肺气而后用之。黄芩、白术乃安胎圣药，俗以黄芩为寒而不敢用，盖不知胎孕宜清热凉血，血不妄行，乃能养胎。黄芩乃上、中二焦药，能降火下行，白术能补脾也。

罗天益曰：肺主气，热伤气，故身体麻木。又五臭入肺为腥，故黄芩之苦寒，能泻火、补气而利肺，治喉中腥臭。颂曰：张仲景治伤寒心下痞满，泻心汤。凡四方皆用黄芩，以其主诸热、利小肠故也。又太阳病下之利不止，喘而汗出者，有葛根黄芩黄连汤，及主妊娠安胎散，亦多用之。

时珍曰：洁古张氏言：黄芩泻肺火，治脾湿；东垣李氏言：片芩治肺火，条芩治大肠火；丹溪朱氏言：黄芩治上中二焦火；而张仲景治少阳证小柴胡汤，太阳少阳合病下利黄芩汤，少阳证下后心下满而不痛泻心汤，并用之；成无己言黄芩苦而入心，泄痞热。是黄芩能入手少阴阳明、手足太阴少阳六经矣。盖黄芩气寒味苦，色黄带绿，苦入心，寒胜热，泻心火，治脾之湿热，一则金不受刑，一则胃火不流入肺，即所以救肺也。肺虚不宜者，苦寒伤脾胃，损其母也。少阳之证，寒热胸胁痞满，默默不欲饮食，心烦呕，或渴或痞，或小便不利。虽曰病在半表半里，而胸胁痞满，实兼心肺上焦之邪。心烦喜呕，默默不欲饮食，又兼脾胃中焦之证。故用黄芩以治手足少阳相火，黄芩亦少阳本经药也。成无己《注伤寒论》，但云柴胡、黄芩之苦，以发传邪之热；芍药、黄芩之苦，以坚敛肠胃之气，殊昧其治火之妙。杨士瀛《直指方》云：柴胡退热，不及黄芩。盖亦不知柴胡之退热，乃苦以发之，散火之标也；黄芩之退热，乃寒能胜热，折火之本也。仲景又云：少阳证腹中痛者，去黄芩，加芍药。心下悸，小便不利者，去黄芩，加茯苓。似与《别录》治少腹绞痛、利小肠之文不合。成氏言黄芩寒中，苦能坚肾，故去之，盖亦不然。至此当以意逆之，辨以脉证可也。若因饮寒受寒，腹中痛，及饮水心下悸，小便不利，而脉不数者，是里无热证，则黄芩不可用也。若热厥腹痛，肺热而小便不利者，黄芩其可不用乎？故善观书者，先求之理，毋徒泥其文。昔有人素多酒欲，病少腹绞痛不可忍，小便如淋，诸药不效。偶用黄芩、木通、甘草三味煎服，遂止。王海藏言有人因虚服附子药多，病小便秘，服芩、连药而愈。此皆热厥之痛也，学人其可拘乎？予年二十时，因感冒咳嗽既久，且犯戒，遂病骨蒸发热，肤如火燎，每日吐痰碗许，暑月烦渴，寝食几废，六脉浮洪。遍服柴胡、麦门冬、荆沥诸药，月馀益剧，皆以为必死矣。先君偶思李东垣治肺热如火燎，烦躁引饮而昼盛者，气分热也。宜一味黄芩汤，以泻肺经气分之火。遂按方用片芩一两，水二钟，煎一钟，顿服。次日身热尽退，而痰嗽皆愈。药中肯綮，如鼓应桴，医中之妙，有如此哉。","黃芩
【氣味】味苦，性寒。
【毒性】無毒。
【歸經】歸肺、膽、脾、大腸、小腸經。
【主治】清熱燥濕，瀉火解毒，止血，安胎。
【釋名】腐腸（《本經》）、空腸...","SCUTELLARIA ROOT

[Taste and nature] Bitter; cold.

[Toxicity] Recorded as non-toxic.

[Channels] Lung, Gallbladder, Spleen, Large Intestine and Small Intestine.

[Actions] Clears Heat and dries Dampness; drains Fire and resolves toxicity; stops bleeding; calms the fetus.

[Names and origins]

Older names include Fu Chang, Kong Chang, Nei Xu, Du Fu, Jing Qin, Huang Wen, Yin Tou and Ku Du You. Solid young roots were called Zi Qin or Tiao Qin, while older hollow roots were often called Pian Qin.

Hongjing describes young roots as solid and older roots as hollow or decayed within, explaining names such as Fu Chang, 'rotten intestine.'

Shizhen notes that regional and age-related differences in root structure led physicians to distinguish different forms.

[Historical commentary]

Gao: Hollow, lighter pieces were used more for Lung Fire, phlegm and upper-body Wind-Heat, while dense solid roots were associated more with Large Intestine Heat and lower-jiao effects.

Yuansu lists nine traditional uses, including clearing Lung Heat, upper-jiao Wind-Heat and Damp-Heat, resolving phlegm, removing Spleen Dampness, treating summer Heat, supporting postpartum Yin and calming pregnancy.

Zhenheng says Scutellaria Root lowers phlegm by reducing Fire. Wine-processing was used to direct it toward the upper burner. He also warns that excessive use can injure a deficient Lung.

Scutellaria Root with White Atractylodes Rhizome became a classic pairing in pregnancy formulas because one clears Heat and cools the blood while the other strengthens the Spleen.

Shizhen reviews its use across Shaoyang, upper- and middle-jiao Heat patterns. He stresses that the herb should be chosen according to actual Heat signs rather than by rigid disease labels.

If abdominal pain or difficult urination comes from Cold with a slow pulse, Scutellaria Root is inappropriate. If the same symptoms arise from Heat, it may be essential.

He records personal recovery from a severe febrile cough and profuse phlegm after taking a single-herb Scutellaria Root decoction, using the case to illustrate the importance of matching medicine to pattern rather than following formulas mechanically.","黄芩
【性味】苦味、寒性。
【毒性】無毒。
【帰経】肺・胆・脾・大腸・小腸経。
【主治】熱を清め湿を乾かし、火を瀉して毒を解き、出血を止め、胎を安定させる。
【名称の由来】腐腸、空腸、内虚、妬婦、経芩、黄文、印頭、苦督郵。実の詰まった若い根は子芩・条芩・尾芩・鼠尾芩ともいう。陶弘景は丸いものを子芩、古く内部が空洞のものを宿芩とする。李時珍は古根の片芩と新根の条芩の違い、外黄内黒の色に由来する名称を説明する。
【考証】李杲は空洞で軽い根は肺火、気滞、痰、風熱と肌表の熱を除き、細く堅い根は大腸火を瀉して陰を養い、膀胱の水の源を助けるという。張元素は肺熱、上焦の風熱・風湿、諸熱、胸の気滞、痰、脾の湿、産後の熱を除き、胎を安定させるなど九つの働きを挙げる。酒で炒めると上部の瘀血に働く。膿血を伴う下痢と腹痛には芍薬・甘草を合わせ、瘡の激痛には黄連とともに用いる。朱震亨は火を下げることで痰を降ろすといい、上焦の湿熱には酒で洗い、片芩には桑白皮を添える。肺虚では多用を避け天門冬で肺気を守る。黄芩と白朮は古来の安胎薬とする。羅天益は肺熱によるしびれや咽頭の生臭さを挙げ、蘇頌は瀉心湯、葛根黄芩黄連湯、妊娠の安胎散の例を記す。
李時珍は、張潔古の肺火と脾湿、李東垣の片芩と条芩の区別、朱丹渓の上・中焦の火、張仲景の小柴胡湯・黄芩湯・瀉心湯の例を照合する。苦味が心に入り寒性が熱を制し、心火と脾の湿熱を除くことで肺も守るが、肺虚に苦寒を多用すると脾胃を損なう。少陽病の寒熱、胸脇の張り、食欲不振、煩躁と嘔気には上焦と中焦の病が併存するため黄芩を使う。柴胡は邪熱を発散させ、黄芩は寒性で熱の根を抑えるという違いを述べる。『傷寒論』で腹痛に黄芩を除いて芍薬を、小便不利と動悸には茯苓を加えるとあるが、文字に拘泥せず脈と証を見よという。寒冷による腹痛・飲水後の動悸で熱証がなければ黄芩は使わず、熱による腹痛や肺熱に伴う小便不利なら用いる。黄芩・木通・甘草で酒色による下腹部痛と排尿痛が治まった例、附子の過服後の尿閉が黄芩・黄連で治った例も挙げる。李時珍自身も若い頃、長引く咳、骨蒸熱、口渇、多量の痰を患い、柴胡・麦門冬などでは悪化したが、片芩一両を水二杯から一杯に煎じて一度に服し、翌日熱と咳痰が治まったと記す。

【古典での弁証】少陽証の胸脇痞満、心煩、嘔気、口渇や尿の出にくさを、李時珍は上焦の心肺と中焦の脾胃の症状が重なるものとして説明する。成無己の「苦味は腸胃の気を堅くする」という解釈や、楊士瀛の「柴胡より黄芩のほうが解熱に優れる」という一律の比較には異議を唱え、病因と脈証から使い分けよという。『別録』の下腹部痛・利小腸の記述と仲景の加減法が食い違うように見えても、冷えによる腹痛か熱による腹痛かを見定める必要がある。自身の経験では、片芩一両を水二鐘から一鐘まで煎じて頓服したと記す。","황금

【성미】쓴맛, 차다.

【독성】무독성으로 기록되어 있다.

【귀경】폐·담·비·대장·소장.

【효능】열을 내리고 습을 말리며 화를 사하고 독을 푼다. 출혈을 멎게 하고 태를 안정시킨다.

【명칭과 기원】

이 약재는 고전 본초서에 여러 이명과 산지가 기록되어 있다. 약용 부위의 형태와 법제 방법에 따라 성질과 작용이 달라질 수 있다.

【고전 해설】

고전 의가들은 황금의 성미와 귀경을 바탕으로 위 효능을 설명했다. 임상에서는 병의 한열·허실과 환자의 체질을 살피고, 필요한 경우 다른 약재와 배합하여 사용한다."
UI_BOOK_ENTRY_TITLE_HUI_XIANG,茴香,茴香,Fennel,茴香,회향
UI_BOOK_ENTRY_BODY_HUI_XIANG,"茴香
【气味】味辛，性温。
【毒性】无毒。
【归经】归肝、肾、脾、胃经。
【主治】散寒止痛，理气和胃。
【释名】茴香（《图经》），八月珠（《侯氏药谱》）。

颂曰： 香，北人呼为茴香，声相近也。

思邈曰：煮臭肉，下少许，即无臭气，臭酱入末亦香，故曰茴香。

时珍曰：俚俗多怀之衿衽咀嚼，恐 香之名，或以此也。

【发明】诜曰：茴香，国人重之，云有助阳道，未得其方法也。

好古曰：茴香，本治膀胱药，以其先丙，故曰小肠也，能润丙燥；以其先戊，故从丙至壬，又手、足少阴二药，以开上下经之通道，所以壬与丙交也。

时珍曰：小茴香性平，理气开胃，夏月祛蝇辟臭，食料宜之。大茴香性热，多食伤目发疮，食料不宜过用。古方有去铃丸：用茴香二两，连皮生姜四两，同入坩器内腌一伏时，慢火炒之，入盐一两，为末，糊丸梧子大。每服三、五十丸，空心盐酒下。此方本治脾胃虚弱病。茴香得盐则引入肾经，发出邪气。肾不受邪，病自不生也。亦治小肠疝气有效。","茴香
【氣味】味辛，性溫。
【毒性】無毒。
【歸經】歸肝、腎、脾、胃經。
【主治】散寒止痛，理氣和胃。
【釋名】茴香（《圖經》），八月珠（《侯氏藥譜》）。...","FENNEL

[Taste and nature] Acrid; warm.

[Toxicity] Recorded as non-toxic.

[Channels] Liver, Kidney, Spleen and Stomach.

[Actions] Disperses Cold and relieves pain; regulates Qi and harmonizes the Stomach.

[Names and origins]

Also called Ba Yue Zhu in older materia medica.

Song notes that the northern pronunciation of the name helped establish the form Fennel.

Sun Simiao gives a practical folk explanation: a little fennel removes unpleasant odors from meat or sauces, leaving them fragrant.

[Historical commentary]

Older authors praised fennel as both food and medicine and sometimes associated it with supporting Yang.

Haogu describes it as opening communication between the lower and upper channels and particularly relating it to the urinary and Kidney systems.

Shizhen distinguishes small fennel from star anise-like 'large fennel.' He describes small fennel as relatively balanced, useful for regulating Qi and stimulating appetite.

He warns that the hotter large variety may injure the eyes or promote sores if eaten excessively.

An old formula combined fennel with fresh ginger and salt for Spleen-Stomach weakness and hernia-type lower abdominal pain. Salt was said to guide fennel toward the Kidney channel, illustrating the traditional importance of processing and combination.","茴香
【性味】辛、温。
【毒性】無毒。
【帰経】肝経・腎経・脾経・胃経に帰する。
【主治】散寒止痛、理気和胃。
【名称の由来】茴香（『図経本草』）、八月珠（『侯氏薬譜』）。

蘇頌は、北方の人が茴香と呼ぶのは別名と音が近いからだという。孫思邈は、臭い肉を煮るとき少し入れれば臭いが消え、臭い醤に粉を加えても香りがよくなるので茴香という。李時珍は、民間では襟に入れて携え、噛むことが多く、別名の由来はそのためかもしれないという。原文ではその別名の字が欠ける。

【考証】
孟詵はいう。人々は茴香が生殖の力を助けると重んじるが、具体的な用法は分からない。王好古は、膀胱に働き、小腸の燥を潤し、手足の少陰も通じさせ、上と下の経絡をつなぐと説く。

李時珍はいう。小茴香は平性で気を整え食欲を促し、夏には虫や悪臭を遠ざけ、料理に適する。大茴香は熱性で多食すると目を傷め瘡を生じるので、料理に使いすぎない。古方の去鈴丸では茴香二両と皮付き生姜四両を容器で一昼夜漬け、弱火で炒り、塩一両を加え粉末にして糊で梧桐の実ほどの丸薬にする。空腹時に三十～五十丸を塩を加えた酒で飲む。もとは脾胃の虚弱を治す処方で、塩が茴香を腎経へ導き邪気を出す。小腸の疝気にも効くという。","회향

【성미】매운맛, 따뜻하다.

【독성】무독성으로 기록되어 있다.

【귀경】간·신·비·위.

【효능】한을 흩어 통증을 줄이고 기를 조절해 위를 조화시킨다.

【명칭과 기원】

이 약재는 고전 본초서에 여러 이명과 산지가 기록되어 있다. 약용 부위의 형태와 법제 방법에 따라 성질과 작용이 달라질 수 있다.

【고전 해설】

고전 의가들은 회향의 성미와 귀경을 바탕으로 위 효능을 설명했다. 임상에서는 병의 한열·허실과 환자의 체질을 살피고, 필요한 경우 다른 약재와 배합하여 사용한다."
UI_BOOK_ENTRY_TITLE_HUO_XIANG,藿香,藿香,Patchouli,藿香,곽향
UI_BOOK_ENTRY_BODY_HUO_XIANG,"藿香
【气味】味辛，性微温。
【毒性】无毒。
【归经】归脾、胃、肺经。
【主治】芳香化湿，和中止呕，发表解暑。
【释名】兜娄婆香（《楞严经》）。

时珍曰︰豆叶曰藿，其叶似之，故名。《楞严经》云︰坛前以兜娄婆香煎水洗浴。即此。《法华经》谓之多摩罗跋香，《金光明经》谓之钵怛罗香，皆兜娄二字梵言也。《涅槃》又谓之迦算香。

【发明】
杲曰︰芳香之气助脾胃，故藿香能止呕逆，进饮食。

好古曰︰手、足太阴之药。 故入顺气乌药散，则补肺；入黄 、四君子汤，则补脾也。","藿香
【氣味】味辛，性微溫。
【毒性】無毒。
【歸經】歸脾、胃、肺經。
【主治】芳香化濕，和中止嘔，發表解暑。
【釋名】兜婁婆香（《楞嚴經》）。

時珍曰...","PATCHOULI

[Taste and nature] Acrid; slightly warm.

[Toxicity] Recorded as non-toxic.

[Channels] Spleen, Stomach and Lung.

[Actions] Aromatically transforms Dampness; harmonizes the middle and stops vomiting; releases the exterior and relieves summer-Heat.

[Names and origins]

An older Buddhist name is Dou Lou Po Xiang. Shizhen notes that several transliterated Sanskrit names appear in Buddhist scriptures.

The Chinese name Patchouli refers to the resemblance of its leaves to those of certain bean plants.

[Historical commentary]

Gao: Its fragrant Qi supports the Spleen and Stomach, which explains its ability to stop nausea and vomiting and improve appetite.

Haogu classifies it as a Taiyin herb acting on both Lung and Spleen.

When combined in Qi-regulating formulas it can support the Lung; in formulas with Astragalus Root or the Four Gentlemen Decoction group it supports the Spleen.

Its aromatic, slightly warm nature made it especially important for Dampness obstructing the middle burner with nausea, poor appetite and a heavy sensation.","藿香
【性味】辛、微温。
【毒性】無毒。
【帰経】脾経・胃経・肺経に帰する。
【主治】芳香化湿、和中止嘔、解表解暑。
【名称の由来】兜婁婆香（『楞厳経』）。

李時珍はいう。葉が豆の葉である藿に似るため藿香という。『楞厳経』には壇の前で兜婁婆香を煎じた水で沐浴するとあり、これを指す。『法華経』の多摩羅跋香、『金光明経』の鉢怛羅香も同じ梵語の異なる表記で、『涅槃経』には迦算香とある。

【考証】
李杲はいう。芳香が脾胃を助けるため、藿香は吐き気を止め食欲を増す。

王好古はいう。手足太陰の薬で、順気烏薬散に入れれば肺を、黄耆や四君子湯と合わせれば脾を補う。","곽향

【성미】매운맛, 약간 따뜻하다.

【독성】무독성으로 기록되어 있다.

【귀경】비·위·폐.

【효능】향기로 습을 변화시키고 중초를 조화시켜 구토를 멎게 한다. 표를 풀고 여름 열을 줄인다.

【명칭과 기원】

이 약재는 고전 본초서에 여러 이명과 산지가 기록되어 있다. 약용 부위의 형태와 법제 방법에 따라 성질과 작용이 달라질 수 있다.

【고전 해설】

고전 의가들은 곽향의 성미와 귀경을 바탕으로 위 효능을 설명했다. 임상에서는 병의 한열·허실과 환자의 체질을 살피고, 필요한 경우 다른 약재와 배합하여 사용한다."
UI_BOOK_ENTRY_TITLE_JI_ZI_HUANG,鸡子黄,雞子黃,Egg Yolk,鶏子黄,계자황
UI_BOOK_ENTRY_BODY_JI_ZI_HUANG,"鸡子黄
【气味】味甘，性平。
【毒性】无毒。
【归经】归心、肾、脾经。
【主治】滋阴养血，润燥息风，清心安神，养胃止渴。
【释名】烛夜（《古今志》）。

时珍曰︰按徐铉云︰“鸡者稽也，能稽时也。”

《广志》云︰“大曰蜀，小曰荆，雏曰𪇗 。

《梵书》曰︰“鸡曰鸠七咤 。”

【发明】
时珍曰︰鸡子黄，气味俱浓，阴中之阴，故能补形。昔人谓其与阿胶同功，正此意也。其治呕逆诸疮，则取其除热引虫而已。颂曰︰鸡子入药最多，而发煎方特奇。刘禹锡《传信方》云︰乱发鸡子膏，治孩子热疮。用鸡子五枚，去白取黄，乱发如鸡子大，相和，于铁铫中炭火熬之。初甚干，少顷即发焦，乃有液出。旋取置碗中，以液尽为度。取涂疮上，即以苦参末粉之。顷在武陵生子，蓐内便有热疮，涂诸药无益，而日益剧，蔓延半身，昼夜号啼，不乳不睡。因阅本草发 条云︰合鸡子黄煎之，消为水，疗小儿惊热、下痢。注云︰俗中妪母为小儿作鸡子煎，用发杂熬之，良久得汁，与小儿服，去痰热，主百病。又鸡子条云︰疗火疮。因是用之，果如神效也。","雞子黃
【氣味】味甘，性平。
【毒性】無毒。
【歸經】歸心、腎、脾經。
【主治】滋陰養血，潤燥息風，清心安神，養胃止渴。
【釋名】燭夜（《古今志》）。

...","EGG YOLK

[Taste and nature] Sweet; neutral.

[Toxicity] Recorded as non-toxic.

[Channels] Heart, Kidney and Spleen.

[Actions] Nourishes Yin and blood; moistens dryness and calms Wind; clears the Heart and calms the spirit; nourishes the Stomach and relieves thirst.

[Names and origins]

An older name for the chicken is Bamboo Leaf.

Shizhen cites philological explanations connecting the word for chicken with its ability to mark time by crowing.

[Historical commentary]

Shizhen: Egg yolk is rich in both Qi and flavor and is deeply nourishing. He compares its nourishing action with Donkey-Hide Gelatin, especially in conditions of Yin and blood deficiency.

Its old uses for vomiting, sores and febrile conditions were explained through its moistening and Heat-clearing qualities.

Song records that eggs appear frequently in traditional medicine. One unusual external preparation combined egg yolk with burned human hair to produce an oily liquid for childhood Heat sores.

Liu Yuxi relates a personal anecdote in which a newborn with extensive inflamed skin lesions reportedly improved after such an application.

These accounts reflect historical topical practice; the central internal role of egg yolk remained nourishing Yin and blood and moistening dryness.","鶏子黄
【性味】甘、平。
【毒性】無毒。
【帰経】心経・腎経・脾経に帰する。
【主治】滋陰養血、潤燥息風、清心安神、養胃止渇。
【名称の由来】燭夜（『古今志』）。

李時珍は徐鉉の説を引き、鶏は時刻を知るため「稽」と音が通じるという。『広志』は大きいものを蜀、小さいものを荊、ひなを𪇗と呼ぶ。梵語の書では鶏を鳩七咤と呼ぶという。原文の引用には欠字がある。

【考証】
李時珍はいう。卵黄は気味がともに濃く、陰中の陰であり、体を養う。阿膠と同じ働きとされたのもこのためである。嘔吐や瘡には熱を除き虫を誘い出す働きを利用する。蘇頌は、鶏卵の処方は多いが、毛髪と煎じるものが特に変わっているという。劉禹錫の『伝信方』には、小児の熱性の瘡に卵五個の黄身と卵ほどの量の乱れた毛髪を混ぜ、鉄鍋で炭火にかけ、毛が焦げて液が出たら少しずつ器に取り、液が出なくなるまで煎じて患部へ塗り、苦参の粉末を振りかける方法がある。蘇頌の子は生まれてすぐに熱性の瘡が半身に広がり、薬が効かず泣き続けて授乳も睡眠もできなかった。本草に毛髪と卵黄を煎じて小児の驚熱や下痢を治す記述、卵が熱傷を治す記述を見て試すとよく効いたという。","계자황

【성미】단맛, 평하다.

【독성】무독성으로 기록되어 있다.

【귀경】심·신·비.

【효능】음과 혈을 자양하고 건조함을 윤택하게 하며 풍을 안정시킨다. 심을 맑히고 정신을 안정시키며 위를 보하고 갈증을 줄인다.

【명칭과 기원】

이 약재는 고전 본초서에 여러 이명과 산지가 기록되어 있다. 약용 부위의 형태와 법제 방법에 따라 성질과 작용이 달라질 수 있다.

【고전 해설】

고전 의가들은 계자황의 성미와 귀경을 바탕으로 위 효능을 설명했다. 임상에서는 병의 한열·허실과 환자의 체질을 살피고, 필요한 경우 다른 약재와 배합하여 사용한다."
UI_BOOK_ENTRY_TITLE_JIE_GENG,桔梗,桔梗,Platycodon Root,桔梗,길경
UI_BOOK_ENTRY_BODY_JIE_GENG,"桔梗
【气味】味苦、辛，性平。
【毒性】小毒。
【归经】归肺经。
【主治】宣肺利咽，祛痰排脓。
【释名】白药（《别录》）、梗草（《别录》）、荠 （《本经》）。

时珍曰︰此草之根结实而梗直，故名。《吴普本草》一名利如，一名符扈，一名房图，方书并无见，盖亦瘦辞尔。桔梗、荠 乃一类，有甜、苦二种，故《本经》桔梗一名荠 ，而今俗呼荠 为甜桔梗也。至《别录》始出荠 条，分为二物，然其性味功用皆不同，当以《别录》为是。

【发明】
好古曰︰桔梗气微温，味苦辛，味浓气轻，阳中之阴，升也。入手太阴肺经气分及足少阴经。

元素曰︰桔梗清肺气，利咽喉，其色白，故为肺部引经。

与甘草同行，为舟楫之剂。如大黄苦泄峻下之药，欲引至胸中至高之分成功，须用辛甘之剂升之。譬如铁石入江，非舟楫不载。所以诸药有此一味，不能下沉也。

时珍曰︰朱肱《活人书》治胸中痞满不痛，用桔梗、枳壳，取其通肺利膈下气也。张仲景《伤寒论》治寒实结胸，用桔梗、贝母、巴豆，取其温中消谷破积也。又治肺痈唾脓，用桔梗、甘草，取其苦辛清肺，甘温泻火，又能排脓血、补内漏也。其治少阴证二、三日咽痛，亦用桔梗、甘草，取其苦辛散寒，甘平除热，合而用之，能调寒热也。后人易名甘桔汤，通治咽喉口舌诸病。宋仁宗加荆芥、防风、连翘，遂名如圣汤，极言其验也。按︰王好古《医垒元戎》载之颇详，云失音，加诃子；声不出，加半夏；上气，加陈皮；涎嗽，加知母、贝母；咳渴，加五味子；酒毒，加葛根；少气，加人参；呕，加半夏、生姜；唾脓血，加紫菀；肺痿，加阿胶；胸膈不利，加枳壳；心胸痞满，加枳实；目赤，加栀子、大黄；面肿，加茯苓；肤痛，加黄耆；发斑，加防风、荆芥；疫毒，加鼠粘子、大黄；不得眠，加栀子。震亨曰︰干咳嗽，乃痰火之邪郁在肺中，宜苦梗以开之；痢疾腹痛，乃肺金之气郁在大肠，亦宜苦梗开之，后用痢药。此药能开提气血，故气药中宜用之。","桔梗
【氣味】味苦、辛，性平。
【毒性】小毒。
【歸經】歸肺經。
【主治】宣肺利咽，祛痰排膿。
【釋名】白藥（《別錄》）、梗草（《別錄》）、薺 （《本經》...","PLATYCODON ROOT

[Taste and nature] Bitter and acrid; neutral.

[Toxicity] Mildly toxic.

[Channel] Lung.

[Actions] Opens and disseminates Lung Qi; benefits the throat; transforms phlegm and promotes discharge of pus.

[Names and origins]

Older names include Bai Yao, Geng Cao and Ji.

Shizhen explains the name from the plant's firm, straight root. He also distinguishes Platycodon Root from a sweet-tasting related plant that older texts sometimes grouped with it.

[Historical commentary]

Haogu: Platycodon Root is light in Qi and relatively dense in flavor, with an upward-moving action. It primarily enters the Lung Qi level.

Yuansu: It clears Lung Qi and benefits the throat. Because of its white color and upward movement, it serves as a guiding herb for the Lung.

Combined with Licorice Root, Platycodon Root was compared to a boat that can carry other medicines upward. Even strongly downward-draining herbs such as Da Huang were thought to be redirected toward the chest when paired appropriately.

Shizhen records its use with Mature Bitter Orange for painless chest fullness, with Licorice Root for Lung abscess and sore throat, and in many formulas for throat and mouth disorders.

Later physicians also added different companion herbs according to associated symptoms such as loss of voice, cough, thirst, vomiting, chest obstruction or red eyes.

Zhenheng emphasizes its ability to open constrained Lung Qi. For dry cough from phlegm-Fire constraint or abdominal pain in dysentery linked to Qi obstruction, Platycodon Root was used first to open and raise Qi before other medicines acted.","桔梗
【性味】苦・辛、平。
【毒性】小毒。
【帰経】肺経に帰する。
【主治】宣肺利咽、祛痰排膿。
【名称の由来】白薬・梗草（『名医別録』）、荠〔原文欠字〕（『神農本草経』）。

李時珍はいう。根が締まって硬く、茎がまっすぐなので桔梗という。『呉普本草』には利如・符扈・房図という異名もあるが、処方書には見えない。桔梗と荠〔原文欠字〕は似ているが、甘いものと苦いものの二種がある。『神農本草経』は同じ名とし、民間では甘いほうを甜桔梗と呼ぶ。『名医別録』は別種として分け、性味や用途も異なるのでその区別がよい。

【考証】
王好古はいう。桔梗はやや温で苦辛、味が濃く気が軽い、陽中の陰で上昇する。手太陰肺経の気分と足少陰に入る。

張元素はいう。桔梗は肺気を清め、喉を通し、白い色から肺経へ薬を導く。甘草とともに諸薬を上へ運ぶ舟の役割を果たす。大黄のように激しく下す薬を胸の高い位置へ導くには、辛甘の薬で引き上げる必要がある。重い鉄や石が舟なしでは川を渡れないのと同じで、桔梗を含む処方は沈みにくい。

李時珍はいう。朱肱の『活人書』は痛みのない胸のつかえに桔梗と枳殻を使い、肺と横隔膜を通して気を下げる。張仲景は寒実結胸に桔梗・貝母・巴豆で中を温め積滞を除き、肺癰で膿を吐く場合には桔梗・甘草で肺を清め排膿する。少陰証の二、三日目の喉の痛みにも桔梗・甘草を用い、寒熱を調える。後世は甘桔湯と名づけ喉や口の病に広く使い、宋仁宗が荊芥・防風・連翹を加えたものは如聖湯と呼ばれる。王好古の『医塁元戎』には加減が詳しい。声がかれるとき訶子、声が出ないとき半夏、気の逆上には陳皮、痰を伴う咳には知母・貝母、咳と渇きには五味子、酒毒には葛根、息切れには人参、嘔吐には半夏・生姜、膿血を吐くとき紫菀、肺痿には阿膠、胸や横隔膜の不調には枳殻、心胸のつかえには枳実、目の充血には梔子・大黄、顔のむくみには茯苓、皮膚の痛みには黄耆、発疹には防風・荊芥、疫毒には牛蒡子・大黄、不眠には梔子を加える。朱震亨は、乾いた咳には肺に鬱した痰火を開き、痢疾の腹痛には大腸に鬱した肺気を開いてから下痢の薬を用いるといい、気血を引き上げて通すので気の処方にも適すると説く。","길경

【성미】쓴맛·매운맛, 평하다.

【독성】약간의 독성이 있으므로 용량에 주의하여 사용한다.

【귀경】폐.

【효능】폐기를 열어 소통하고 목을 이롭게 하며 담을 삭이고 고름 배출을 돕는다.

【명칭과 기원】

이 약재는 고전 본초서에 여러 이명과 산지가 기록되어 있다. 약용 부위의 형태와 법제 방법에 따라 성질과 작용이 달라질 수 있다.

【고전 해설】

고전 의가들은 길경의 성미와 귀경을 바탕으로 위 효능을 설명했다. 임상에서는 병의 한열·허실과 환자의 체질을 살피고, 필요한 경우 다른 약재와 배합하여 사용한다."
UI_BOOK_ENTRY_TITLE_JIN_YIN_HUA,金银花,金銀花,Honeysuckle Flower,金銀花,금은화
UI_BOOK_ENTRY_BODY_JIN_YIN_HUA,"金银花（忍冬）
【气味】味甘，性寒。
【毒性】无毒。
【归经】归肺、心、胃经。
【主治】清热解毒，疏散风热。
【释名】金银藤（《纲目》）、鸳鸯藤（《纲目》）、鹭鸶藤（《纲目》）、老翁须（《纲目》）、左缠藤（《纲目》）、金钗股（《纲目》）、通灵草（《土宿》）、蜜桶藤（《土宿》）。

弘景曰︰处处有之。藤生，凌冬不凋，故名忍冬。

时珍曰︰其花长瓣垂须，黄白相半，而藤左缠，故有金银、鸳鸯以下诸名。金钗股，贵其功也。土宿真君云︰蜜桶藤，阴草也。取汁能伏硫制汞，故有通灵之称。

【发明】弘景曰︰忍冬，煮汁酿酒饮，补虚疗风。此既长年益寿，可常采服，而《仙经》少用。凡易得之草，人多不肯为之，更求难得者，贵远贱近，庸人之情也。

时珍曰︰忍冬，茎叶及花，功用皆同。昔人称其治风除胀，解痢逐尸为要药，而后世不复知用，后世称其消肿散毒治疮为要药，而昔人并未言及。乃知古今之理，万变不同，未可一辙论也。按︰陈自明《外科精要》云︰忍冬酒，治痈疽发背，初发便当服此，其效甚奇，胜于红内消。洪内翰迈、沈内翰括诸方，所载甚详。如疡医丹阳僧、江西僧鉴清、金陵王琪、王尉子骏、海州刘秀才纯臣等，所载疗痈疽发背经效奇方，皆是此物。故张相公云︰谁知至贱之中，乃有殊常之效，正此类也。","金銀花（忍冬）
【氣味】味甘，性寒。
【毒性】無毒。
【歸經】歸肺、心、胃經。
【主治】清熱解毒，疏散風熱。
【釋名】金銀藤（《綱目》）、鴛鴦藤（《綱目》...","HONEYSUCKLE FLOWER

[Taste and nature] Sweet; cold.

[Toxicity] Recorded as non-toxic.

[Channels] Lung, Heart and Stomach.

[Actions] Clears Heat and resolves toxicity; disperses Wind-Heat.

[Names and origins]

Older names include Jin Yin Teng, Yuan Yang Teng, Lu Si Teng, Lao Weng Xu, Zuo Chan Teng, Jin Chai Gu, Tong Ling Cao and Mi Tong Teng.

Hongjing explains the name Ren Dong, 'enduring winter,' from the vine's ability to remain green through cold weather.

Shizhen notes that the flowers are long and whisker-like, with both white and yellow blossoms present together, inspiring names such as 'gold-and-silver vine' and 'mandarin-duck vine.'

[Historical commentary]

Hongjing records honeysuckle as a common, easily obtained plant and criticizes the tendency to value rare medicines while overlooking familiar ones.

Shizhen says the stems, leaves and flowers were all regarded as medicinal. Earlier writers emphasized Wind disorders and swelling, while later physicians increasingly valued it for sores, abscesses and toxic swelling.

He cites Ren Dong Jiu, a honeysuckle wine used in older surgical texts for early-stage abscesses and deep sores.

Numerous historical case collections praised honeysuckle for reducing swelling and dispersing toxicity, helping establish its later reputation as a major herb for Heat-toxin patterns.","金銀花（忍冬）
【性味】甘、寒。
【毒性】無毒。
【帰経】肺経・心経・胃経に帰する。
【主治】清熱解毒、疏散風熱。
【名称の由来】金銀藤・鴛鴦藤・鷺鷥藤・老翁鬚・左纏藤・金釵股（『本草綱目』）、通霊草・蜜桶藤（『土宿真君本草』）。

陶弘景はいう。各地に生えるつるで、冬を越しても枯れないため忍冬という。李時珍は、長い花びらと垂れる雄しべ、白と黄色の花、左巻きのつるから金銀・鴛鴦などの名が生じたという。金釵股は薬効を重んじた名で、汁が硫黄や水銀の処理に使われるとされ通霊草とも呼ぶ。

【考証】
陶弘景はいう。忍冬の煮汁で酒を醸して飲むと虚を補い風を治す。長寿にもよいとされるが、容易に採れる草なので仙方では軽んじられがちだ。

李時珍はいう。茎・葉・花の働きは同じである。古人は風、張り、痢疾などを治す薬とし、後世は腫れや毒、瘡を治す薬と重んじた。古今で用途が変わるので一律には語れない。陳自明の『外科精要』は、癰疽が背にできた初期に忍冬酒を用いると効果が高いという。洪邁・沈括などの処方集にも詳しく、丹陽の僧、江西の鑑清、金陵の王琪らの記録にも背の癰疽への処方として現れる。張相公が、ありふれた安価な草に特別な効き目があるといったのはこのような例である。","금은화

【성미】단맛, 차다.

【독성】무독성으로 기록되어 있다.

【귀경】폐·심·위.

【효능】열을 내리고 독을 풀며 풍열을 흩는다.

【명칭과 기원】

이 약재는 고전 본초서에 여러 이명과 산지가 기록되어 있다. 약용 부위의 형태와 법제 방법에 따라 성질과 작용이 달라질 수 있다.

【고전 해설】

고전 의가들은 금은화의 성미와 귀경을 바탕으로 위 효능을 설명했다. 임상에서는 병의 한열·허실과 환자의 체질을 살피고, 필요한 경우 다른 약재와 배합하여 사용한다."
UI_BOOK_ENTRY_TITLE_JING_JIE,荆芥,荊芥,Schizonepeta Herb,荊芥,형개
UI_BOOK_ENTRY_BODY_JING_JIE,"荆芥（假苏）
【气味】味辛，性微温。
【毒性】无毒。
【归经】归肺、肝经。
【主治】解表散风，透疹，利咽消肿，止血。
【释名】姜芥（《别录》）、荆芥（《吴普》）、鼠蓂（《本经》）。

弘景曰︰假苏方药不复用。

恭曰︰此即菜中荆芥也，姜芥声讹尔。先居草部，今录入菜部。

士良曰︰荆芥本草呼为假苏。假苏又别是一物。叶锐圆，多野生，以香气似苏，故呼为苏。

颂曰︰医官陈巽言︰江左人谓假苏、荆芥实两物。苏恭以本草一名姜芥，荆姜声讹，谓为荆芥，非矣。

时珍曰︰按《吴普本草》云︰假苏一名荆芥，叶似落藜而细，蜀中生啖之。普乃东汉末 人，去《别录》时未远，其言当不谬，故唐人苏恭祖其说。而陈士良、苏颂复启为两物之疑，亦臆说尔。曰苏、曰姜、曰芥，皆因气味辛香，如苏、如姜、如芥也。

【发明】
元素曰︰荆芥辛苦，气味俱薄，浮而升，阳也。

好古曰︰肝经气分药也。能搜肝气。

时珍曰︰荆芥入足厥阴经气分，其功长于祛风邪，散瘀血，破结气，消疮毒。盖厥阴乃风木也，主血，而相火寄之，故风病血病疮病为要药。其治风也，贾丞相称为再生丹，许学 士谓有神圣功，戴院使许为产后要药，萧存敬呼为一捻金，陈无择隐为举卿古拜散，夫岂无故而得此隆誉哉？按《唐韵》︰荆字，举卿切，芥字古拜切。盖二字之反切，隐语以秘其方也。

又曰︰荆芥反鱼蟹河豚之说，本草医方并未言及，而稗官小说往往载之。按李廷飞《延 寿书》云︰凡食一切无鳞鱼，忌荆芥。食黄 鱼后食之，令人吐血，惟地浆可解。与蟹同食，动风。又《蔡絛铁围山丛话》云︰予居岭峤，见食黄颡鱼犯姜芥者立死，甚于钩吻。洪 迈《夷坚志》云︰吴人魏几道，啖黄颡鱼羹，后采荆芥和茶饮。少顷足痒，上彻心肺，狂走，足皮欲裂。急服药，两日乃解。陶九成《辍耕录》云︰凡食河豚，不可服荆芥药，大相反。 予在江阴见一儒者，因此丧命。《苇航纪谈》云︰凡服荆芥风药，忌食鱼。杨诚斋曾见一人，立致于死也。时珍按︰荆芥乃日用之药，其相反如此，故详录之，以为警戒。又按《物类相感志》言︰河豚用荆芥同煮，三五次换水，则无毒。其说与诸书不同，何哉？大抵养生者，宁守前说为戒可也。","荊芥（假蘇）
【氣味】味辛，性微溫。
【毒性】無毒。
【歸經】歸肺、肝經。
【主治】解表散風，透疹，利咽消腫，止血。
【釋名】薑芥（《別錄》）、荊芥（《吳...","SCHIZONEPETA HERB

[Taste and nature] Acrid; slightly warm.

[Toxicity] Recorded as non-toxic.

[Channels] Lung and Liver.

[Actions] Releases the exterior and disperses Wind; helps vent rashes; benefits the throat and reduces swelling; when charred, helps stop bleeding.

[Names and origins]

Older names include Jia Su, Jiang Jie and Shu Ming.

Historical authors debated whether Jia Su and Schizonepeta Herb were one plant or two. Shizhen sides with earlier sources identifying Jia Su as another name for Schizonepeta Herb and explains the names from its pungent, aromatic character.

[Historical commentary]

Yuansu: Schizonepeta Herb is light and rising in both Qi and flavor.

Haogu: It acts on the Liver Qi level and disperses constrained Liver Qi.

Shizhen: Schizonepeta Herb excels at dispelling Wind, moving stagnant blood and Qi and reducing toxic swelling. Because the Jueyin-Liver system is associated with Wind and blood, it became important in Wind disorders, blood disorders and sores.

Older physicians gave it many laudatory names and used it in postpartum and exterior-Wind formulas.

Shizhen also records numerous folk warnings about combining Schizonepeta Herb with certain fish, crab or pufferfish. These reports come from historical anecdotal literature and were inconsistent even among old sources.

He therefore preserves them as traditional cautions rather than as a settled pharmacological rule.","荊芥（仮蘇）
【性味】辛、微温。
【毒性】無毒。
【帰経】肺経・肝経に帰する。
【主治】解表散風、透疹、利咽消腫、止血。
【名称の由来】姜芥（『名医別録』）、荊芥（『呉普本草』）、鼠蓂（『神農本草経』）。

陶弘景は仮蘇は処方に使われなくなったという。蘇恭は、これは食用の荊芥で、「姜芥」は音の訛りと考え、草部から菜部へ移した。陳士良は仮蘇は別の植物で、葉がとがり丸く野生し、香りが蘇に似るという。蘇頌は江南では仮蘇と荊芥を別物とするという。李時珍は『呉普本草』が仮蘇を荊芥の別名とし、葉が落藜に似て細く、蜀では生食すると記すことを引く。呉普は『名医別録』に近い時代なので信頼でき、後世の別種説は推測にすぎない。「蘇」「姜」「芥」は蘇・姜・芥に似た辛い香りに由来する。

【考証】
張元素は荊芥が辛苦で気味が薄く、浮いて上昇する陽の薬という。王好古は肝経の気分に働いて肝気を巡らせるという。李時珍は、足厥陰へ入り、風邪を除き、瘀血を散らし、気の結びや瘡毒を解くのに優れると説く。厥陰は風木で血をつかさどり相火が宿るため、風・血・瘡の病に使う。賈丞相の再生丹、許学士の称賛、戴院使の産後の要薬、蕭存敬の一捻金、陳無択の挙卿古拝散などの名声がある。「挙卿古拝」は「荊芥」二字の反切を隠語としたものだ。

李時珍はさらにいう。荊芥と魚介、特に河豚の食べ合わせが悪いという説は古い本草や医方にはないが、雑記には多くある。『延寿書』は鱗のない魚と併用を避け、黄魚の後なら吐血し地漿で解くといい、蟹と合わせると風が動くという。『鉄囲山叢話』には黄顙魚の後に姜芥を食べて急死した例、『夷堅志』には黄顙魚の羹の後に荊芥茶を飲み、足のかゆみから全身の異常を生じ二日で治った例、『輟耕録』には河豚と荊芥の併用で死んだ例がある。『葦航紀談』も荊芥の風薬を服す際には魚を避けるという。李時珍は警戒のため詳しく記す一方、『物類相感志』には河豚を荊芥と何度も水を替えて煮れば無毒とあり、説が矛盾すると述べる。健康を守るなら慎重な説に従うべきだという。","형개

【성미】매운맛, 약간 따뜻하다.

【독성】무독성으로 기록되어 있다.

【귀경】폐·간.

【효능】표를 풀고 풍을 흩으며 발진을 밖으로 내보낸다. 목을 이롭게 하고 부기를 줄이며 볶아 쓰면 출혈을 돕는다.

【명칭과 기원】

이 약재는 고전 본초서에 여러 이명과 산지가 기록되어 있다. 약용 부위의 형태와 법제 방법에 따라 성질과 작용이 달라질 수 있다.

【고전 해설】

고전 의가들은 형개의 성미와 귀경을 바탕으로 위 효능을 설명했다. 임상에서는 병의 한열·허실과 환자의 체질을 살피고, 필요한 경우 다른 약재와 배합하여 사용한다."
UI_BOOK_ENTRY_TITLE_JING_MI,粳米,粳米,Non-Glutinous Rice,粳米,갱미
UI_BOOK_ENTRY_BODY_JING_MI,"粳米（粳）
【气味】味甘，性平。
【毒性】无毒。
【归经】归脾、胃、肺经。
【主治】补中益气，健脾和胃，除烦渴，止泻痢。
【释名】秔（《说文》与粳同）。

时珍曰︰粳乃谷稻之总名也，有早、中、晚三收。诸本草独以晚稻为粳者，非矣。粘者为糯，不粘者为粳。糯者懦也，粳者硬也。但入解热药，以晚粳为良尔。

【发明】
诜曰︰粳米赤者粒大而香，水渍之有味益人。大抵新熟者动气，经再年者亦发病。惟江南人多收火稻贮仓，烧去毛，至春舂米食之，即不发病宜人，温中益气，补下元也。

宗奭曰︰粳以白晚米为第一，早熟米不及也。平和五脏，补益胃气，其功莫逮。然稍生则复不益脾，过熟乃佳。

颖曰︰粳有早、中、晚三收，以晚白米为第一。各处所产，种类甚多，气味不能无少异，而亦不大相远也。天生五谷，所以养人，得之则生，不得则死。惟此谷得天地中和之气，同造化生育之功，故非他物可比。入药之功在所略尔。

好古曰︰《本草》言粳米益脾胃，而张仲景白虎汤用之入肺。以味甘为阳明之经，色白为西方之象，而气寒入手太阴也。少阴证桃花汤，用之以补正气。竹叶石膏汤，用之以益不足。

时珍曰︰粳稻六、七月收者为早粳（止可充食），八、九月收者为迟粳，十月收者为晚粳。北方气寒，粳性多凉，八、九月收者即可入药。南方气热，粳性多温，惟十月晚稻气凉乃可入药。迟粳、晚粳得金气多，故色白者入肺而解热也。早粳得土气多，故赤者益脾而白者益胃。若滇、岭之粳则性热，惟彼土宜之耳。","粳米（粳）
【氣味】味甘，性平。
【毒性】無毒。
【歸經】歸脾、胃、肺經。
【主治】補中益氣，健脾和胃，除煩渴，止瀉痢。
【釋名】秔（《說文》與粳同）。
...","NON-GLUTINOUS RICE

[Taste and nature] Sweet; neutral.

[Toxicity] Recorded as non-toxic.

[Channels] Spleen, Stomach and Lung.

[Actions] Tonifies the middle and supports Qi; strengthens the Spleen and harmonizes the Stomach; relieves restlessness and thirst; helps stop diarrhea and dysentery.

[Names and origins]

Jing refers broadly to ordinary non-glutinous rice. Shizhen distinguishes it from glutinous rice and notes that early, middle and late harvests all belong to the Jing category.

For medicinal formulas aimed at clearing Heat, late-harvested white rice was traditionally preferred.

[Historical commentary]

Shen describes differences in aroma, age and preparation and notes that well-stored rice could be easier to digest than very fresh grain.

Zongshi considered late white rice the best type for medicine because of its gentle, balanced character and ability to support Stomach Qi.

Ying praises rice as one of the basic grains that sustain life and emphasizes its overall harmony rather than a strong, specialized medicinal action.

Haogu points out that although Non-Glutinous Rice primarily supports the Spleen and Stomach, Zhang Zhongjing also used it in White Tiger Decoction and other formulas to protect Qi and fluids during treatment of Heat.

Shizhen further distinguishes regional and seasonal differences. In cooler northern climates, somewhat earlier rice could be medicinally suitable, while in warmer southern climates the latest harvest was considered cooler and therefore better for Heat-clearing formulas.","粳米（粳）
【性味】甘、平。
【毒性】無毒。
【帰経】脾経・胃経・肺経に帰する。
【主治】補中益気、健脾和胃、煩渇を除く、下痢を止める。
【名称の由来】秔（『説文解字』。粳と同字）。

李時珍はいう。粳はうるち米全体の名で、早・中・晩の三時期に収穫する。晩稲だけを粳とする本草は誤りで、粘るものが糯、粘らないものが粳である。熱を除く薬には晩粳がよい。

【考証】
孟詵はいう。赤い粳米は大粒で香り、水に浸しても味がよい。収穫したばかりの米や二年を越えたものは気を乱して病を起こし得る。江南では稲を倉に保存し、春に精米して食べるとよい。中を温め気を益し、下の元気を補う。

寇宗奭は白い晩米が最良で、早稲は及ばないという。五臓を調え胃気を補うが、火の通りが浅いと脾に益せず、よく炊くのがよい。穎という人も早・中・晩のうち晩白米を最良とし、産地や品種で性味には多少の違いがあるが、五穀は人を養う基礎であり、粳は天地の調和した気を得るのでほかのものとは比べがたいという。

王好古はいう。本草では脾胃を養うのに、張仲景の白虎湯では肺へ導く。甘味は陽明、白色は西方の金を表し、冷やす気が手太陰へ入るからだ。少陰証の桃花湯では正気を補い、竹葉石膏湯では不足を養う。

李時珍はいう。六月・七月収穫が早粳で食用、八月・九月が遅粳、十月が晩粳である。北方は寒く、八・九月の米も涼性で薬に使える。南方は暖かく、十月の晩稲だけが涼性で薬に向く。遅粳・晩粳は金の気が多いので白いものが肺に入って熱を解く。早粳は土の気が多く、赤いものは脾、白いものは胃を益す。雲南や嶺南の粳は熱性で、その土地に適する。","갱미

【성미】단맛, 평하다.

【독성】무독성으로 기록되어 있다.

【귀경】비·위·폐.

【효능】중초와 기를 보하고 비를 튼튼하게 하며 위를 조화시킨다. 번조와 갈증을 줄이고 설사와 이질을 멎게 돕는다.

【명칭과 기원】

이 약재는 고전 본초서에 여러 이명과 산지가 기록되어 있다. 약용 부위의 형태와 법제 방법에 따라 성질과 작용이 달라질 수 있다.

【고전 해설】

고전 의가들은 갱미의 성미와 귀경을 바탕으로 위 효능을 설명했다. 임상에서는 병의 한열·허실과 환자의 체질을 살피고, 필요한 경우 다른 약재와 배합하여 사용한다."
UI_BOOK_ENTRY_TITLE_JU_HUA,菊花,菊花,Chrysanthemum Flower,菊花,국화
UI_BOOK_ENTRY_BODY_JU_HUA,"菊花（菊）
【气味】味甘、苦，性微寒。
【毒性】无毒。
【归经】归肺、肝经。
【主治】疏散风热，平抑肝阳，清肝明目，清热解毒。
【释名】节华（《本经》）、女节（《别录》）、女华（《别录》）、女茎（《别录》）、日精（《别录》）、更生（《别录》）、傅延年（《别录》）、治蔷（《尔雅》）、金蕊（《纲目》）、阴成（《别录》）、周盈（《别录》）。

时珍曰︰按陆佃《埤雅》云︰菊本作蘜，从鞠。鞠，穷也。

《月令》︰九月，菊有黄华。华事至此而穷尽，故谓之蘜。节华之名，亦取其应节候也。

崔实《月令》云︰女节、女华，菊华之名也。治蔷、日精，菊根之名也。

《抱朴子》云︰仙方所谓日精、更生、周盈，皆一菊而根、茎、花、实之名异也。

【发明】震亨曰︰黄菊花属土与金，有水与火，能补阴血，故养目。

时珍曰︰菊春生夏茂，秋花冬实，备受四气，饱经露霜，叶枯不落，花槁不零，味兼甘苦，性禀平和。昔人谓其能除风热，益肝补阴，盖不知其得金水之精英尤多，能益金水二脏也。补水所以制火，益金所以平木，木平则风息，火降则热除，用治诸风头目，其旨深微。黄者入金水阴分；白者，入金水阳分；红者，行妇人血分。皆可入药，神而明之，存乎其人。其苗可蔬，叶可啜，花可饵，根实可药，囊之可枕，酿之可饮，自本至末，罔不有功。宜乎前贤比之君子，神农列之上品，隐士采入酒饵，骚人餐其落英。费长房言︰九日饮菊酒，可以辟不祥。《神仙传》言︰康风子、朱孺子皆以服菊花成仙。《荆州记》言︰胡广久病风羸，饮菊潭水多寿。菊之贵重如此，是岂群芳可伍哉？钟会《菊有五美赞》云︰圆花高悬，准天极也。纯黄不杂，后土色也。早植晚发，君子德也；冒霜吐颖，象贞质也；杯中体轻，神仙 食也。《西京杂记》言︰采菊花茎叶，杂秫米酿酒，至次年九月始熟，用之","菊花（菊）
【氣味】味甘、苦，性微寒。
【毒性】無毒。
【歸經】歸肺、肝經。
【主治】疏散風熱，平抑肝陽，清肝明目，清熱解毒。
【釋名】節華（《本經》）、...","CHRYSANTHEMUM FLOWER

[Taste and nature] Sweet and bitter; slightly cold.

[Toxicity] Recorded as non-toxic.

[Channels] Lung and Liver.

[Actions] Disperses Wind-Heat; pacifies Liver Yang; clears the Liver and benefits the eyes; clears Heat and resolves toxicity.

[Names and origins]

Older names include Jie Hua, Nü Jie, Nü Hua, Nü Jing, Ri Jing, Geng Sheng, Fu Yan Nian, Zhi Qiang, Jin Rui, Yin Cheng and Zhou Ying.

Shizhen explains one old name through the flower's late blooming season: chrysanthemum flowers when the year's flowering cycle is nearing its end.

Daoist texts also gave different names to the root, stem, flower and fruit of the same plant.

[Historical commentary]

Zhenheng says yellow chrysanthemum nourishes Yin and blood and thereby benefits the eyes.

Shizhen describes chrysanthemum as a plant that experiences all four seasons—growing in spring, flourishing in summer, flowering in autumn and setting seed in winter.

He explains its traditional effects through balancing Fire and Wind: nourishing Water restrains Fire, while supporting Metal restrains Wood. From this came its use for Wind-Heat affecting the head and eyes.

Different flower colors were assigned slightly different tendencies in older theory: yellow to deeper Yin aspects, white to relatively Yang aspects and red to the blood level.

Chrysanthemum was also widely used as food, tea, medicine, pillow stuffing and wine. Its high cultural status led to numerous longevity legends and symbolic associations with endurance, refinement and long life.

Historical accounts of chrysanthemum wine and 'immortal' use belong to longevity folklore rather than ordinary clinical practice.","菊花（菊）
【性味】甘・苦、微寒。
【毒性】無毒。
【帰経】肺経・肝経に帰する。
【主治】疏散風熱、平抑肝陽、清肝明目、清熱解毒。
【名称の由来】節華（『神農本草経』）、女節・女華・女茎・日精・更生・傅延年・陰成・周盈（『名医別録』）、治蔷（『爾雅』）、金蕊（『本草綱目』）。

李時珍は陸佃の『埤雅』を引き、菊はもと「蘜」で、「鞠」は終わりを意味するという。九月に黄色い花を咲かせ、花の季節が尽きるため名づけられ、節華も季節に応じる名である。崔寔は女節・女華を花、治蔷・日精を根の名とし、『抱朴子』は日精・更生・周盈を同じ菊の根・茎・花・実の異名とする。

【考証】
朱震亨はいう。黄色い菊は土と金に属して水と火も含み、陰血を養うので目によい。

李時珍はいう。菊は春に生まれ夏に茂り、秋に花を咲かせ冬に実る。四季の気を受け霜露に耐え、葉は枯れても落ちず花もすぐ散らない。甘苦を兼ね穏やかな性質で、風熱を除き肝と陰を養い、金と水の二臓にも益する。水を補えば火を抑え、金を益せば木を平らかにし、風と熱が治まる。黄色は金水の陰分、白色は陽分、赤色は女性の血分に働くという。芽は野菜、葉は飲み物、花は食用、根と実は薬、袋に入れれば枕、醸せば酒となり、どの部分も役立つ。神農は上品とし、隠者は酒に入れ詩人は花びらを食べた。費長房は九月九日の菊酒が災いを避けるといい、『神仙伝』には菊を飲んで仙人になった話、『荊州記』には菊潭の水で長寿になった話がある。鍾会の『菊有五美賛』は、高い丸花は天、純粋な黄色は大地、早く植えて遅く咲くのは君子の徳、霜の中の開花は貞節、杯に浮く軽さは仙人の食を表すという。『西京雑記』には菊の花・茎・葉を秫米とともに醸し、翌年九月に酒ができるとある。原文はここで途切れる。","국화

【성미】단맛·쓴맛, 약간 차다.

【독성】무독성으로 기록되어 있다.

【귀경】폐·간.

【효능】풍열을 흩고 간양을 평정하며 간을 맑히고 눈을 돕는다. 열을 내리고 독을 푼다.

【명칭과 기원】

이 약재는 고전 본초서에 여러 이명과 산지가 기록되어 있다. 약용 부위의 형태와 법제 방법에 따라 성질과 작용이 달라질 수 있다.

【고전 해설】

고전 의가들은 국화의 성미와 귀경을 바탕으로 위 효능을 설명했다. 임상에서는 병의 한열·허실과 환자의 체질을 살피고, 필요한 경우 다른 약재와 배합하여 사용한다."
UI_BOOK_ENTRY_TITLE_LI_PI,梨皮,梨皮,Pear Peel,梨皮,이피
UI_BOOK_ENTRY_BODY_LI_PI,"梨皮（梨）
【气味】味甘、微涩，性凉。
【毒性】无毒。
【归经】归肺、心、肾经。
【主治】清心润肺，降火生津，止咳化痰。
【释名】快果（《弘景》）、果宗（《纲目》）、玉乳（《纲目》）、蜜父（《清异录》）。

震亨曰︰梨者，利也。其性下行流利也。

弘景曰︰梨种殊多，并皆冷利，多食损人，故俗人谓之快果，不入药用。

【发明】
宗奭曰︰梨，多食动脾，少则不及病，用梨者当斟酌之。惟病酒烦渴人食之甚佳，终不能却疾。

慎微曰︰孙光宪《北梦琐言》云︰有一朝士见奉御梁新诊之，曰︰风疾已深，请速归去。复见 州马医赵鄂诊之，言与梁同，但请多吃消梨，咀 不及，绞汁而饮。到家旬日，唯吃消梨，顿爽也。

时珍曰︰《别录》著梨，只言其害，不著其功。陶隐居言梨不入药。盖古人论病多主风寒，用药皆是桂、附，故不知梨有治风热、润肺凉心、消痰降火、解毒之功也。今人痰病、火病，十居六、七。梨之有益，盖不为少，但不宜过食尔。按︰《类编》云︰一士人状若有疾，厌厌无聊，往谒杨吉老诊之。杨曰︰君热症已极，气血消铄，此去三年，当以疽死。士人不乐而去。闻茅山有道士医术通神，而不欲自鸣。乃衣仆衣，诣山拜之，愿执薪水之役。道士留置弟子中。久之以实白道士。道士诊之，笑曰︰汝便下山，但日日吃好梨一颗。如生梨已尽，则取干者泡汤，食滓饮汁，疾自当平。士人如其戒，经一岁复见吉老。见其颜貌腴泽，脉息和平，惊曰︰君必遇异人，不然岂有痊理？士人备告吉老。吉老具衣冠望茅山设拜，自咎其学之未至。此与琐言之说仿佛。观夫二条，则梨之功岂小补哉？然惟乳梨、鹅梨、消梨可食，余梨则亦不能去病也。","梨皮（梨）
【氣味】味甘、微澀，性涼。
【毒性】無毒。
【歸經】歸肺、心、腎經。
【主治】清心潤肺，降火生津，止咳化痰。
【釋名】快果（《弘景》）、果宗（...","PEAR PEEL

[Taste and nature] Sweet and slightly astringent; cool.

[Toxicity] Recorded as non-toxic.

[Channels] Lung, Heart and Kidney.

[Actions] Clears the Heart and moistens the Lung; reduces Fire and generates fluids; relieves cough and transforms phlegm.

[Names and origins]

Older names for pear include Kuai Guo, Guo Zong, Yu Ru and Mi Fu.

Zhenheng links the name Li with the idea of smooth downward movement and free flow.

Hongjing notes that many pear varieties are cooling and moistening, but warns that excessive intake may weaken digestion.

[Historical commentary]

Zongshi: Pear should be used in moderation. It is especially refreshing for thirst and discomfort after alcohol, but should not be expected to cure every illness by itself.

Shenwei preserves an anecdote about a seriously ill official who reportedly improved after consuming large quantities of a juicy pear variety or its pressed juice.

Shizhen argues that earlier materia medica emphasized pear's harms while underestimating its benefits because older medicine focused heavily on Cold disorders.

He highlights pear's traditional value for Wind-Heat, Lung dryness, Heart Heat, phlegm, Fire and thirst.

He also records stories of chronic Heat disorders improving with daily pear consumption, while stressing that only suitable pear varieties were considered medicinal and that excessive intake could still be harmful to the Spleen.","梨皮（梨）
【性味】甘・やや渋、涼。
【毒性】無毒。
【帰経】肺経・心経・腎経に帰する。
【主治】清心潤肺、降火生津、止咳化痰。
【名称の由来】快果（陶弘景）、果宗・玉乳（『本草綱目』）、蜜父（『清異録』）。

朱震亨は「梨」は「利」で、下へ向かって通す性質に由来するという。陶弘景は種類が多く、いずれも冷やして排出を促すため食べすぎると体を損ない、快果と呼ばれるが薬には使わないという。

【考証】
寇宗奭はいう。梨を食べすぎると脾を乱すが、少なすぎても病に効かず、量を考える必要がある。酒の後の渇きにはよいが、病をすべて治すわけではない。

唐慎微は孫光憲の『北夢瑣言』を引く。朝廷の官吏が風の病を重く患い、梁新という医者には帰郷を勧められた。別の医者の趙鄂も同じ診断だったが、消梨を多く食べ、噛みきれなければ汁を搾って飲むよう勧めた。帰宅後十日ほど梨だけをとり、体がすっきりしたという。

李時珍はいう。『名医別録』は梨の害だけを記し、陶弘景も薬に使わないとした。古人は風寒の病を重んじ桂や附子を用いたため、梨が風熱を治し肺と心を潤して痰や火を除く働きを知らなかったのだろう。ただし食べすぎはよくない。『類編』には、楊吉老から熱証が極まり三年内に癰疽で亡くなると告げられた人が、茅山の道士の弟子となり、毎日よい梨を一つ、季節外には干した梨を湯に浸して実と汁を食べるよう言われた話がある。一年後、その人の顔色と脈がよくなり、楊吉老は驚いて道士を敬った。前の話も合わせれば梨の働きは小さくない。ただし食べてよいのは乳梨・鵝梨・消梨で、ほかの梨は病に効かないという。","이피

【성미】단맛·약간 떫은맛, 서늘하다.

【독성】무독성으로 기록되어 있다.

【귀경】폐·심·신.

【효능】심을 맑히고 폐를 윤택하게 하며 화를 줄이고 진액을 만든다. 기침과 담을 다스린다.

【명칭과 기원】

이 약재는 고전 본초서에 여러 이명과 산지가 기록되어 있다. 약용 부위의 형태와 법제 방법에 따라 성질과 작용이 달라질 수 있다.

【고전 해설】

고전 의가들은 이피의 성미와 귀경을 바탕으로 위 효능을 설명했다. 임상에서는 병의 한열·허실과 환자의 체질을 살피고, 필요한 경우 다른 약재와 배합하여 사용한다."
UI_BOOK_ENTRY_TITLE_LIAN_QIAO,连翘,連翹,Forsythia Fruit,連翹,연교
UI_BOOK_ENTRY_BODY_LIAN_QIAO,"连翘
【气味】味苦，性微寒。
【毒性】无毒。
【归经】归肺、心、小肠经。
【主治】清热解毒，消肿散结，疏散风热。
【释名】连（《尔雅》）、异翘（《尔雅》）、旱莲子（《药性》）、兰华（《吴普》）、三廉（别录）、根名连轺（仲景）、折根（别录）。 

恭曰︰其实似莲作房，翘出众草，故名。

宗奭曰︰连翘亦不翘出众草。太山山谷间甚多。其子折之，片片相比如翘，应以此得名耳。

时珍曰︰按《尔雅》云︰连，异翘。则是本名连，又名异翘，人因合称为连翘矣。连轺亦作连苕，即《本经》下品翘根是也。唐苏恭《修本草》退入有名未用中，今并为一。旱莲乃小翘，人以为鳢肠者，故同名。

【发明】
元素曰︰连翘之用有三︰泻心经客热，一也；去上焦诸热，二也；为疮家圣药，三也。

杲曰︰十二经疮药中不可无此，乃结者散之之义。

好古曰︰手足少阳之药，治疮疡瘤瘿结核有神，与柴胡同功，但分气血之异尔。与鼠粘子同用治疮疡，别有神功。

时珍曰︰连翘状似人心，两片合成，其中有仁甚香，乃少阴心经、厥阴包络气分主药也。诸痛痒疮疡皆属心火，故为十二经疮家圣药，而兼治手足少阳手阳明三经气分之热也。","連翹
【氣味】味苦，性微寒。
【毒性】無毒。
【歸經】歸肺、心、小腸經。
【主治】清熱解毒，消腫散結，疏散風熱。
【釋名】連（《爾雅》）、異翹（《爾雅》）...","FORSYTHIA FRUIT

[Taste and nature] Bitter; slightly cold.

[Toxicity] Recorded as non-toxic.

[Channels] Lung, Heart and Small Intestine.

[Actions] Clears Heat and resolves toxicity; reduces swelling and disperses clumps; disperses Wind-Heat.

[Names and origins]

Older names include Lian, Yi Qiao, Han Lotus Seed, Lan Hua and San Lian. The root was also called Lian Yao or Zhe Gen.

Historical writers proposed different explanations for the name. One linked it with the fruit rising above surrounding vegetation, while another derived it from the paired, curved sections of the fruit.

Shizhen notes that ancient texts may originally have treated Lian and Yi Qiao as separate names later combined into Forsythia Fruit.

[Historical commentary]

Yuansu gives three major uses: clearing pathogenic Heat from the Heart, removing Heat from the upper burner, and treating sores.

Gao says Forsythia Fruit is indispensable in formulas for sores across the twelve channels because it disperses clumping and constraint.

Haogu associates it with Shaoyang disorders and uses it for sores, swellings, goiter-like masses and nodules. He compares some of its actions with Bupleurum Root while distinguishing their emphasis on Qi and blood.

Shizhen connects the fruit's heart-like shape and fragrant seed with the Heart and Pericardium. Since painful, itchy sores were traditionally linked with Heart Fire, Forsythia Fruit became one of the major herbs for Heat-toxin sores and upper-body inflammatory conditions.","連翹
【性味】苦、微寒。
【毒性】無毒。
【帰経】肺経・心経・小腸経に帰する。
【主治】清熱解毒、消腫散結、疏散風熱。
【名称の由来】連・異翹（『爾雅』）、旱蓮子（『薬性論』）、蘭華（『呉普本草』）、三廉・折根（『名医別録』）。根は連軺（張仲景）ともいう。

蘇恭は実が蓮の花托に似て草の上へ突き出るため名づけられたという。寇宗奭は、特に草の上へ突き出るわけではなく、実を割ると一片ずつ羽のように並ぶからだという。李時珍は『爾雅』に「連、異翹」とあるので、もとは連、別名が異翹で、合わせて連翹になったと説く。連軺・連苕は古い本草の翹根で、別項目を統合した。旱蓮は小翹の名で、別の植物である鳢腸と同名になることもある。

【考証】
張元素は心経に入った熱、上焦の熱を除き、瘡を治すという三つの用途を挙げる。李杲は十二経の瘡に欠かせず、結んだものを散らすと説く。王好古は手足少陽に働き、瘡・腫瘤・しこりに効き、柴胡と似て気血に作用する違いがあるといい、牛蒡子と合わせると瘡に特によいという。李時珍は、人の心臓のように二片が合わさり、香る仁を含むことから、少陰の心と厥陰の心包の気分に働くと考える。痛み、かゆみ、瘡は心火に属するため、十二経の瘡に重要で、手足少陽と手陽明の熱にも用いる。","연교

【성미】쓴맛, 약간 차다.

【독성】무독성으로 기록되어 있다.

【귀경】폐·심·소장.

【효능】열을 내리고 독을 풀며 부기를 줄이고 뭉침을 흩는다. 풍열을 흩는다.

【명칭과 기원】

이 약재는 고전 본초서에 여러 이명과 산지가 기록되어 있다. 약용 부위의 형태와 법제 방법에 따라 성질과 작용이 달라질 수 있다.

【고전 해설】

고전 의가들은 연교의 성미와 귀경을 바탕으로 위 효능을 설명했다. 임상에서는 병의 한열·허실과 환자의 체질을 살피고, 필요한 경우 다른 약재와 배합하여 사용한다."
UI_BOOK_ENTRY_TITLE_LIAN_XU,莲须,蓮須,Lotus Stamen,蓮鬚,연수
UI_BOOK_ENTRY_BODY_LIAN_XU,"莲须（莲藕）
【气味】甘、涩，平。
【毒性】无毒。
【归经】归心、肾经。
【主治】清心益肾，涩精止血。
【释名】其根藕（《尔雅》），其实莲（《尔雅》），其茎叶荷（《说文》）。

韩保升曰︰藕生水中，其叶名荷。按︰《尔雅》云︰荷，芙蕖。其茎茄，其叶蕸，其本蔤，其华菡萏，其实莲，其根藕，其中菂，菂中薏。邢昺注云︰芙蕖，总名也，别名芙蓉，江东人呼为荷。菡萏，莲花也。菂，莲实也。薏，菂中青心也。
郭璞注云︰蔤，乃茎下白蒻在泥中者。莲，乃房也；菂，乃子也；薏，乃中心苦薏也。江东人呼荷花为芙蓉，北人以藕为荷，亦以莲为荷，蜀人以藕为茄，此皆习俗传误也。陆机《诗疏》云︰其茎为荷。其花未发为菡萏，已发为芙蕖。其实莲，莲之皮青里白。其子菂，菂为苦薏也。

时珍曰︰《尔雅》以荷为根名，韩氏以荷为叶名，陆机以荷为茎名。按︰茎乃负叶者也，有负荷之义，当从陆说。蔤乃嫩蒻，如竹之行鞭者。节生二茎，一为叶，一为花，尽处乃生藕，为花、叶、根、实之本。显仁藏用，功成不居，可谓退藏于密矣，故谓之蔤。花叶常偶生，不偶不生，故根曰藕。或云藕善耕泥，故字从耦，耦者耕也。茄音加，加于蔤上也。蕸音遐，远于密也。菡萏，函合未发之意。芙蓉，敷布容艳之意。莲者连也，花实相连而出也。菂者的也，子在房中点点如的也。的乃凡物点注之名。薏，犹意也，含苦在内也。古诗云︰食子心无弃，苦心生意存是矣。

【发明】
时珍曰︰莲须本草不收，而《三因》诸方、固真丸、巨胜子丸各补益方中，往往用之。其功大抵与莲子同也。","蓮須（蓮藕）
【氣味】甘、澀，平。
【毒性】無毒。
【歸經】歸心、腎經。
【主治】清心益腎，澀精止血。
【釋名】其根藕（《爾雅》），其實蓮（《爾雅》），其...","LOTUS STAMEN

[Taste and nature] Sweet and astringent; neutral.

[Toxicity] Recorded as non-toxic.

[Channels] Heart and Kidney.

[Actions] Clears the Heart and supports the Kidney; secures essence and stops bleeding.

[Names and origins]

Traditional texts used different names for each part of the lotus: Ou for the rhizome, Lian for the fruit and He for the stem or leaf.

Han Baosheng and later commentators discuss the elaborate classical terminology for the lotus flower, seedpod, seed, embryo and rhizome.

Shizhen reviews these names and argues that He most logically refers to the stalk that bears the leaf.

[Historical commentary]

Lotus Stamen itself was not emphasized in the earliest materia medica.

Shizhen notes that it appears frequently in later tonic formulas such as True-Securing Pill and Ju Sheng Aster Root.

He considers its overall effect broadly similar to Lotus Seed, especially in formulas aimed at securing essence and supporting the Heart and Kidney.

Its sweet, astringent quality explains the traditional emphasis on restraining leakage rather than strongly moving or clearing.","蓮鬚（蓮藕）
【性味】甘・渋、平。
【毒性】無毒。
【帰経】心経・腎経に帰する。
【主治】清心益腎、渋精止血。
【名称の由来】根は藕、実は蓮（『爾雅』）、茎と葉は荷（『説文解字』）という。

韓保昇はいう。藕は水中に生じ、葉を荷という。『爾雅』では全体を芙蕖、茎を茄、葉を蕸、根元の地下茎を蔤、つぼみを菡萏、実を蓮、根を藕、実の中の種を菂、種の青い芯を薏と呼ぶ。邢昺は芙蕖が総称で芙蓉ともいい、江東では荷と呼ぶと注す。郭璞は蔤を泥の中の白い若い茎、蓮を花托、菂を種、薏を苦い芯とする。江東で花を芙蓉、北方で藕や蓮を荷、蜀で藕を茄というのは地方による呼び方の違いである。陸機の『詩疏』では茎が荷、開く前の花が菡萏、開いた花が芙蕖、実が蓮、その青い皮の中の白い部分や種を菂、苦い芯を薏という。

李時珍はいう。『爾雅』、韓保昇、陸機は「荷」をそれぞれ根・葉・茎とする。茎は葉を背負うので「負荷」の意味から陸機の説がよい。「蔤」は竹の地下茎に似た若い走出茎で、節ごとに葉と花の茎を一本ずつ生じ、末端に藕を作る、花葉根実のもとである。働きを隠すので蔤と名づけた。花と葉は対になって生じるため根を藕といい、泥を耕すから「耦」に従うという説もある。茄は蔤の上に加わり、蕸は蔤から遠い。菡萏は開く前に包むこと、芙蓉は華やかに広がる姿、蓮は花と実が続いて生じること、菂は実の中に点々とある種、薏は内に苦みを秘めた芯を表す。古詩の「実を食べても芯を捨てず、苦い心に思いが残る」という句もこれをいう。

【考証】
李時珍はいう。古い本草に蓮鬚の項目はないが、『三因方』や固真丸・巨勝子丸などの補益の処方によく用いる。おおむね蓮子と働きは同じである。","연수

【성미】단맛·떫은맛, 평하다.

【독성】무독성으로 기록되어 있다.

【귀경】심·신.

【효능】심을 맑히고 신을 도우며 정을 굳게 하고 출혈을 멎게 한다.

【명칭과 기원】

이 약재는 고전 본초서에 여러 이명과 산지가 기록되어 있다. 약용 부위의 형태와 법제 방법에 따라 성질과 작용이 달라질 수 있다.

【고전 해설】

고전 의가들은 연수의 성미와 귀경을 바탕으로 위 효능을 설명했다. 임상에서는 병의 한열·허실과 환자의 체질을 살피고, 필요한 경우 다른 약재와 배합하여 사용한다."
UI_BOOK_ENTRY_TITLE_LIAN_ZI,莲子,蓮子,Lotus Seed,蓮子,연자
UI_BOOK_ENTRY_BODY_LIAN_ZI,"莲子（莲藕）
【气味】味甘、涩，性平。
【毒性】无毒。
【归经】归脾、肾、心经。
【主治】补脾止泻，止带，益肾涩精，养心安神。
【释名】其根藕（《尔雅》），其实莲（《尔雅》），其茎叶荷（《说文》）。

韩保升曰︰藕生水中，其叶名荷。按︰《尔雅》云︰荷，芙蕖。其茎茄，其叶蕸，其本蔤，其华菡萏，其实莲，其根藕，其中菂，菂中薏。邢昺注云︰芙蕖，总名也，别名芙蓉，江东人呼为荷。菡萏，莲花也。菂，莲实也。薏，菂中青心也。郭璞注云︰蔤，乃茎下白蒻在泥中者。莲，乃房也；菂，乃子也；薏，乃中心苦薏也。江东人呼荷花为芙蓉，北人以藕为荷，亦以莲为荷，蜀人以藕为茄，此皆习俗传误也。陆机《诗疏》云︰其茎为荷。其花未发为菡萏，已发为芙蕖。其实莲，莲之皮青里白。其子菂，菂为苦薏也。

时珍曰︰《尔雅》以荷为根名，韩氏以荷为叶名，陆机以荷为茎名。按︰茎乃负叶者也，有负荷之义，当从陆说。蔤乃嫩蒻，如竹之行鞭者。节生二茎，一为叶，一为花，尽处乃生藕，为花、叶、根、实之本。显仁藏用，功成不居，可谓退藏于密矣，故谓之蔤。花叶常偶生，不偶不生，故根曰藕。或云藕善耕泥，故字从耦，耦者耕也。茄音加，加于蔤上也。蕸音遐，远于密也。菡萏，函合未发之意。芙蓉，敷布容艳之意。莲者连也，花实相连而出也。菂者的也，子在房中点点如的也。的乃凡物点注之名。薏，犹意也，含苦在内也。古诗云︰食子心无弃，苦心生意存是矣。

【发明】
时珍曰︰莲产于淤泥而不为泥染；居于水中而不为水没。根茎花实，凡品难同；清净济用，群美兼得。自 而节节生茎，生叶，生花，生藕；由菡萏而生蕊，生莲，生 ，生薏。其莲 则始而黄，黄而青，青而绿，绿而黑，中含白肉，内隐青心。石莲坚刚，可历永久。薏藏生意，藕复萌芽，展转生生，造化不息。故释氏用为引譬，妙理具存；医家取为服食，百病可却。盖莲之味甘气温而性啬，禀清芳之气，得稼穑之味，乃脾之果也。脾者，黄宫，所以交媾水、火，会合木、金者也。土为元气之母，母气既和，津液相成，神乃自生，久视耐老，此其权舆也。昔人治心肾不交，劳伤白浊，有清心莲子饮；补心肾，益精血，有瑞莲丸，皆得此理。

藏器曰︰经秋正黑，名石莲子，入水必沉，惟煎盐卤能浮之。此物居山海间，经百年不坏，人得食之，令发黑不老。

诜曰︰诸鸟、猿猴取得不食，藏之石室内，人得三百年者，食之永不老也。又雁食之，粪于田野山岩之中，不逢阴雨，经久不坏。人得之，每旦空腹食十枚，身轻能登高涉远也。","蓮子（蓮藕）
【氣味】味甘、澀，性平。
【毒性】無毒。
【歸經】歸脾、腎、心經。
【主治】補脾止瀉，止帶，益腎澀精，養心安神。
【釋名】其根藕（《爾雅》）...","LOTUS SEED

[Taste and nature] Sweet and astringent; neutral.

[Toxicity] Recorded as non-toxic.

[Channels] Spleen, Kidney and Heart.

[Actions] Tonifies the Spleen and stops diarrhea; restrains vaginal discharge; supports the Kidney and secures essence; nourishes the Heart and calms the spirit.

[Names and origins]

Classical texts assign different names to each part of the lotus: Ou for the rhizome, Lian for the fruit or seedpod, He for the stem or leaf, and additional terms for the flower and seed embryo.

Shizhen reviews these traditional terms and the symbolic meanings attached to the plant's growth from mud into clean water.

[Historical commentary]

Shizhen praises the lotus for remaining unstained despite growing in mud and uses this as a metaphor for purity and balanced nourishment.

He describes Lotus Seed as sweet and astringent, with a special relationship to the Spleen. Because the Spleen was viewed as the center that coordinates Water and Fire and supports production of Qi and fluids, lotus seed became a food-medicine for chronic weakness.

Classical formulas such as Qing Xin Lotus Seed Yin used it when Heart and Kidney failed to communicate, while Auspicious Lotus Pill used it to support Heart, Kidney, essence and blood.

Older writers also praised very hard, aged 'stone lotus seeds' as longevity foods and told stories of seeds surviving for centuries.

Claims that ancient lotus seeds could make the hair black, prevent aging or confer extraordinary endurance belong to historical longevity folklore rather than ordinary medical practice.","蓮子（蓮藕）
【性味】甘・渋、平。
【毒性】無毒。
【帰経】脾経・腎経・心経に帰する。
【主治】補脾止瀉、止帯、益腎渋精、養心安神。
【名称の由来】根は藕、実は蓮（『爾雅』）、茎と葉は荷（『説文解字』）という。

韓保昇はいう。藕は水中に生じ、葉を荷という。『爾雅』では全体を芙蕖、茎を茄、葉を蕸、根元の地下茎を蔤、つぼみを菡萏、実を蓮、根を藕、実の中の種を菂、種の青い芯を薏と呼ぶ。邢昺は芙蕖が総称で芙蓉ともいい、江東では荷と呼ぶと注す。郭璞は蔤を泥の中の白い若い茎、蓮を花托、菂を種、薏を苦い芯とする。江東で花を芙蓉、北方で藕や蓮を荷、蜀で藕を茄というのは地方による呼び方の違いである。陸機の『詩疏』では茎が荷、開く前の花が菡萏、開いた花が芙蕖、実が蓮、その青い皮の中の白い部分や種を菂、苦い芯を薏という。

李時珍はいう。『爾雅』、韓保昇、陸機は「荷」をそれぞれ根・葉・茎とする。茎は葉を背負うので「負荷」の意味から陸機の説がよい。「蔤」は竹の地下茎に似た若い走出茎で、節ごとに葉と花の茎を一本ずつ生じ、末端に藕を作る、花葉根実のもとである。働きを隠すので蔤と名づけた。花と葉は対になって生じるため根を藕といい、泥を耕すから「耦」に従うという説もある。茄は蔤の上に加わり、蕸は蔤から遠い。菡萏は開く前に包むこと、芙蓉は華やかに広がる姿、蓮は花と実が続いて生じること、菂は実の中に点々とある種、薏は内に苦みを秘めた芯を表す。古詩の「実を食べても芯を捨てず、苦い心に思いが残る」という句もこれをいう。

【考証】
李時珍はいう。蓮は泥の中に生じても泥に染まらず、水中にあっても沈まない。根、茎、花、実にはそれぞれ働きがある。地下茎から節ごとに茎・葉・花・藕を生じ、つぼみから蕊・花托・種・芯へと育つ。実は黄色から青、緑、黒に変わり、白い肉の中に青い芯を秘める。石蓮子は硬く長く保存でき、芯や藕からまた芽が生じる。仏家はこれをたとえに用い、医家は薬として取り入れた。甘味で穏やかに引き締め、穀物のような味を持つ脾の果実である。脾土は元気の母で、水火や木金を調える。脾の気が整えば津液と精神が養われ、長寿につながるという。心腎の不調や白い濁りに清心蓮子飲、心腎と精血を補うため瑞蓮丸が用いられる。

陳蔵器はいう。秋を越えて黒くなったものを石蓮子といい、水に沈むが濃い塩水なら浮く。長く保存でき、食べれば髪が黒く老いないという。孟詵は、鳥や猿が実を石の穴に蓄え、三百年ものを食べれば老いず、雁が食べて山野に落とした実も長く傷まず、朝に十個食べれば体が軽くなるという。","연자

【성미】단맛·떫은맛, 평하다.

【독성】무독성으로 기록되어 있다.

【귀경】비·신·심.

【효능】비를 보하고 설사를 멎게 하며 대하를 줄인다. 신을 돕고 정을 굳게 하며 심을 자양하고 정신을 안정시킨다.

【명칭과 기원】

이 약재는 고전 본초서에 여러 이명과 산지가 기록되어 있다. 약용 부위의 형태와 법제 방법에 따라 성질과 작용이 달라질 수 있다.

【고전 해설】

고전 의가들은 연자의 성미와 귀경을 바탕으로 위 효능을 설명했다. 임상에서는 병의 한열·허실과 환자의 체질을 살피고, 필요한 경우 다른 약재와 배합하여 사용한다."
UI_BOOK_ENTRY_TITLE_LONG_DAN_CAO,龙胆草,龍膽草,Gentian Root,竜胆草,용담초
UI_BOOK_ENTRY_BODY_LONG_DAN_CAO,"龙胆草（龙胆）
【气味】味苦，性寒。
【毒性】无毒。
【归经】归肝、胆经。
【主治】清热燥湿，泻肝胆火。
【释名】陵游（《本经》）。

志曰：叶如龙葵，味苦如胆，因以为名。

【发明】
元素曰：龙胆味苦性寒，气味俱浓，沉而降，阴也，足厥阴、少阳经气分药也。其用有四：除下部风湿，一也；及湿热，二也；脐下至足肿痛，三也；寒湿脚气，四也。 下行之功与防己同，酒浸则能上行，外行以柴胡为主，龙胆为使治眼中疾必用之药。好古曰：益肝胆之气而泄火。

时珍曰：相火寄在肝胆，有泻无补，故龙胆之益肝胆之气，正以其能泻肝胆之邪热也。但大苦大寒，过服恐伤胃中生发之气，反助火邪，亦久服黄连反从火化之义。《别录》久服轻身之说，恐不足信。","龍膽草（龍膽）
【氣味】味苦，性寒。
【毒性】無毒。
【歸經】歸肝、膽經。
【主治】清熱燥濕，瀉肝膽火。
【釋名】陵游（《本經》）。

志曰：葉如龍葵，味...","GENTIAN ROOT

[Taste and nature] Bitter; cold.

[Toxicity] Recorded as non-toxic.

[Channels] Liver and Gallbladder.

[Actions] Clears Heat and dries Dampness; drains Liver and Gallbladder Fire.

[Names and origins]

An older name is Ling You.

One traditional explanation says the leaves resemble those of Solanum and the taste is as bitter as gall, giving rise to the name Long Dan.

[Historical commentary]

Yuansu: Gentian Root is intensely bitter and cold, heavy and descending, and enters the Liver and Gallbladder Qi levels.

He lists four main traditional uses: lower-body Wind-Dampness, Damp-Heat, swelling and pain from below the navel to the feet, and certain leg disorders attributed to Cold-Dampness.

Its downward-directing action was compared with Fang Ji. Wine-processing was said to modify its direction upward, and Bupleurum Root could guide related formulas outward.

Haogu summarizes its effect as benefiting the Liver and Gallbladder precisely by draining pathogenic Fire from them.

Shizhen cautions that because Gentian Root is extremely bitter and cold, excessive or prolonged use can injure Stomach Qi and disrupt normal generation of Qi and fluids.

He therefore rejects older claims that long-term use necessarily lightens the body or promotes longevity.","竜胆草（竜胆）
【性味】苦、寒。
【毒性】無毒。
【帰経】肝経・胆経に帰する。
【主治】清熱燥湿、肝胆の火を瀉す。
【名称の由来】陵游（『神農本草経』）。志という人は、葉が竜葵に似て胆のように苦いので名づけられたという。

【考証】
張元素はいう。竜胆は苦く寒く気味ともに濃く、沈んで下降する陰の薬で、足厥陰・少陽経の気分に働く。下半身の風湿、湿熱、臍の下から足までの腫れと痛み、寒湿による脚気を治す四つの用途がある。下降の働きは防己に似るが、酒に浸すと上へ向かう。外へは柴胡を主薬、竜胆を使薬とし、目の病にも必要だ。王好古は肝胆の気を益して火を瀉すという。

李時珍はいう。相火が肝胆に宿るときには瀉すことが必要なので、肝胆に益するとは邪熱を除くことをいう。ただし非常に苦く寒いため、過量では胃の生発する気を傷め、かえって火邪を助ける恐れがある。黄連の長期服用が逆に火へ変じるのと同じで、『名医別録』の長く服せば体が軽くなるという説は信じ難い。","용담초

【성미】쓴맛, 차다.

【독성】무독성으로 기록되어 있다.

【귀경】간·담.

【효능】열을 내리고 습을 말리며 간담의 화를 사한다.

【명칭과 기원】

이 약재는 고전 본초서에 여러 이명과 산지가 기록되어 있다. 약용 부위의 형태와 법제 방법에 따라 성질과 작용이 달라질 수 있다.

【고전 해설】

고전 의가들은 용담초의 성미와 귀경을 바탕으로 위 효능을 설명했다. 임상에서는 병의 한열·허실과 환자의 체질을 살피고, 필요한 경우 다른 약재와 배합하여 사용한다."
UI_BOOK_ENTRY_TITLE_LONG_GU,龙骨,龍骨,Fossilized Bone,竜骨,용골
UI_BOOK_ENTRY_BODY_LONG_GU,"龙骨
【气味】甘、涩，平。
【毒性】无毒。
【归经】归心、肝、肾经。
【主治】镇惊安神，平肝潜阳，收敛固涩，收湿敛疮。
【释名】时珍曰︰按许慎《说文》︰龙字篆文象形。《生肖论》云︰龙耳亏聪，故谓之龙。梵书名那伽。

【发明】
敩曰︰气入丈夫肾脏中，故益肾药宜用之。

时珍曰︰涩可去脱。故成氏云︰龙骨能收敛浮越之正气，固大肠而镇惊。又主带脉为病。","龍骨
【氣味】甘、澀，平。
【毒性】無毒。
【歸經】歸心、肝、腎經。
【主治】鎮驚安神，平肝潛陽，收斂固澀，收濕斂瘡。
【釋名】時珍曰︰按許慎《說文》︰龍...","FOSSILIZED BONE

[Taste and nature] Sweet and astringent; neutral.

[Toxicity] Recorded as non-toxic.

[Channels] Heart, Liver and Kidney.

[Actions] Calms fright and settles the spirit; anchors Liver Yang; astringes and secures leakage; dries Dampness and helps close sores.

[Names and origins]

Shizhen discusses ancient written forms of the word long, 'dragon,' and notes that Buddhist texts used the transliterated name Naga.

[Historical commentary]

Xiao: Fossilized Bone was traditionally associated with the Kidney and therefore used in formulas intended to secure and support Kidney function.

Shizhen emphasizes the astringent principle: astringency restrains what is excessively escaping or floating.

He cites Cheng Wuji's explanation that Fossilized Bone gathers floating upright Qi, secures the intestines and calms fright.

It was also traditionally used for disorders associated with the Dai vessel, reflecting its strong securing and stabilizing character.","竜骨
【性味】甘・渋、平。
【毒性】無毒。
【帰経】心経・肝経・腎経に帰する。
【主治】鎮驚安神、平肝潜陽、収斂固渋、収湿斂瘡。
【名称の由来】李時珍は許慎の『説文解字』で「竜」の篆書が形をかたどった字であることを引く。『生肖論』では竜は耳が聞こえにくいので竜と呼ぶといい、梵語では那伽という。

【考証】
雷斅はいう。気が男性の腎に入るため、腎を益する薬に用いるとよい。

李時珍はいう。渋味は脱失を止める。成無己がいうように、竜骨は浮き上がって散る正気を収め、大腸を固めて驚きを鎮める。帯脈の病にも用いる。","용골

【성미】단맛·떫은맛, 평하다.

【독성】무독성으로 기록되어 있다.

【귀경】심·간·신.

【효능】놀람을 안정시키고 정신을 가라앉히며 간양을 잠재운다. 새는 것을 수렴하고 습을 말려 상처가 아물도록 돕는다.

【명칭과 기원】

이 약재는 고전 본초서에 여러 이명과 산지가 기록되어 있다. 약용 부위의 형태와 법제 방법에 따라 성질과 작용이 달라질 수 있다.

【고전 해설】

고전 의가들은 용골의 성미와 귀경을 바탕으로 위 효능을 설명했다. 임상에서는 병의 한열·허실과 환자의 체질을 살피고, 필요한 경우 다른 약재와 배합하여 사용한다."
UI_BOOK_ENTRY_TITLE_LONG_YAN,龙眼,龍眼,Longan Fruit,竜眼,용안
UI_BOOK_ENTRY_BODY_LONG_YAN,"龙眼
【气味】味甘，性温。
【毒性】无毒。
【归经】归心、脾经。
【主治】补益心脾，养血安神。
【释名】龙目（《吴普》）、圆眼（俗名）、益智（《本经》）、亚荔枝（《开宝》）、荔枝奴、骊珠、燕卵、蜜脾、鲛泪、时珍曰︰龙眼、龙目，象形也。《吴普本草》谓之龙目，又曰比目。曹宪《博雅》谓之益智。

弘景曰︰广州有龙眼，非益智也，恐彼人别名耳。

志曰︰甘味归脾，能益人智，故名益智，非今之益智子也。

颂曰︰荔枝才过，龙眼即熟，故南人目为荔枝奴。又名木弹。晒干寄远，北人以为佳果，目为亚荔枝。

【发明】
时珍曰︰食品以荔枝为贵，而资益则龙眼为良。盖荔枝性热，而龙眼性和平也。严用和《济生方》，治思虑劳伤心脾有归脾汤，取甘味归脾、能益人智之义。","龍眼
【氣味】味甘，性溫。
【毒性】無毒。
【歸經】歸心、脾經。
【主治】補益心脾，養血安神。
【釋名】龍目（《吳普》）、圓眼（俗名）、益智（《本經》）、...","LONGAN FRUIT

[Taste and nature] Sweet; warm.

[Toxicity] Recorded as non-toxic.

[Channels] Heart and Spleen.

[Actions] Tonifies the Heart and Spleen; nourishes blood and calms the spirit.

[Names and origins]

Older names include Long Mu, Yuan Yan, Yi Zhi, Ya Li Zhi, Li Zhi Nu, Li Zhu, Yan Luan, Mi Pi and Jiao Lei.

Longan Fruit and Long Mu, literally 'dragon eye,' refer to the fruit's appearance.

Hongjing notes that the old name Yi Zhi for longan should not be confused with the herb now known as Yi Zhi Ren.

Song explains that longan ripens soon after lychee, leading southern people to nickname it 'lychee's servant.' Dried fruit was highly valued in northern regions.

[Historical commentary]

Shizhen says that although lychee was considered the more luxurious fruit, longan was superior as a nourishing food-medicine because its nature is gentler.

Its sweetness was associated with the Spleen, and its nourishing action with Heart blood and spirit.

Yan Yonghe's Restore the Spleen Decoction uses longan in patterns of excessive thinking and overwork that weaken the Heart and Spleen, reflecting its traditional role in nourishing blood while calming the spirit.","竜眼
【性味】甘、温。
【毒性】無毒。
【帰経】心経・脾経に帰する。
【主治】補益心脾、養血安神。
【名称の由来】竜目（『呉普本草』）、円眼（俗称）、益智（『神農本草経』）、亜茘枝（『開宝本草』）、茘枝奴・驪珠・燕卵・蜜脾・鮫涙。李時珍は竜眼・竜目は形にちなみ、『呉普本草』には比目ともあるという。

陶弘景は、広州の竜眼は益智とは別で、地元の別名だろうという。志という人は、甘味が脾へ入り知恵を養うため益智と呼び、現在の益智子とは違うという。蘇頌は茘枝の季節が終わると竜眼が熟すため南方で茘枝奴と呼び、木弾ともいう。乾燥して北方へ送られ、亜茘枝と呼ばれる。

【考証】
李時珍はいう。食べ物としては茘枝が重んじられるが、体を養うには竜眼がよい。茘枝は熱性で、竜眼は比較的穏やかだからである。厳用和の『済生方』にある帰脾湯は、思い悩んで心脾を傷めた場合に用い、甘味が脾へ入り知恵を養うという意味を取る。","용안

【성미】단맛, 따뜻하다.

【독성】무독성으로 기록되어 있다.

【귀경】심·비.

【효능】심과 비를 보하고 혈을 자양하여 정신을 안정시킨다.

【명칭과 기원】

이 약재는 고전 본초서에 여러 이명과 산지가 기록되어 있다. 약용 부위의 형태와 법제 방법에 따라 성질과 작용이 달라질 수 있다.

【고전 해설】

고전 의가들은 용안의 성미와 귀경을 바탕으로 위 효능을 설명했다. 임상에서는 병의 한열·허실과 환자의 체질을 살피고, 필요한 경우 다른 약재와 배합하여 사용한다."
UI_BOOK_ENTRY_TITLE_LU_GEN,芦根,蘆根,Reed Rhizome,芦根,노근
UI_BOOK_ENTRY_BODY_LU_GEN,"芦根（芦）
【气味】味甘，性寒。
【毒性】无毒。
【归经】归肺、胃经。
【主治】清热泻火，生津止渴，除烦止呕，利尿。
【释名】苇（音伟《尔雅》）、葭（音加《尔雅》），花名蓬蕽（《唐本》）、笋名虇（音拳《尔雅》）。

时珍曰︰按毛苌《诗疏》云︰苇之初生曰葭；未秀曰芦；长成曰苇。苇者，伟大也。芦者，色卢黑也。葭者，嘉美也。

【发明】
时珍曰︰按《雷公炮炙论》序云︰益食加觞，须煎芦、朴。注云︰用逆水芦根并浓朴二味等分，煎汤服。盖芦根甘能益胃，寒能降火故也。","蘆根（蘆）
【氣味】味甘，性寒。
【毒性】無毒。
【歸經】歸肺、胃經。
【主治】清熱瀉火，生津止渴，除煩止嘔，利尿。
【釋名】葦（音偉《爾雅》）、葭（音加...","REED RHIZOME

[Taste and nature] Sweet; cold.

[Toxicity] Recorded as non-toxic.

[Channels] Lung and Stomach.

[Actions] Clears Heat and drains Fire; generates fluids and relieves thirst; eases restlessness and vomiting; promotes urination.

[Names and origins]

Older names for the reed include Wei and Jia, with separate classical terms for its flower and shoots.

Shizhen cites an old botanical explanation distinguishing growth stages: the young plant was called Jia, the immature stalk Lu and the mature reed Wei.

[Historical commentary]

Shizhen cites an old preparation combining Reed Rhizome with Magnolia Bark.

He explains Reed Rhizome's medicinal logic simply: its sweetness supports the Stomach while its cold nature clears Heat and Fire.

This pairing made it useful in patterns of Stomach Heat with thirst, nausea or irritability, especially when Heat and Qi stagnation occurred together.","芦根（蘆）
【性味】甘、寒。
【毒性】無毒。
【帰経】肺経・胃経に帰する。
【主治】清熱瀉火、生津止渇、除煩止嘔、利尿。
【名称の由来】葦（音は偉）、葭（音は加。『爾雅』）。花は蓬蕽（『唐本草』）、若芽は虇（音は拳。『爾雅』）という。

李時珍は毛萇の『詩疏』を引き、葦の芽生えを葭、穂が出る前を蘆、成長後を葦と呼ぶという。「葦」は大きい、「蘆」は黒っぽい色、「葭」は美しいという意味に由来する。

【考証】
李時珍は『雷公炮炙論』の序を引く。飲食を増やす際には蘆根と厚朴を同量煎じて飲むという。蘆根の甘味が胃を養い、寒性が火を下げるためである。","노근

【성미】단맛, 차다.

【독성】무독성으로 기록되어 있다.

【귀경】폐·위.

【효능】열을 내리고 화를 사하며 진액을 만들어 갈증을 줄인다. 번조와 구토를 완화하고 소변을 돕는다.

【명칭과 기원】

이 약재는 고전 본초서에 여러 이명과 산지가 기록되어 있다. 약용 부위의 형태와 법제 방법에 따라 성질과 작용이 달라질 수 있다.

【고전 해설】

고전 의가들은 노근의 성미와 귀경을 바탕으로 위 효능을 설명했다. 임상에서는 병의 한열·허실과 환자의 체질을 살피고, 필요한 경우 다른 약재와 배합하여 사용한다."
UI_BOOK_ENTRY_TITLE_LU_JIAO_JIAO,鹿角胶,鹿角膠,Deer Antler Gelatin,鹿角膠,녹각교
UI_BOOK_ENTRY_BODY_LU_JIAO_JIAO,"鹿角胶
【气味】甘、咸，温。
【毒性】无毒。
【归经】归 肝、肾经。
【主治】温补肝肾，益精养血，止血。
【释名】一名鹿角胶（《本经》）、粉名鹿角霜。

甄权曰︰白胶一名黄明胶。

时珍︰正误见黄明胶。

【发明】𢽾曰︰凡使，鹿角胜于麋角。

颂曰︰今医家多用麋茸、麋角，云力紧于鹿也。

时珍曰︰苏东坡《良方》云︰鹿阳兽，见阴而角解；麋阴兽，见阳而角解。故补阳以鹿角为胜，补阴以麋角为胜。其不同如此，但云鹿胜麋，麋胜鹿，疏矣。按此说与沈存中“鹿茸利补阴，麋茸利补阳”之说相反。以理与功推之，苏说为是。详见茸下。","鹿角膠
【氣味】甘、咸，溫。
【毒性】無毒。
【歸經】歸 肝、腎經。
【主治】溫補肝腎，益精養血，止血。
【釋名】一名鹿角膠（《本經》）、粉名鹿角霜。

...","DEER ANTLER GELATIN

[Taste and nature] Sweet and salty; warm.

[Toxicity] Recorded as non-toxic.

[Channels] Liver and Kidney.

[Actions] Warms and tonifies the Liver and Kidney; enriches essence and nourishes blood; stops bleeding.

[Names and origins]

The gelatin is made from deer antler. The powdery residue remaining after processing is known as Lu Jiao Shuang.

Older texts also mention names such as Bai Jiao and Huang Ming Jiao in discussions of animal gelatins.

[Historical commentary]

Some early authors claimed deer antler was stronger than elk antler, while others held the opposite view.

Shizhen rejects simple rankings and instead distinguishes their traditional tendencies.

Citing Su Shi, he explains deer as a Yang-associated animal and elk as Yin-associated. On that basis, deer antler was traditionally considered more suited to supporting Yang, while elk antler was considered relatively more suited to nourishing Yin.

He notes that other authors reversed this interpretation, but favors the former view based on traditional theory and observed use.

The entry therefore emphasizes matching the source material to the intended tonic direction rather than treating all antler products as identical.","鹿角膠
【性味】甘・鹹、温。
【毒性】無毒。
【帰経】肝経・腎経に帰する。
【主治】温補肝腎、益精養血、止血。
【名称の由来】鹿角膠（『神農本草経』）、粉末は鹿角霜という。甄権は白膠を黄明膠とも呼ぶというが、李時珍は黄明膠の項でこの誤りを訂正すると記す。

【考証】
雷斅は鹿角が麋角に勝るという。蘇頌は、今の医者は麋の若角や角を多く用い、鹿より力が強いという。

李時珍は蘇東坡の『良方』を引く。鹿は陽の獣で陰に遭うと角を落とし、麋は陰の獣で陽に遭うと角を落とすので、陽を補うには鹿角、陰を補うには麋角がよい。単に一方が優れるとはいえない。この説は沈括の「鹿茸は陰、麋茸は陽を補う」とする説とは逆だが、働きからは蘇東坡の説が妥当で、若角の項に詳しいという。","녹각교

【성미】단맛·짠맛, 따뜻하다.

【독성】무독성으로 기록되어 있다.

【귀경】간·신.

【효능】간과 신을 따뜻하게 보하고 정과 혈을 풍부하게 하며 출혈을 멎게 한다.

【명칭과 기원】

이 약재는 고전 본초서에 여러 이명과 산지가 기록되어 있다. 약용 부위의 형태와 법제 방법에 따라 성질과 작용이 달라질 수 있다.

【고전 해설】

고전 의가들은 녹각교의 성미와 귀경을 바탕으로 위 효능을 설명했다. 임상에서는 병의 한열·허실과 환자의 체질을 살피고, 필요한 경우 다른 약재와 배합하여 사용한다."
UI_BOOK_ENTRY_TITLE_MA_HUANG,麻黄,麻黃,Ephedra Herb,麻黄,마황
UI_BOOK_ENTRY_BODY_MA_HUANG,"麻黄
【气味】辛苦，温。
【毒性】无毒。
【归经】归肺、膀胱经。
【主治】发汗解表，宣肺平喘，利水消肿。
【释名】龙沙（《本经》）、卑相（《别录》）、卑盐（《别录》）。

时珍曰：诸名殊不可解。或云其味麻，其色黄，未审然否？张揖《广雅》云：龙沙，麻黄也。狗骨，麻黄根也。不知何以分别如此？

【发明】弘景曰︰麻黄疗伤寒，解肌第一药。

颂曰︰张仲景治伤寒，有麻黄汤及葛根汤、大小青龙汤，皆用麻黄。治肺痿上气，有射干麻黄汤、浓朴麻黄汤，皆大方也。

杲曰︰轻可去实，麻黄、葛根之属是也。六淫有馀之邪，客于阳分皮毛之间，腠理闭拒，营卫气血不行，故谓之实。二药轻清成象，故可去之。麻黄微苦，其形中空，阴中之阳，入足太阳寒水之经。其经循背下行，本寒而又受外寒，故宜发汗，去皮毛气分寒邪，以泄表实。若过发则汗多亡阳，或饮食劳倦及杂病自汗表虚之证用之，则脱人元气，不可不禁。
好古曰︰麻黄治卫实之药，桂枝治卫虚之药，二物虽为太阳证药，其实营卫药也。心主营为血，肺主卫为气。故麻黄为手太阴肺之剂，桂枝为手少阴心之剂。伤寒伤风而咳嗽，用麻黄、桂枝，即汤液之源也。

时珍曰︰麻黄乃肺经专药，故治肺病多用之。张仲景治伤寒无汗用麻黄，有汗用桂枝。历代明医解释，皆随文傅会，未有究其精微者。时珍常绎思之，似有一得，与昔人所解不同云。津液为汗，汗即血也。在营则为血，在卫则为汗。夫寒伤营，营血内涩，不能外通于卫，卫气闭固，津液不行，故无汗发热而憎寒。夫风伤卫，卫气外泄，不能内护于营，营气虚弱，津液不固，故有汗发热而恶风。然风寒之邪，皆由皮毛而入。皮毛者，肺之合也。肺主卫气，包罗一身，天之象也。是证虽属乎太阳，而肺实受邪气。其证时兼面赤怫郁，咳嗽有痰，喘而胸满诸证者，非肺病乎？盖皮毛外闭，则邪热内攻，而肺气郁。故用麻黄、甘引出营分之邪，达之肌表，佐以杏仁泄肺而利气。汗后无大热而喘者，加以石膏。朱肱《活人书》，夏至后加石膏、知母，皆是泄肺火之药。是则麻黄汤虽太阳发汗重剂，实为发散肺经火郁之药也。腠理不密，则津液外泄，而肺气自虚。虚则补其母。故用桂枝同甘草，外散风邪以救表，内伐肝木以防脾。佐以芍药，泄木而固脾，泄东所以补西也。使以姜枣，行脾之津液而和营卫也。下后微喘者加浓朴、杏仁，以利肺气也。汗后脉沉迟者加人参，以益肺气也。朱肱加黄芩为阳旦汤，以泻肺热也。皆是脾肺之药。是则桂枝虽太阳解肌轻剂，实为理脾救肺之药也。此千古未发之秘旨，愚因表而出之。又少阴病发热脉沉，有麻黄附子细辛汤、麻黄附子甘草汤。少阴与太阳为表里，乃赵嗣真所谓熟附配麻黄，补中有发也。一锦衣夏月饮酒达旦，病水泄，数日不止，水谷直出。服分利消导升提诸药则反剧。时珍诊之，脉浮而缓，大肠下弩，复发痔血。此因肉食生冷茶水过杂，抑遏阳气在下，木盛土衰，《素问》所谓久风成飧泄也。法当升之扬之。遂以小续命汤投之，一服而愈。昔仲景治伤寒六七日，大下后，脉沉迟，手足厥逆，咽喉不利，唾脓血，泄利不止者，用麻黄汤平其肝肺，兼升发之，即斯理也。神而明之，此类是矣。","麻黃
【氣味】辛苦，溫。
【毒性】無毒。
【歸經】歸肺、膀胱經。
【主治】發汗解表，宣肺平喘，利水消腫。
【釋名】龍沙（《本經》）、卑相（《別錄》）、卑鹽...","EPHEDRA HERB

[Taste and nature] Acrid and bitter; warm.

[Toxicity] Recorded as non-toxic in the historical source.

[Channels] Lung and Bladder.

[Actions] Induces sweating and releases the exterior; disseminates Lung Qi and relieves wheezing; promotes urination and reduces swelling.

[Names and origins]

Older names include Long Sha, Bei Xiang and Bei Yan.

Shizhen notes that the origins of these names are uncertain. One folk explanation links Ephedra Herb with its numbing taste and yellowish color, but he does not consider this certain.

[Historical commentary]

Hongjing calls Ephedra Herb one of the foremost medicines for externally contracted Cold.

Song notes its central role in Zhang Zhongjing's Ephedra Decoction, Kudzu Root Decoction and the Qing Long formulas, as well as formulas for cough and wheezing.

Gao classifies Ephedra Herb among light medicines that remove exterior excess. When Cold closes the skin and interstices and blocks the movement of nutritive and defensive Qi, its light, dispersing action opens the exterior.

He strongly warns that excessive sweating can damage Yang and source Qi, and that Ephedra Herb is inappropriate for spontaneous sweating from exterior deficiency.

Haogu contrasts Ephedra Herb with Cinnamon Twig: Ephedra Herb suits defensive-level excess with no sweating, while Cinnamon Twig suits exterior deficiency with spontaneous sweating.

Shizhen emphasizes Ephedra Herb's strong relationship with the Lung. Because the Lung governs the skin and defensive Qi, exterior Wind-Cold often manifests together with cough, wheezing and chest fullness.

In Ephedra Decoction, Apricot Kernel assists Lung Qi descent while Ephedra Herb opens the exterior. In other formulas, Gypsum may be added when Heat and wheezing remain.

Shizhen also discusses the use of Ephedra Herb with Prepared Aconite Root in Shaoyin patterns where deep Cold coexists with exterior constraint, illustrating the traditional idea of combining supplementation with controlled dispersing.

He repeatedly stresses pattern differentiation: Ephedra Herb is powerful and should not be used simply because fever or cough is present.","麻黄
【性味】辛・苦、温。
【毒性】無毒。
【帰経】肺経・膀胱経に帰する。
【主治】発汗解表、宣肺平喘、利水消腫。
【名称の由来】竜沙（『神農本草経』）、卑相・卑塩（『名医別録』）。李時珍は名の由来ははっきりせず、味がしびれる「麻」と黄色の「黄」によるかもしれないという。張揖の『広雅』は竜沙を麻黄、狗骨を麻黄の根とするが、その区別の理由は分からない。

【考証】
陶弘景は麻黄が傷寒で肌を解く第一の薬という。蘇頌は、張仲景の麻黄湯・葛根湯・大小青竜湯、肺痿や気の逆上に用いる射干麻黄湯・厚朴麻黄湯などを挙げる。

李杲はいう。軽い薬は実を除き、麻黄と葛根がその例である。六淫の邪が体表の陽分にとどまり、皮膚のきめを閉ざして営衛や気血の巡りを妨げる状態を実という。両薬は軽く澄んでこれを除く。麻黄はやや苦く茎が空洞で、陰中の陽として足太陽の寒水の経に入る。太陽経は背を通って下へ向かい寒を受けやすいため、発汗して体表の寒邪を除く。ただし汗を出しすぎると陽を失う。飲食の乱れや疲労、雑病による自汗・表虚には元気を脱落させるので禁ずる。

王好古はいう。麻黄は衛の実、桂枝は衛の虚を治す。ともに太陽証だけでなく営衛の薬で、心は血をつかさどる営、肺は気をつかさどる衛に対応する。麻黄は手太陰肺、桂枝は手少陰心に働き、傷寒や中風での咳に用いる基本となる。

李時珍はいう。麻黄は肺経の薬で、張仲景は傷寒で汗がなければ麻黄、汗があれば桂枝を用いた。昔の説明よりさらに考えると、津液は衛にあれば汗、営にあれば血となる。寒が営を傷つけると血の巡りが内で滞り衛へ届かず、衛気も閉じて発熱・悪寒して無汗となる。風が衛を傷つけると衛気が外へ漏れ、営を守れず、営気が虚して津液を保持できず、自汗・発熱・悪風となる。いずれも皮膚や毛から邪が入り、肺が関わる。顔の赤み、咳、痰、喘ぎ、胸の張りも肺の症状である。無汗では麻黄と甘草で営の邪を体表へ出し、杏仁で肺気を下げる。汗の後に高熱はなく喘ぐ場合には石膏、夏至以降には石膏や知母を加えて肺の火を瀉すとされ、麻黄湯は太陽の強い発汗薬でありながら肺経の鬱した火を散らす薬でもある。一方、自汗では体表が緩く肺気が虚す。桂枝と甘草で外の風邪を散らし営衛を救い、芍薬で肝木を抑えて脾を固め、生姜・大棗で脾の津液を巡らせる。下剤の後の軽い喘ぎには厚朴・杏仁、発汗後の沈遅の脈には人参、肺熱には黄芩を加えるという。桂枝湯は太陽の穏やかな解肌薬でありながら、脾を整え肺を救う薬でもある。

少陰病で熱があり脈が沈む場合には麻黄附子細辛湯や麻黄附子甘草湯があり、少陰と太陽の表裏を考えれば、温める附子と麻黄の組み合わせは補いながら発散する。李時珍は、夏に夜通し酒を飲んだ官人の水様の下痢が数日続き、利水薬などで悪化した例を挙げる。脈は浮緩で痔からも出血し、冷たい食べ物や茶水で下の陽気が抑えられ、肝木が盛んで脾土が衰えたと判断し、上へ発散させる小続命湯一服で治した。張仲景も傷寒六、七日で強く下した後に脈が沈遅、手足が厥冷し、喉が悪く膿血を吐き下痢が続く場合、麻黄湯で肝肺を整え上へ発散させたという。同じ理を状況に応じて使うべきだと説く。","마황

【성미】매운맛·쓴맛, 따뜻하다.

【독성】무독성으로 기록되어 있다.

【귀경】폐·방광.

【효능】발한하여 표를 풀고 폐기를 소통해 천식을 줄인다. 소변을 돕고 부기를 줄인다.

【명칭과 기원】

이 약재는 고전 본초서에 여러 이명과 산지가 기록되어 있다. 약용 부위의 형태와 법제 방법에 따라 성질과 작용이 달라질 수 있다.

【고전 해설】

고전 의가들은 마황의 성미와 귀경을 바탕으로 위 효능을 설명했다. 임상에서는 병의 한열·허실과 환자의 체질을 살피고, 필요한 경우 다른 약재와 배합하여 사용한다."
UI_BOOK_ENTRY_TITLE_MAI_MEN_DONG,麦门冬,麥門冬,Ophiopogon Tuber,麦門冬,맥문동
UI_BOOK_ENTRY_BODY_MAI_MEN_DONG,"麦门冬
【气味】味甘、微苦，性微寒。
【毒性】无毒。
【归经】归心、肺、胃经。
【主治】养阴生津，润肺清心。
【释名】虋冬（音门《尔雅》），秦名羊韭、齐名爱韭、楚名马韭、越名羊耆（并《别录》）。禹韭（《吴普》）、禹余粮（《别录》）、忍冬（《吴普》）、忍凌（《吴普》）、不死药（《吴普》）、阶前草（《梅尧臣诗》）。

弘景曰：根似穬麦，故谓之麦门冬。

时珍曰︰麦须曰虋，此草根似麦而有须，其叶如韭，凌冬不凋，故谓之麦 冬，及有诸韭、忍冬诸名。俗作门冬，便于字也。可以服食断谷，一名仆垒，一名随脂。

【发明】宗奭曰︰麦门冬治肺热之功为多，其味苦，但专泄而不专收，寒多人禁服。治心肺虚热及虚劳。与地黄、阿胶、麻仁，同为润经益血、复脉通心之剂；与五味子、枸杞子，同为生脉之剂。

元素曰︰麦门冬治肺中伏火、脉气欲绝者，加五味子、人参二味为生脉散，补肺中元气不足。

杲曰︰六七月间湿热方旺，人病骨乏无力，身重气短，头旋眼黑，甚则痿软。故孙真人以生脉散补其天元真气。脉者，人之元气也。人参之甘寒，泻热火而益元气。麦门冬之苦寒，滋燥金而清水源。五味子之酸温，泻丙火而补庚金，兼益五脏之气也。

时珍曰︰按︰赵继宗《儒医精要》云︰麦门冬以地黄为使，服之令人头不白，补髓，通肾气，定喘促，令人肌体滑泽，除身上一切恶气不洁之疾，盖有君而有使也。若有君无使，是独行无功矣。此方惟火盛气壮之人服之相宜。若气弱胃寒者，必不可饵也。","麥門冬
【氣味】味甘、微苦，性微寒。
【毒性】無毒。
【歸經】歸心、肺、胃經。
【主治】養陰生津，潤肺清心。
【釋名】虋冬（音門《爾雅》），秦名羊韭、齊名...","OPHIOPOGON TUBER

[Taste and nature] Sweet and slightly bitter; slightly cold.

[Toxicity] Recorded as non-toxic.

[Channels] Heart, Lung and Stomach.

[Actions] Nourishes Yin and generates fluids; moistens the Lung; clears the Heart.

[Names and origins]

Older names include Men Dong, Yang Jiu, Ai Jiu, Ma Jiu, Yu Jiu, Yu Yu Liang, Ren Dong, Ren Ling, Bu Si Yao and Jie Qian Cao.

Hongjing explains the name through the tuber's resemblance to grains of wheat.

Shizhen adds that the fibrous roots resemble wheat awns, while the leaves resemble chives and remain green through winter.

[Historical commentary]

Zongshi: Ophiopogon Tuber is especially useful for Lung Heat and deficiency Heat of the Heart and Lung. Because it is cooling, patients with pronounced Cold should use it cautiously.

Combined with Di Huang, Donkey-Hide Gelatin and Huo Ma Ren, it nourishes fluids and blood. With Schisandra Fruit and Goji Berry, it supports fluid and Qi preservation.

Yuansu highlights Pulse-Engendering Powder, combining Ophiopogon Tuber with Ginseng Root and Schisandra Fruit for severe depletion of Lung Qi and fluids.

Gao explains this formula through summer Heat and Dampness causing weakness, shortness of breath, dizziness and fatigue. Ginseng Root supports source Qi, Ophiopogon Tuber nourishes Lung Yin and fluids, and Schisandra Fruit helps secure Qi and fluids.

Shizhen cautions that strongly cooling tonic combinations suit patients with Heat and robust Qi better than those with weak Qi and a cold Stomach.

He therefore emphasizes constitution and pattern rather than treating Ophiopogon Tuber as an all-purpose tonic.","麦門冬
【性味】甘・やや苦、微寒。
【毒性】無毒。
【帰経】心経・肺経・胃経に帰する。
【主治】養陰生津、潤肺清心。
【名称の由来】虋冬（音は門。『爾雅』）、秦では羊韭、斉では愛韭、楚では馬韭、越では羊耆（『名医別録』）。禹韭・忍冬・忍凌・不死薬（『呉普本草』）、禹余粮（『名医別録』）、階前草（梅尭臣の詩）。

陶弘景は根が大麦に似るため麦門冬という。李時珍は、麦のひげを「虋」といい、この草の根も麦に似てひげがあり、葉は韭に似て冬にも枯れないので名づけられたという。門冬は書きやすい俗字で、穀物を断つ服食にも用い、僕塁・随脂とも呼ぶ。

【考証】
寇宗奭はいう。麦門冬は肺熱に特によく、苦味で瀉すが収める力は弱いため、冷えの強い人には禁ずる。心肺の虚熱や虚労にも用い、地黄・阿膠・麻仁と合わせれば経絡を潤し血を養って脈と心を通し、五味子・枸杞子と合わせれば脈を生む薬となる。

張元素はいう。肺に潜む火で脈気が絶えそうなとき、五味子と人参を加えて生脈散とし、肺の元気を補う。李杲は、六、七月に湿熱が盛んで、骨がだるく体が重い、息切れ、めまい、目の暗さ、ひどければ筋肉の萎えを生じるとき、孫思邈が生脈散で元気を補ったという。人参は熱を除き元気を養い、麦門冬は乾いた肺を潤して水の源を清め、五味子は火を瀉して肺を補い、五臓の気も益する。

李時珍は趙継宗の『儒医精要』を引き、地黄を使薬として麦門冬を服すと髪の白化を防ぎ、髄と腎気を養い、喘ぎを鎮め、肌を潤すなどという。君薬だけではなく使薬があってこそ働く。ただし火が盛んで気力の強い人に限り、気が弱く胃の冷える人は服用してはならないという。","맥문동

【성미】단맛·약간 쓴맛, 약간 차다.

【독성】무독성으로 기록되어 있다.

【귀경】심·폐·위.

【효능】음을 보하고 진액을 만들며 폐를 윤택하게 하고 심열을 맑힌다.

【명칭과 기원】

이 약재는 고전 본초서에 여러 이명과 산지가 기록되어 있다. 약용 부위의 형태와 법제 방법에 따라 성질과 작용이 달라질 수 있다.

【고전 해설】

고전 의가들은 맥문동의 성미와 귀경을 바탕으로 위 효능을 설명했다. 임상에서는 병의 한열·허실과 환자의 체질을 살피고, 필요한 경우 다른 약재와 배합하여 사용한다."
UI_BOOK_ENTRY_TITLE_MU_LI,牡蛎,牡蠣,Oyster Shell,牡蛎,모려
UI_BOOK_ENTRY_BODY_MU_LI,"牡蛎
【气味】咸，微寒。
【毒性】无毒。
【归经】归肝、胆、肾经。
【主治】重镇安神，潜阳补阴，软坚散结，收敛固涩，制酸止痛。
【释名】牡蛤（《别录》）、蛎蛤（《本经》）、古贲（《异物志》）、蚝。

弘景曰︰道家方以左顾是雄，故名牡蛎，右顾则牝蛎也。或以尖头为左顾，未详孰是。

藏器曰︰天生万物皆有牡牝。惟蛎是咸水结成，块然不动，阴阳之道，何从而生？《经》言牡者，应是雄耳。

宗奭曰︰《本经》不言左顾，止从陶说。而段成式亦云︰牡蛎言牡，非谓雄也。且如牡丹，岂有牝丹乎？此物无目，更何顾盻？

时珍曰︰蛤蚌之属，皆有胎生、卵生。独此化生，纯雄无雌，故得牡名。曰蛎曰蚝，言其粗大也。

【发明】
权曰︰病虚而多热者，宜同地黄、小草用之。

好古曰︰牡蛎入足少阴，为软坚之剂。以柴胡引之，能去胁下硬。以茶引之，能消项上结核。以大黄引之，能消股间肿。以地黄为使，能益精收涩，止小便，本肾经血分之药也。

成无己曰︰牡蛎之咸，以消胸膈之满，以泄水气，使痞者消，硬者软也。

元素曰︰壮水之主，以制阳光，则渴饮不思。故蛤蛎之类，能止渴也。","牡蠣
【氣味】咸，微寒。
【毒性】無毒。
【歸經】歸肝、膽、腎經。
【主治】重鎮安神，潛陽補陰，軟堅散結，收斂固澀，制酸止痛。
【釋名】牡蛤（《別錄》）、...","OYSTER SHELL

[Taste and nature] Salty; slightly cold.

[Toxicity] Recorded as non-toxic.

[Channels] Liver, Gallbladder and Kidney.

[Actions] Heavily settles and calms the spirit; anchors Yang and supports Yin; softens hardness and disperses nodules; astringes and secures leakage; reduces acid and relieves pain.

[Names and origins]

Older names include Mu Ge, Li Ge, Gu Ben and Hao.

Historical authors debated why the character mu, 'male,' appears in the name. Some offered symbolic explanations, while others rejected the idea that oysters were literally all male.

Shizhen preserves these older discussions but focuses on the medicinal properties of the shell.

[Historical commentary]

Quan: In deficiency with Heat, Oyster Shell was combined with Di Huang and other nourishing herbs.

Haogu: Oyster Shell enters the Kidney system and is a classic substance for softening hardness. Depending on the guiding herb, it was used for hardness beneath the ribs, neck nodules or swelling in the lower body.

With Di Huang it was used to enrich essence and secure leakage.

Cheng Wuji emphasizes the salty quality: saltiness softens hardness and helps resolve fullness in the chest and diaphragm.

Yuansu explains its thirst-relieving role through the traditional principle of strengthening Water to restrain excessive Yang.

Across these interpretations, Oyster Shell combines heavy settling, softening and astringent actions.","牡蛎
【性味】鹹、微寒。
【毒性】無毒。
【帰経】肝経・胆経・腎経に帰する。
【主治】重鎮安神、潜陽補陰、軟堅散結、収斂固渋、制酸止痛。
【名称の由来】牡蛤（『名医別録』）、蛎蛤（『神農本草経』）、古賁（『異物志』）、蚝。

陶弘景は左を向いたものを雄、右を向いたものを雌とする道家の説から牡蛎の名があるという。陳蔵器は、ほかの動物と異なり塩水の中で固まって動かないものに雌雄があるのか疑う。寇宗奭も『神農本草経』には左向きという説明はなく、牡丹に雌丹がないのと同様、「牡」は雄の意味ではないという。李時珍は、貝の多くは胎生または卵生だが牡蛎は化生で雄のみと考えられ、蛎・蚝は大きく粗い姿を指すという。

【考証】
甄権は虚して熱の多い病に地黄・小草とともに用いるという。王好古は足少陰に入り、硬いものを柔らかくすると説く。柴胡で脇の下の硬結、茶で首のしこり、大黄で腿の腫れへ導き、地黄を使薬にすれば精を養い尿を収める、腎経の血分の薬である。成無己は鹹味が胸と横隔膜の張りを消し、水気を出して硬結を柔らかくするという。張元素は水を養って陽を抑えるため、蛤や蛎が渇きを止めるという。","모려

【성미】짠맛, 약간 차다.

【독성】무독성으로 기록되어 있다.

【귀경】간·담·신.

【효능】무겁게 가라앉혀 정신을 안정시키고 양을 잠재우며 음을 돕는다. 굳은 것을 부드럽게 하고 뭉침을 흩으며 새는 것을 수렴하고 산을 줄여 통증을 완화한다.

【명칭과 기원】

이 약재는 고전 본초서에 여러 이명과 산지가 기록되어 있다. 약용 부위의 형태와 법제 방법에 따라 성질과 작용이 달라질 수 있다.

【고전 해설】

고전 의가들은 모려의 성미와 귀경을 바탕으로 위 효능을 설명했다. 임상에서는 병의 한열·허실과 환자의 체질을 살피고, 필요한 경우 다른 약재와 배합하여 사용한다."
UI_BOOK_ENTRY_TITLE_MU_TONG,木通,木通,Akebia Stem,木通,목통
UI_BOOK_ENTRY_BODY_MU_TONG,"木通（通草）
【气味】味苦，性寒。
【毒性】无毒。
【归经】归心、小肠、膀胱经。
【主治】利尿通淋，清心除烦，通经下乳。
【释名】木通（士良）、附支（《本经》）、丁翁（《吴普》）、万年藤（甄权），子名燕覆（《唐本》）。

时珍曰︰有细细孔，两头皆通，故名通草，即今所谓木通也。今之通草，乃古之通脱木也。宋本草混注为一，名实相乱，今分出之。

【发明】
杲曰︰本草十剂︰通可去滞，通草、防己之属是也。夫防己大苦寒，能泻血中湿热之滞，又通大便。通草甘淡，能助西方秋气下降，利小便，专泻气滞也。肺受热邪，津液气化之原绝，则寒水断流，膀胱受湿热，癃闭约缩，小便不通，宜此治之。其症胸中烦热，口燥舌干，咽干，大渴引饮，小便淋沥，或闭塞不通，胫酸脚热，并宜通草主之。凡气味与之同者，茯苓、泽泻、灯草、猪苓、琥珀、瞿麦、车前子之类，皆可以渗湿利小便，泄其滞气也。又曰︰木通下行，泄小肠火，利小便，与琥珀同功，无他药可比。

时珍曰︰木通手厥阴心包络、手足太阳小肠、膀胱之药也。故上能通心清肺，治头痛，利九窍；下能泄湿热，利小便，通大肠，治遍身拘痛。《本经》及《别录》皆不言及利小便治淋之功，甄权、日华子辈始发扬之。盖其能泄丙丁之火，则肺不受邪，能通水道。水源既清，则津液自化，而诸经之湿与热，皆由小便泄去。故古方导赤散用之，亦泻南补北、扶西抑东之意。杨仁斋《直指方》言︰人遍身胸腹隐热，疼痛拘急，足冷，皆是伏热伤血。血属于心，宜木通以通心窍，则经络流行也。","木通（通草）
【氣味】味苦，性寒。
【毒性】無毒。
【歸經】歸心、小腸、膀胱經。
【主治】利尿通淋，清心除煩，通經下乳。
【釋名】木通（士良）、附支（《本...","AKEBIA STEM

[Taste and nature] Bitter; cold.

[Toxicity] Recorded as non-toxic in the historical source.

[Channels] Heart, Small Intestine and Bladder.

[Actions] Promotes urination and clears painful urinary difficulty; clears Heart Heat and restlessness; opens the channels and promotes lactation.

[Names and origins]

Older names include Fu Zhi, Ding Weng and Wan Nian Teng. The fruit was called Yan Fu.

Shizhen explains the name Tong Cao from the many small channels running through the stem from end to end. He also warns that later texts confused this plant with another herb that came to be called Tong Cao.

[Historical commentary]

Gao places Akebia Stem among herbs that 'open obstruction.' Its descending action promotes urination and clears Damp-Heat from the urinary tract.

He describes its use when Lung Heat disrupts fluid regulation and when Bladder Damp-Heat causes difficult, dribbling or blocked urination with thirst, dryness and lower-leg discomfort.

Akebia Stem is compared with Poria, Alisma Rhizome, Deng Xin Cao, Zhu Ling, Hu Po, Qu Mai and Plantain Seed as a Damp-draining urinary herb.

Shizhen says it enters the Pericardium, Small Intestine and Bladder. Upward, it can clear Heart and Lung Heat; downward, it drains Damp-Heat through the urine.

Its presence in Guide Out the Red Powder reflects the traditional relationship between Heart Fire and the Small Intestine.

He also cites use for generalized painful tightness attributed to hidden Heat obstructing the channels.","木通（通草）
【性味】苦、寒。
【毒性】無毒。
【帰経】心経・小腸経・膀胱経に帰する。
【主治】利尿通淋、清心除煩、通経下乳。
【名称の由来】木通（陳士良）、附支（『神農本草経』）、丁翁（『呉普本草』）、万年藤（甄権）。実は燕覆（『唐本草』）という。

李時珍は細い穴が端から端まで通るため通草といい、現在の木通に当たるという。今「通草」と呼ぶものは古い通脱木で、宋代の本草では混同されたため分けて記す。

【考証】
李杲は、本草の十剤で通す薬は滞りを除くとし、通草や防己を挙げる。防己は非常に苦く寒く、血中の湿熱を瀉して便通も促す。一方、通草は甘く淡く、肺の気を下へ導いて尿を出し、気の滞りを除く。肺が熱を受けて津液の変化が止まり、膀胱にも湿熱があって尿が出ない場合に用いる。胸の熱、口や舌と喉の乾き、強い渇き、尿の出にくさや閉塞、すねのだるさや足の熱などにも適する。茯苓・沢瀉・灯心草・猪苓・琥珀・瞿麦・車前子なども水湿をしみ出させて尿を出し、滞った気を除く。木通は下へ向かい、小腸の火を瀉して尿を出す力が琥珀に似る。

李時珍はいう。木通は手厥陰の心包と手足太陽の小腸・膀胱に働く。上では心を通し肺を清め、頭痛を治して九竅を通す。下では湿熱を瀉し、排尿と排便を助け、全身のこわばる痛みを治す。『神農本草経』『名医別録』には利尿や淋の治療がなく、甄権や日華子らが詳しく述べた。心と小腸の火を瀉せば肺が邪を受けず水道が通り、津液が生じて各経の湿熱が尿とともに去る。古方の導赤散にもこの考えで入る。楊仁斎の『直指方』では、全身と胸腹に潜む熱、痛みとつり、足の冷えは伏熱が血を傷めるためで、心に属する血を巡らせるため木通を用いるという。","목통

【성미】쓴맛, 차다.

【독성】무독성으로 기록되어 있다.

【귀경】심·소장·방광.

【효능】소변을 잘 나오게 하고 소변이 막혀 아픈 것을 줄인다. 심열과 번조를 내리고 경맥을 열어 젖 분비를 돕는다.

【명칭과 기원】

이 약재는 고전 본초서에 여러 이명과 산지가 기록되어 있다. 약용 부위의 형태와 법제 방법에 따라 성질과 작용이 달라질 수 있다.

【고전 해설】

고전 의가들은 목통의 성미와 귀경을 바탕으로 위 효능을 설명했다. 임상에서는 병의 한열·허실과 환자의 체질을 살피고, 필요한 경우 다른 약재와 배합하여 사용한다."
UI_BOOK_ENTRY_TITLE_MU_XIANG,木香,木香,Costus Root,木香,목향
UI_BOOK_ENTRY_BODY_MU_XIANG,"木香
【气味】味辛、苦，性温。
【毒性】无毒。
【归经】归脾、胃、大肠、三焦、胆经。
【主治】行气止痛，健脾消食。
【释名】蜜香（《别录》）、青木香（弘景）、五木香（《图经》）、南木香（《纲目》）。

时珍曰︰木香，草类也。本名蜜香，因其香气如蜜也。缘沉香中有蜜香，遂讹此为木香尔。昔人谓之青木香。后人因呼马兜铃根为青木香，乃呼此为南木香、广木香以别之。今人又呼一种蔷薇为木香，愈乱真矣。《三洞珠囊》云︰五香者，即青木香也。一株五根，一茎五枝，一枝五叶，叶间五节，故名五香，烧之能上彻九天也。古方治痈疽有五香连翘汤，内用青木香。《古乐府》云︰氍毹 五木香，皆指此也。

颂曰︰《修养书》云︰正月一日取五木煮汤以浴，令人至老须发黑。徐锴注云︰道家谓青木香为五香，亦云五木，多以为浴是矣。《金光明经》谓之矩琵佗香。

【发明】
弘景曰︰青木香，大秦国人以疗毒肿、消恶气有验。今惟制蛀虫丸用之。常以煮汁沐浴大佳。

宗奭曰︰木香专泄决胸腹间滞塞冷气，他则次之。得橘皮、肉豆蔻、生姜相佐使绝佳，效尤速。

元素曰︰木香除肺中滞气，若治中、下二焦气结滞，及不转运，须用槟榔为使。

震亨曰︰调气用木香，其味辛，气能上升，如气郁不达者宜之。若阴火冲上者，则反助 火邪，当用黄柏、知母，而少以木香佐之。

好古曰︰本草云︰主气劣，气不足，补也；通壅气，导一切气，破也。安胎，健脾胃，补也；除 癖症块，破也。其不同如此。洁古张氏 机曰︰与补药为佐则补，与泄药为君则泄也。

时珍曰︰木香乃三焦气分之药，能升降诸气。诸气 郁，皆属于肺，故上焦气滞用之者，乃金郁则泄之也。中气不运，皆属于脾，故中焦气滞宜之者，脾胃喜芳香也。大肠气滞则后重，膀胱气不化则癃淋，肝气郁则为痛，故下焦气滞者宜之，乃塞者通之也。

权曰︰《隋书》言︰樊子盖为武威太守，车驾入吐谷浑，子盖以彼多瘴气，献青木香以御雾露之邪。

颂曰︰《续传信方》著张仲景青木香丸，主阳衰诸不足。用昆仑青木香、六路诃子皮各二十两。捣筛，糖和丸梧桐子大。每空腹酒下三十丸，日再，其效尤速。郑驸马去沙糖用白蜜，加羚羊角十二两。用药不类古方，而云仲景，不知何从而得也？","木香
【氣味】味辛、苦，性溫。
【毒性】無毒。
【歸經】歸脾、胃、大腸、三焦、膽經。
【主治】行氣止痛，健脾消食。
【釋名】蜜香（《別錄》）、青木香（弘景...","COSTUS ROOT

[Taste and nature] Acrid and bitter; warm.

[Toxicity] Recorded as non-toxic.

[Channels] Spleen, Stomach, Large Intestine, San Jiao and Gallbladder.

[Actions] Moves Qi and relieves pain; strengthens the Spleen and promotes digestion.

[Names and origins]

Older names include Mi Xiang, Qing Mu Xiang, Wu Mu Xiang and Nan Mu Xiang.

Shizhen explains that the herb was originally called Mi Xiang because of its honey-like fragrance. Later naming became confused with other aromatic plants, so names such as Nan Mu Xiang and Guang Mu Xiang were used to distinguish it.

[Historical commentary]

Hongjing records its use for toxic swelling and foul Qi and notes its aromatic use in washing preparations.

Zongshi: Costus Root excels at breaking up stagnant Cold Qi in the chest and abdomen. He especially praises combinations with Aged Tangerine Peel, Rou Dou Kou and Fresh Ginger.

Yuansu: It removes stagnant Qi from the Lung. For Qi stagnation in the middle or lower burner, Bin Lang may be used as a guiding partner.

Zhenheng: Its acrid aroma raises and moves constrained Qi, making it useful when Qi is stuck and cannot reach outward. If deficiency Fire is surging upward, however, too much Costus Root may aggravate Heat.

Haogu explains its apparently opposite roles: with tonics it can assist supplementation; as chief in draining formulas it can break stagnation.

Shizhen calls it a San Jiao Qi-level herb capable of both raising and descending Qi. Upper-jiao stagnation relates to the Lung, middle-jiao stagnation to the Spleen and Stomach, and lower-jiao stagnation may appear as tenesmus, difficult urination or Liver Qi pain.

Its aromatic quality therefore makes it one of the major traditional medicines for Qi constraint throughout the three burners.","木香
【性味】辛・苦、温。
【毒性】無毒。
【帰経】脾経・胃経・大腸経・三焦経・胆経に帰する。
【主治】行気止痛、健脾消食。
【名称の由来】蜜香（『名医別録』）、青木香（陶弘景）、五木香（『図経本草』）、南木香（『本草綱目』）。

李時珍はいう。木香は草で、元の名は蜜のように香る蜜香である。しかし沈香にも蜜香というものがあるため木香と呼ぶようになった。後に馬兜鈴の根が青木香と呼ばれたので、これと区別するため南木香・広木香といい、さらに別の薔薇にも木香の名があって紛らわしい。『三洞珠囊』では青木香を五香とし、一株に五根、一茎に五枝、一枝に五葉などの形から名づける。古方の五香連翹湯や古楽府の五木香もこれを指す。蘇頌は『修養書』が正月一日に五木を煮て入浴すれば老いても髪が黒いといい、道家の五香・五木も青木香とする。『金光明経』では矩琵佗香と呼ぶ。

【考証】
陶弘景は、大秦の人が青木香を毒性の腫れや悪気の治療に使い、煮汁での沐浴もよいという。寇宗奭は、木香は胸腹の滞った冷たい気を特によく除き、橘皮・肉豆蔲・生姜を添えると速く効くと説く。張元素は肺の滞った気も除くが、中・下焦の気の結びには檳榔を使薬とするという。朱震亨は、辛味で気を上げるため鬱して巡らない気に向くが、陰火が上る場合には火を助けるので、黄柏・知母を主にして少量を添えるべきだという。

王好古は、本草が気の不足を補い、滞りを破り、胎を安定させ脾胃を強める一方、しこりを除くともいうのは、補薬の佐薬なら補い、瀉薬の君薬なら瀉すためだと説明する。李時珍は三焦の気分の薬で、肺に関わる上焦の鬱、脾胃に関わる中焦の滞り、排便後のしぶり・排尿障害・肝気による痛みなど下焦の閉塞を、昇降させて通すという。

甄権は『隋書』を引き、武威の太守樊子蓋が吐谷渾への遠征の際、瘴気を防ぐため青木香を献上したと記す。蘇頌は『続伝信方』に張仲景作とされる青木香丸を挙げる。昆侖産青木香と六路訶子皮を各二十両、粉末にして砂糖で梧桐の実ほどの丸薬にし、空腹時に酒で三十丸を一日二回飲む。鄭駙馬は砂糖を蜜に替え羚羊角十二両を加えた。しかし古方と似ないので張仲景の名を冠する根拠は不明という。","목향

【성미】매운맛·쓴맛, 따뜻하다.

【독성】무독성으로 기록되어 있다.

【귀경】비·위·대장·삼초·담.

【효능】기를 움직여 통증을 줄이고 비를 튼튼하게 하며 소화를 돕는다.

【명칭과 기원】

이 약재는 고전 본초서에 여러 이명과 산지가 기록되어 있다. 약용 부위의 형태와 법제 방법에 따라 성질과 작용이 달라질 수 있다.

【고전 해설】

고전 의가들은 목향의 성미와 귀경을 바탕으로 위 효능을 설명했다. 임상에서는 병의 한열·허실과 환자의 체질을 살피고, 필요한 경우 다른 약재와 배합하여 사용한다."
UI_BOOK_ENTRY_TITLE_NIU_BANG_ZI,牛蒡子,牛蒡子,Burdock Fruit,牛蒡子,우방자
UI_BOOK_ENTRY_BODY_NIU_BANG_ZI,"牛蒡子（恶实）
【气味】味辛、苦，性寒。
【毒性】无毒。
【归经】归肺、胃经。
【主治】疏散风热，宣肺透疹，解毒利咽，滑肠通便。
【释名】鼠粘（《别录》）、牛蒡（《别录》）、大力子（《纲目》）、蒡翁菜（《纲目》）、便牵牛（《纲目》）、蝙蝠刺（《斗门方》）。

时珍曰︰其实状恶而多刺钩，故名也。其根叶皆可食，人呼为牛菜，术人隐之呼为大力也。俚人谓之便牵牛。河南人呼为夜叉头。

颂曰︰实壳多刺，鼠过之则缀惹不可脱，故谓之鼠粘子，亦如羊负来之比。

【发明】
杲曰︰鼠粘子其用有四︰治风湿瘾疹，咽喉风热，散诸肿疮疡之毒，利凝滞腰 膝之气，是也。","牛蒡子（惡實）
【氣味】味辛、苦，性寒。
【毒性】無毒。
【歸經】歸肺、胃經。
【主治】疏散風熱，宣肺透疹，解毒利咽，滑腸通便。
【釋名】鼠粘（《別錄》）...","BURDOCK FRUIT

[Taste and nature] Acrid and bitter; cold.

[Toxicity] Recorded as non-toxic.

[Channels] Lung and Stomach.

[Actions] Disperses Wind-Heat; disseminates Lung Qi and helps vent rashes; resolves toxicity and benefits the throat; moistens the intestines and promotes bowel movements.

[Names and origins]

Older names include Shu Nian, Niu Bang, Da Li Zi, Bang Weng Cai, Bian Qian Niu and Bian Fu Ci.

Shizhen explains the name from the fruit's rough appearance and numerous hooked spines. The edible root and leaves also gave rise to folk names associated with a vegetable.

Song explains Shu Nian Zi, 'mouse-sticking seed,' by noting that the hooked burs readily catch on animals that brush against them.

[Historical commentary]

Gao summarizes four principal traditional uses: treating Wind-related rashes, Wind-Heat of the throat, dispersing toxic swelling and sores, and moving constrained Qi affecting the lower back and knees.

Its pungent, cooling nature made it especially suited to exterior Wind-Heat with sore throat or difficult eruption of rashes.

Because the fruit is oily, later practice also emphasized its mild bowel-moistening effect, particularly when Heat and dryness coexist.","牛蒡子（悪実）
【性味】辛・苦、寒。
【毒性】無毒。
【帰経】肺経・胃経に帰する。
【主治】疏散風熱、宣肺透疹、解毒利咽、滑腸通便。
【名称の由来】鼠粘・牛蒡（『名医別録』）、大力子・蒡翁菜・便牽牛（『本草綱目』）、蝙蝠刺（『斗門方』）。

李時珍はいう。実は見た目が悪く、かぎ状のとげが多いため悪実という。根と葉は食用で牛菜とも呼び、方術家は大力と隠して呼び、民間には便牽牛、河南には夜叉頭の名がある。蘇頌は、殻のとげに鼠が触れると絡みついて取れないので鼠粘子というと説く。

【考証】
李杲は、風湿によるじんましん、喉の風熱、腫れや瘡の毒、腰膝に滞る気を治す四つの用途を挙げる。","우방자

【성미】매운맛·쓴맛, 차다.

【독성】무독성으로 기록되어 있다.

【귀경】폐·위.

【효능】풍열을 흩고 폐기를 소통해 발진을 내보낸다. 독을 풀고 목을 이롭게 하며 장을 윤택하게 해 배변을 돕는다.

【명칭과 기원】

이 약재는 고전 본초서에 여러 이명과 산지가 기록되어 있다. 약용 부위의 형태와 법제 방법에 따라 성질과 작용이 달라질 수 있다.

【고전 해설】

고전 의가들은 우방자의 성미와 귀경을 바탕으로 위 효능을 설명했다. 임상에서는 병의 한열·허실과 환자의 체질을 살피고, 필요한 경우 다른 약재와 배합하여 사용한다."
UI_BOOK_ENTRY_TITLE_NIU_XI,牛膝,牛膝,Achyranthes Root,牛膝,우슬
UI_BOOK_ENTRY_BODY_NIU_XI,"牛膝
【气味】苦、甘、酸，平。
【毒性】无毒。
【归经】归 肝、肾经。
【主治】逐瘀通经，补肝肾，强筋骨，利尿通淋，引血下行。
【释名】牛荎（《广雅》）、百倍（《本经》）。

弘景曰︰其茎有节，似牛膝，故以为名。

时珍曰︰《本经》又名百倍，隐语也，言其滋补之功，如牛之多力也。其叶似苋，其节对生，故俗有山苋、对节之称。

【发明】
权曰︰病患虚羸者，加而用之。

震亨曰︰牛膝能引诸药下行，筋骨痛风在下者，宜加用之。凡用土牛膝，春夏用叶，秋冬用根，惟叶汁效尤速。

时珍曰︰牛膝乃足厥阴、少阴之药。所主之病，大抵得酒则能补肝肾，生用则能去恶血，二者而已。其治腰膝骨痛、足痿阴消、失溺久疟、伤中少气诸病，非取其补肝肾之功欤？其症瘕心腹诸痛、按陈日华《经验方》云︰方夷吾书云︰老人久苦淋疾，百药不效。偶见临汀《集要方》中用牛膝者，服之而愈。又叶朝议亲人患血淋，流下小便在盆内凝如 ，膝根煎浓汁，日饮五服，名地髓汤。虽未即愈，而血色渐淡，久乃复旧。后十年病又作，服之又瘥。因检本草，见《肘后方》治小便不利，茎中痛欲死，用牛膝并叶，以酒煮服之。今再拈出，表其神功。又按杨士瀛《直指方》云︰小便淋痛，或尿血，或沙石胀痛。用川牛膝一两，水二盏，煎一盏，温服。一妇患此十年，服之得效。杜牛膝亦可，或入麝香、乳香尤良。","牛膝
【氣味】苦、甘、酸，平。
【毒性】無毒。
【歸經】歸 肝、腎經。
【主治】逐瘀通經，補肝腎，強筋骨，利尿通淋，引血下行。
【釋名】牛荎（《廣雅》）、...","ACHYRANTHES ROOT

[Taste and nature] Bitter, sweet and sour; neutral.

[Toxicity] Recorded as non-toxic.

[Channels] Liver and Kidney.

[Actions] Dispels blood stasis and promotes menstruation; tonifies the Liver and Kidney; strengthens sinews and bones; promotes urination; guides blood and other medicines downward.

[Names and origins]

Older names include Niu Zhi and Bai Bei.

Hongjing explains the name from the jointed stem, which resembles an ox's knee.

Shizhen interprets the old name Bai Bei, 'hundredfold,' as praise for its strengthening action and links it with the strength of an ox.

[Historical commentary]

Quan: Achyranthes Root may be added in weak, emaciated patients when appropriate.

Zhenheng: One of its major functions is directing other medicines downward, making it useful when Wind-Damp pain and obstruction are concentrated in the lower body.

Shizhen distinguishes two broad uses. Prepared with wine, Achyranthes Root was used more for nourishing the Liver and Kidney; used fresh or raw, it was used more for moving stagnant blood.

This explains its traditional role in lumbar and knee weakness, lower-limb wasting, and some urinary disorders.

Historical case records also describe decoctions of the root or leaves for painful urination, blood in the urine and stone-like obstruction. These reports reflect older clinical practice rather than modern self-treatment guidance.","牛膝
【性味】苦・甘・酸、平。
【毒性】無毒。
【帰経】肝経・腎経に帰する。
【主治】逐瘀通経、補肝腎、強筋骨、利尿通淋、血を下へ導く。
【名称の由来】牛荎（『広雅』）、百倍（『神農本草経』）。陶弘景は、節のある茎が牛の膝に似るので名づけられたという。李時珍は百倍は滋養の力をほのめかす名で、葉が莧に似て節が対生するため山莧・対節とも呼ぶという。

【考証】
甄権は虚弱で痩せた患者に加えて使うという。朱震亨は牛膝が薬を下へ導くため、下半身の筋骨痛や風の病に加え、土牛膝は春夏に葉、秋冬に根を用い、葉の汁が特に速く効くという。

李時珍はいう。足厥陰・少陰に働き、酒と合わせれば肝腎を補い、生で使えば古い瘀血を除く。腰や膝の骨痛、足の衰え、尿失禁、長引く瘧などへの働きは肝腎を補うためだ。原文の症瘕や心腹の痛みを列挙する部分は途中で別の引用に移る。陳日華の『経験方』には、長く淋疾に苦しんだ老人が牛膝の処方で治った話がある。また親族の血淋で尿中に血塊ができた際、牛膝の根を濃く煎じ一日五回飲ませると徐々に血の色が薄くなり、再発した十年後にも効いたという。『肘後方』は尿が出ず尿道がひどく痛む場合、牛膝の茎と葉を酒で煮て飲むとする。楊士瀛の『直指方』は排尿痛、血尿、砂石による張りには川牛膝一両を水二碗で一碗に煎じて温かいうちに飲むとし、十年患った女性にも効果があり、杜牛膝でもよく、麝香や乳香を加えてもよいという。","우슬

【성미】쓴맛·단맛·신맛, 평하다.

【독성】무독성으로 기록되어 있다.

【귀경】간·신.

【효능】어혈을 풀고 월경을 돕는다. 간과 신을 보하고 근골을 튼튼하게 하며 소변을 돕고 혈과 약재를 아래로 이끈다.

【명칭과 기원】

이 약재는 고전 본초서에 여러 이명과 산지가 기록되어 있다. 약용 부위의 형태와 법제 방법에 따라 성질과 작용이 달라질 수 있다.

【고전 해설】

고전 의가들은 우슬의 성미와 귀경을 바탕으로 위 효능을 설명했다. 임상에서는 병의 한열·허실과 환자의 체질을 살피고, 필요한 경우 다른 약재와 배합하여 사용한다."
UI_BOOK_ENTRY_TITLE_NUO_MI,糯米,糯米,Glutinous Rice,糯米,나미
UI_BOOK_ENTRY_BODY_NUO_MI,"糯米（稻）
【气味】味甘，性温。
【毒性】无毒
【归经】归脾、胃、肺经。
【主治】脾胃虚寒泄泻；消渴尿多；自汗盗汗。
【释名】稌（音杜）、糯（亦作穤）。

时珍曰：稻、稌者，粳、糯之通称。《物理论》所谓 “稻者溉种之总称” 是矣。本草则专指糯以为稻也。稻从舀（音函），象人在臼上治稻之义。稌则方言稻音之转尔。其性粘软，故谓之糯。

颖曰：糯米缓筋，令人多睡，其性懦也。

【发明】
思邈曰︰糯米味甘，脾之谷也，脾病宜食之。 杨士瀛曰︰痘疹用 米，取其解毒，能酿而发之也。

时珍曰︰糯米性温，酿酒则热，熬饧尤甚，故脾肺虚寒者宜之。若素有痰热风病，及脾病不能转输，食之最能发病成积。孟诜、苏颂或言其性凉、性寒者，谬说也。《别录》已谓其温中坚大便，令人多热，是岂寒凉者乎？今人冷泄者，炒食即止。老人小便数者，作粢糕 或丸子，夜食亦止。其温肺暖脾可验矣。痘证用之，亦取此义。","糯米（稻）
【氣味】味甘，性溫。
【毒性】無毒
【歸經】歸脾、胃、肺經。
【主治】脾胃虛寒洩瀉；消渴尿多；自汗盜汗。
【釋名】稌（音杜）、糯（亦作穤）。
...","GLUTINOUS RICE

[Taste and nature] Sweet; warm.

[Toxicity] Recorded as non-toxic.

[Channels] Spleen, Stomach and Lung.

[Actions] Traditionally used for diarrhea from Spleen-Stomach deficiency and Cold, excessive urination with wasting-thirst, and spontaneous or night sweating.

[Names and origins]

Older names include Tu and Nuo.

Shizhen explains that ordinary rice and glutinous rice were once grouped broadly under shared terms, while materia medica gradually used dao more specifically for glutinous rice.

Its sticky, soft texture is reflected in the name Nuo.

[Historical commentary]

Ying notes that glutinous rice is soft and heavy and may promote sleepiness.

Sun Simiao: Because its flavor is sweet, it was regarded as a grain of the Spleen and suitable in some Spleen disorders.

Shizhen considers Glutinous Rice warming, and notes that fermenting it into wine or cooking it into syrup makes it still warmer.

For that reason, it was traditionally considered suitable for deficiency-Cold of the Spleen and Lung.

He cautions that people with phlegm-Heat, Wind disorders or impaired Spleen transportation may develop stagnation if they eat too much.

He also records folk use of roasted glutinous rice for Cold-type diarrhea and rice cakes at night for frequent urination in older adults.","糯米（稲）
【性味】甘、温。
【毒性】無毒。
【帰経】脾経・胃経・肺経に帰する。
【主治】脾胃の虚寒による下痢、消渇と多尿、自汗・寝汗。
【名称の由来】稌（音は杜）、糯（穤とも書く）。

李時珍はいう。稲と稌は粳米と糯米の総称で、『物理論』も灌漑して栽培する穀物の総称とする。一方、本草では糯米だけを稲と呼ぶ。「稲」の字は臼の上で穀物を搗く姿を表し、「稌」は方言の音が変わったもの。粘りがあって柔らかいので糯と呼ぶ。穎という人は、糯米は筋を緩め眠気を招くという。

【考証】
孫思邈は、糯米は甘味で脾に属する穀物なので脾病に適するという。楊士瀛は痘疹に糯米を用いるのは、毒を解き、発酵する性質で発疹を促すためだという。

李時珍はいう。糯米は温性で、酒に醸せば熱性が強くなり、飴に煮詰めるとさらに強いので、脾肺が虚寒の人に向く。一方、痰熱や風の病がもとからある人、脾が飲食物を運べない人は、病や積滞を生じやすい。孟詵や蘇頌が涼性・寒性としたのは誤りで、『名医別録』も中を温め便を固め、熱を増やすと記す。冷えによる下痢には炒って食べ、頻尿の老人には餅や団子にして夜食べるとよいという。痘疹への利用も脾肺を温めるためである。","나미

【성미】단맛, 따뜻하다.

【독성】무독성으로 기록되어 있다.

【귀경】비·위·폐.

【효능】비위허한으로 인한 설사, 소갈을 동반한 잦은 소변, 자한과 도한에 전통적으로 사용한다.

【명칭과 기원】

이 약재는 고전 본초서에 여러 이명과 산지가 기록되어 있다. 약용 부위의 형태와 법제 방법에 따라 성질과 작용이 달라질 수 있다.

【고전 해설】

고전 의가들은 나미의 성미와 귀경을 바탕으로 위 효능을 설명했다. 임상에서는 병의 한열·허실과 환자의 체질을 살피고, 필요한 경우 다른 약재와 배합하여 사용한다."
UI_BOOK_ENTRY_TITLE_QIAN_HU,前胡,前胡,Peucedanum Root,前胡,전호
UI_BOOK_ENTRY_BODY_QIAN_HU,"前胡
【气味】味苦、辛，性微寒。
【毒性】无毒。
【归经】归肺经。
【主治】降气化痰，散风清热。
【释名】时珍曰：按：孙 《唐韵》作湔胡，名义未解。

【发明】
时珍曰：前胡味甘、辛，气微平，阳中之阴，降也。乃手足太阴、阳明之药，与柴胡纯阳上升入少阳、厥阴者不同也。其功长于下气，故能治痰热喘嗽、痞膈呕逆诸疾，气下则火降，痰亦降矣。所以有推陈致新之绩，为痰气要药。陶弘景言其与柴胡同功，非矣。治证虽同，而所入所主则异。","前胡
【氣味】味苦、辛，性微寒。
【毒性】無毒。
【歸經】歸肺經。
【主治】降氣化痰，散風清熱。
【釋名】時珍曰：按：孫 《唐韻》作湔胡，名義未解。

【...","PEUCEDANUM ROOT

[Taste and nature] Bitter and acrid; slightly cold.

[Toxicity] Recorded as non-toxic.

[Channel] Lung.

[Actions] Directs Qi downward and transforms phlegm; disperses Wind and clears Heat.

[Names and origins]

Shizhen notes that an older written form was Jian Hu, though he says the origin of the name is unclear.

[Historical commentary]

Shizhen describes Peucedanum Root as downward-directing and contrasts it sharply with Bupleurum Root.

Peucedanum Root enters the Taiyin and Yangming systems and excels at descending Qi, whereas Bupleurum Root rises and enters the Shaoyang and Jueyin.

Because Qi descends, Fire and phlegm also descend. This explains its use for phlegm-Heat cough and wheezing, chest and diaphragm fullness, nausea and rebellious Qi.

Shizhen therefore calls it an important herb for phlegm and Qi and rejects the older claim that it acts the same way as Bupleurum Root.

Their indications may overlap, but their directional tendencies and channel affinities differ.","前胡
【性味】苦・辛、微寒。
【毒性】無毒。
【帰経】肺経に帰する。
【主治】降気化痰、散風清熱。
【名称の由来】李時珍は、『唐韻』に湔胡と書くが名の由来は不明だという。原文では編者名の一字が欠ける。

【考証】
李時珍はいう。前胡は甘辛で気はやや平らか、陽中の陰として下降し、手足の太陰・陽明に働く。柴胡が純陽で上昇して少陽・厥陰に入るのとは違う。気を下げる働きに優れ、痰熱による喘ぎや咳、胸や横隔膜のつかえ、嘔吐と気の逆上を治す。気が下がれば火と痰も下がるので、古い滞りを除き新しい巡りを生む痰気の要薬である。陶弘景が柴胡と同じ働きとするのは誤りで、同じ症状に用いても作用する経と働きは異なる。","전호

【성미】쓴맛·매운맛, 약간 차다.

【독성】무독성으로 기록되어 있다.

【귀경】폐.

【효능】기를 아래로 내리고 담을 삭이며 풍을 흩고 열을 맑힌다.

【명칭과 기원】

이 약재는 고전 본초서에 여러 이명과 산지가 기록되어 있다. 약용 부위의 형태와 법제 방법에 따라 성질과 작용이 달라질 수 있다.

【고전 해설】

고전 의가들은 전호의 성미와 귀경을 바탕으로 위 효능을 설명했다. 임상에서는 병의 한열·허실과 환자의 체질을 살피고, 필요한 경우 다른 약재와 배합하여 사용한다."
UI_BOOK_ENTRY_TITLE_QIAN_SHI,芡实,芡實,Euryale Seed,芡実,검실
UI_BOOK_ENTRY_BODY_QIAN_SHI,"芡实
【气味】甘、涩，平。
【毒性】无毒。
【归经】归脾、肾经。
【主治】补肾固精，养肝明目。
【释名】鸡头（《本经》）、雁喙（同）、雁头（《古今注》）、鸿头（韩退之）、鸡雍（《庄子》）、卯菱（《管子》）、 子（音唯《弘景》）、水流黄（《谈圃》）。

弘景曰︰此即今 子也。茎上花似鸡冠，故名鸡头。

颂曰︰其苞形类鸡、雁头，故有诸名。

时珍曰︰芡可济俭歉，故谓之芡。鸡雍见《庄子‧徐无鬼篇》。卯菱见《管子‧五行篇》。扬雄《方言》云︰南楚谓之鸡头，幽燕谓之雁头，徐、青、淮、泗谓之芡子。其茎谓之 ，亦曰 。郑樵《通志》以钩 为芡，误矣。钩 ，陆生草也，其茎可食。水流黄见下。

【发明】
弘景曰︰《仙方》取此合莲实饵之，甚益人。

恭曰︰作粉食，益人胜于菱也。

颂曰︰取其实及中子，捣烂曝干，再捣筛末，熬金樱子煎和丸服之，云补下益人，谓之水陆丹。

时珍曰︰案孙升《谈圃》云︰芡本不益人，而俗谓之水流黄何也？盖人之食芡，必咀之，终日嗫嗫。而芡味甘平，腴而不腻。食之者能使华液流通，转相灌溉，其功胜于乳石也。《淮南子》云︰狸头愈 ，鸡头已 。注者云︰即芡实也。","芡實
【氣味】甘、澀，平。
【毒性】無毒。
【歸經】歸脾、腎經。
【主治】補腎固精，養肝明目。
【釋名】雞頭（《本經》）、雁喙（同）、雁頭（《古今注》）、...","EURYALE SEED

[Taste and nature] Sweet and astringent; neutral.

[Toxicity] Recorded as non-toxic.

[Channels] Spleen and Kidney.

[Actions] Tonifies the Kidney and secures essence; traditionally also supports the Liver and eyes.

[Names and origins]

Older names include Ji Tou, Yan Hui, Yan Tou, Hong Tou, Ji Yong, Mao Ling, Wei Zi and Shui Liu Huang.

Hongjing and Song explain several of these names from the flower bud and fruit, whose shape was compared with the head or beak of a chicken or goose.

Shizhen notes that regional names varied widely.

[Historical commentary]

Hongjing says Daoist food formulas often combined Euryale Seed with lotus seed as a nourishing food.

Gong considered powdered Euryale Seed more strengthening than water chestnut.

Song records Water-and-Land Elixir, a traditional tonic pill combining Euryale Seed with Jin Ying Zi.

Shizhen emphasizes its sweet, neutral and non-greasy quality. Because it must be chewed thoroughly, he believed it promoted the gradual circulation of fluids and nourishment.

Its later reputation centered on strengthening the Spleen and Kidney, securing essence and chronic leakage, and serving as a gentle food-medicine suitable for prolonged use.","芡実
【性味】甘・渋、平。
【毒性】無毒。
【帰経】脾経・腎経に帰する。
【主治】補腎固精、養肝明目。
【名称の由来】鶏頭・雁喙（『神農本草経』）、雁頭（『古今注』）、鴻頭（韓愈）、鶏雍（『荘子』）、卯菱（『管子』）、〔原文欠字〕子（音は唯。陶弘景）、水流黄（『談圃』）。

陶弘景は水草の実で、花が鶏冠に似るため鶏頭という。蘇頌は苞が鶏や雁の頭に似るためだという。李時珍は飢饉の食料にもなるため芡と呼ぶといい、地方によって鶏頭・雁頭・芡子と名が変わると記す。茎にも異名があるが原文では字が欠ける。別種の陸生草と混同すべきでない。

【考証】
陶弘景は仙方で蓮の実と合わせて食べると体によいという。蘇恭は粉にして食べれば菱より滋養があるという。蘇頌は実と種を搗き、干して再び粉にし、金桜子の煎液で丸薬にした水陸丹が下を補うという。

李時珍は孫升の『談圃』を引き、芡は役に立たないという説がある一方、水流黄の名もあるのはなぜかと問う。噛み続ける甘く穏やかな実は、べたつかず津液を巡らせ、鉱物薬より優れるという。『淮南子』にも鶏頭がある病を治すと記すが、原文の病名は欠字である。","검실

【성미】단맛·떫은맛, 평하다.

【독성】무독성으로 기록되어 있다.

【귀경】비·신.

【효능】신을 보하고 정을 굳게 하며 전통적으로 간과 눈도 돕는다.

【명칭과 기원】

이 약재는 고전 본초서에 여러 이명과 산지가 기록되어 있다. 약용 부위의 형태와 법제 방법에 따라 성질과 작용이 달라질 수 있다.

【고전 해설】

고전 의가들은 검실의 성미와 귀경을 바탕으로 위 효능을 설명했다. 임상에서는 병의 한열·허실과 환자의 체질을 살피고, 필요한 경우 다른 약재와 배합하여 사용한다."
UI_BOOK_ENTRY_TITLE_QIANG_HUO,羌活,羌活,Notopterygium Root,羌活,강활
UI_BOOK_ENTRY_BODY_QIANG_HUO,"羌活（独活羌活）
【气味】味辛、苦，性温。
【毒性】无毒。
【归经】归膀胱、肾经。
【主治】解表散寒，祛风除湿，止痛。
【释名】羌活（《本经》）、羌青（《本经》）、独摇草（《别录》）、护羌使者（《本经》）、胡王使者（《吴普》）、长生草（《纲目》）。

弘景曰：一茎直上，不为风摇，故曰独活。《别录》曰：此草得风不摇，无风自动，故名独摇草。大明曰：独活，是羌活母也。

时珍曰：独活、羌活乃一类二种，独活以羌中来者为良，故有羌活、胡王使者诸名，乃一物二种也。正如川芎、抚芎，白术、苍术之义，入用

【发明】
恭曰：疗风，宜用独活；兼水，宜用羌活。

刘完素曰：独活不摇风而治风，浮萍不沉水而利水，因其所胜而为制也。张元素曰：风能胜湿，故羌活能治水湿。独活与细辛同用，治少阴头痛，头运目眩，非此不能除；羌活与川芎同用，治太阳、少阴头痛，透关利节，治督脉为病，脊强而厥。好古曰：羌活乃足太阳、厥阴、少阴药，与独活不分二种。后人因羌活气雄，独活气细。故雄者，治足太阳风湿相搏，头痛、肢节痛、一身尽痛者，非此不能除，乃却乱反正之主君药也。细者，治足少阴伏风，头痛、两足湿痹、不能动止者，非此不能治，而不治太阳之证。时珍曰：羌活、独活皆能逐 风胜湿，透关利节，但气有刚、劣不同尔。《素问》云：从下上者，引而去之。二味苦辛而温，味之薄者，阴中之阳，故能引气上升，通达周身，而散风胜湿。按文系曰：唐刘师贞之兄病风，梦神人曰：但取胡王使者浸酒服，便愈。师贞访问，皆不晓。复梦其母曰：胡王使 者，即羌活也。求而用之，兄疾遂愈。嘉谟曰：羌活，本手足太阳表里引经之药，又入足少阴、厥阴。名列君部之中，非比柔懦之主。小无不入，大无不通。故能散肌表八风之邪，利周身百节之痛。","羌活（獨活羌活）
【氣味】味辛、苦，性溫。
【毒性】無毒。
【歸經】歸膀胱、腎經。
【主治】解表散寒，祛風除濕，止痛。
【釋名】羌活（《本經》）、羌青（《...","NOTOPTERYGIUM ROOT

[Taste and nature] Acrid and bitter; warm.

[Toxicity] Recorded as non-toxic.

[Channels] Bladder and Kidney.

[Actions] Releases the exterior and disperses Cold; dispels Wind-Dampness; relieves pain.

[Names and origins]

Older names overlap with Angelica Pubescens Root and include Qiang Qing, Du Yao Cao, Hu Qiang Shi Zhe, Hu Wang Shi Zhe and Chang Sheng Cao.

Shizhen treats Notopterygium Root and Angelica Pubescens Root as closely related but distinct medicinal types.

[Historical commentary]

Gong: Angelica Pubescens Root is preferred when Wind predominates; Notopterygium Root is preferred when Wind combines with water or Dampness.

Liu Wansu and Zhang Yuansu connect Notopterygium Root's Wind-dispersing nature with the ability to overcome Dampness.

Combined with Sichuan Lovage Rhizome, it was traditionally used for Taiyang and Shaoyin headache, stiffness of the spine and painful joints.

Haogu distinguishes Notopterygium Root as the stronger, more forceful of the pair. It is particularly suited to exterior Wind-Dampness with headache, joint pain and generalized body aches.

Angelica Pubescens Root is comparatively gentler and more focused on deeper or lower-body Wind-Dampness.

Shizhen agrees that both herbs dispel Wind, overcome Dampness and open the joints, but differ in strength and direction.

Jiamo describes Notopterygium Root as a strong guiding herb for the Taiyang exterior and for pain throughout the body's joints.","羌活（独活・羌活）
【性味】辛・苦、温。
【毒性】無毒。
【帰経】膀胱経・腎経に帰する。
【主治】解表散寒、祛風除湿、止痛。
【名称の由来】羌活・羌青・護羌使者（『神農本草経』）、独揺草（『名医別録』）、胡王使者（『呉普本草』）、長生草（『本草綱目』）。

陶弘景はいう。一本の茎がまっすぐ伸び、風に揺らされないので独活という。『名医別録』は、風があっても揺れず無風でも動くため独揺草と呼ぶ。大明は、独活は羌活の母であるという。

李時珍はいう。独活と羌活は同じ類の二種で、独活も羌の地から来たものがよい。そのため羌活・胡王使者などの名があり、川芎と撫芎、白朮と蒼朮の関係に似る。原文の説明は「使用には」で途切れている。

【考証】
蘇恭はいう。風を治すには独活、水湿を伴う場合には羌活を用いる。

劉完素はいう。独活は風にも揺れず風を治し、浮萍は水に沈まず水を出す。自ら勝つ性質を利用するのだ。張元素は、風は湿に勝つため羌活は水湿を治すという。独活と細辛を合わせれば少陰の頭痛、めまいに、羌活と川芎を合わせれば太陽・少陰の頭痛、関節の滞り、督脈の病による背骨のこわばりと冷えに働く。王好古は、羌活は足太陽・厥陰・少陰の薬で、独活と別種としないが、後人は羌活の気は強く独活の気は穏やかと分けるという。強い方は足太陽の風湿による頭痛、関節痛、全身痛に欠かせない君薬である。穏やかな方は足少陰に潜む風による頭痛、両足の湿痺で動けない状態を治し、太陽の証には用いない。李時珍は両者とも風を追い湿を除き、関節を通すが、気の強弱が異なるという。『素問』には下から上るものは引いて除くとあり、二薬は苦辛で温かく、薄い味を持つ陰中の陽なので、気を上へ導いて全身へ通し、風湿を散らす。伝承では、唐の劉師貞の兄が風の病にかかり、夢で胡王使者を酒に浸して飲むよう神人に告げられたが、何か分からなかった。再び夢に母が現れ、羌活のことだと教え、服用して治った。嘉謨は、羌活は手足太陽の表裏に薬を導き、足少陰・厥陰にも入り、体表のさまざまな風邪を散らして全身の関節痛を和らげるという。","강활

【성미】매운맛·쓴맛, 따뜻하다.

【독성】무독성으로 기록되어 있다.

【귀경】방광·신.

【효능】표를 풀고 한을 흩으며 풍습을 몰아내 통증을 줄인다.

【명칭과 기원】

이 약재는 고전 본초서에 여러 이명과 산지가 기록되어 있다. 약용 부위의 형태와 법제 방법에 따라 성질과 작용이 달라질 수 있다.

【고전 해설】

고전 의가들은 강활의 성미와 귀경을 바탕으로 위 효능을 설명했다. 임상에서는 병의 한열·허실과 환자의 체질을 살피고, 필요한 경우 다른 약재와 배합하여 사용한다."
UI_BOOK_ENTRY_TITLE_QIN_JIAO,秦艽,秦艽,Gentiana Macrophylla Root,秦艽,진교
UI_BOOK_ENTRY_BODY_QIN_JIAO,"秦艽
【气味】味辛、苦，性平。
【毒性】无毒。
【归经】归胃、肝、胆经。
【主治】祛风湿，清湿热，止痹痛，退虚热。
【释名】秦糺（《唐本》）、秦爪（萧炳）。

恭曰：秦艽，俗作秦胶，本名秦糺，与纠同。

时珍曰：秦艽出秦中，以根作罗纹交纠者佳，故名秦艽、秦糺。

【发明】
时珍曰：秦艽，手足阳明经药也，兼入肝胆，故手足不遂、黄胆烦渴之病须之，取其去阳明之湿热也。阳明有湿，则身体酸疼烦热；有热，则日晡潮热骨蒸。所以《圣惠方》治急劳烦热，身体酸疼。用秦艽、柴胡各一两，甘草五钱。为末，每服三钱，白汤调下。治小儿骨蒸潮热，减食瘦弱。用秦艽、炙甘草各一两。每用一、二钱，水煎服之。钱乙加 薄荷叶五钱。","秦艽
【氣味】味辛、苦，性平。
【毒性】無毒。
【歸經】歸胃、肝、膽經。
【主治】祛風濕，清濕熱，止痹痛，退虛熱。
【釋名】秦糺（《唐本》）、秦爪（蕭炳）...","GENTIANA MACROPHYLLA ROOT

[Taste and nature] Acrid and bitter; neutral.

[Toxicity] Recorded as non-toxic.

[Channels] Stomach, Liver and Gallbladder.

[Actions] Dispels Wind-Dampness; clears Damp-Heat; relieves painful obstruction; reduces deficiency Heat.

[Names and origins]

Older names include Qin Jiu and Qin Zhao.

Shizhen explains the name from the herb's origin in the Qin region and the twisted, net-like appearance of the preferred root.

[Historical commentary]

Shizhen associates Gentiana Macrophylla Root primarily with the Yangming channels while also entering the Liver and Gallbladder.

Because Yangming Dampness and Heat can produce aching limbs, irritability, afternoon fever and wasting Heat, Gentiana Macrophylla Root was used for these patterns.

He also links it with weakness or impaired movement of the limbs and jaundice with thirst when Damp-Heat is present.

Taiping Holy Prescriptions for Universal Relief records combinations of Gentiana Macrophylla Root with Bupleurum Root and Licorice Root for acute deficiency-Heat with body aches.

Older pediatric formulas also used Gentiana Macrophylla Root with prepared Licorice Root, sometimes adding mint, for bone-steaming fever, reduced appetite and wasting.","秦艽
【性味】辛・苦、平。
【毒性】無毒。
【帰経】胃経・肝経・胆経に帰する。
【主治】祛風湿、清湿熱、止痺痛、虚熱を退ける。
【名称の由来】秦糺（『唐本草』）、秦爪（蕭炳）。蘇恭は、秦胶と書くのは俗字で、元の字「秦糺」は「糾」と同じだという。李時珍は秦の地に生え、根が絡み合ったものがよいのでこの名があるという。

【考証】
李時珍はいう。秦艽は手足陽明経に働き、肝胆にも入る。手足が動きにくい、黄疸、煩いや渇きに、陽明の湿熱を除くため用いる。湿があれば体の痛みと熱感、熱があれば夕方の潮熱や骨蒸が現れる。『聖恵方』は急な虚労の熱と体の痛みに秦艽・柴胡各一両、甘草五銭を粉にし、一回三銭を白湯で飲む。小児の骨蒸や潮熱、食欲低下と痩せには秦艽・炙甘草各一両から一～二銭を水で煎じ、銭乙は薄荷の葉五銭を加えたという。","진교

【성미】매운맛·쓴맛, 평하다.

【독성】무독성으로 기록되어 있다.

【귀경】위·간·담.

【효능】풍습을 몰아내고 습열을 맑히며 비증 통증을 줄이고 허열을 내린다.

【명칭과 기원】

이 약재는 고전 본초서에 여러 이명과 산지가 기록되어 있다. 약용 부위의 형태와 법제 방법에 따라 성질과 작용이 달라질 수 있다.

【고전 해설】

고전 의가들은 진교의 성미와 귀경을 바탕으로 위 효능을 설명했다. 임상에서는 병의 한열·허실과 환자의 체질을 살피고, 필요한 경우 다른 약재와 배합하여 사용한다."
UI_BOOK_ENTRY_TITLE_REN_SHEN,人参,人參,Ginseng Root,人参,인삼
UI_BOOK_ENTRY_BODY_REN_SHEN,"人参
【气味】味甘、微苦，性微温。
【毒性】无毒。
【归经】归脾、肺、心经。
【主治】大补元气，复脉固脱，益气摄血，生津安神。
【释名】人薓（音参。或省作参）、黄参（《吴普》）、血参（《别录》）、人衔（《本经》）、鬼盖（《本经》）、神草（《别录》）、土精（《别录》）、地精（《广雅》）、海腴、皱面还丹（《广雅》）。

时珍曰︰人薓年深，浸渐长成者，根如人形，有神，故谓之人薓、神草。薓字，从𣹰，亦浸渐之义。𣹰，即浸字，后世因字文繁，遂以参星之字代之，从简便尔。然承误日久，亦不能变矣，惟张仲景《伤寒论》尚作薓字。《别录》一名人微，微乃薓字之讹也。其成有阶级，故曰人衔。其草背阳向阴，故曰鬼盖。其在五参，色黄属土，而补脾胃，生阴血，故有黄参、血参之名。得地之精灵，故有土精、地精之名。《广五行记》云︰隋文帝时，上党有人宅后每夜闻人呼声，求之不得。去宅一里许，见人参枝叶异常，掘之入地五尺，得人参，一如人体，四肢毕备，呼声遂绝。观此，则土精之名，尤可证也。《礼斗威仪》云︰下有人参，上有紫气。《春秋运斗枢》云︰摇光星散而为人参。人君废山渎之利，则摇光不明，人参不生。观此，则神草之名，又可证矣。

【发明】
弘景曰︰人参为药切要，与甘草同功。

杲曰︰人参甘温，能补肺中元气，肺气旺则四脏之气皆旺，精自生而形自盛，肺主诸气故也。张仲景云︰病患汗后身热、亡血、脉沉迟者，下痢身凉、脉微、血虚者，并加人参。

古人血脱者益气，盖血不自生，须得生阳气之药乃生，阳生则阴长，血乃旺也。若单用补血药，血无由而生矣。《素问》言︰无阳则阴无以生，无阴则阳无以化。故补气须用人参，血虚者亦须用之。本草十剂云︰补可去弱，人参、羊肉之属是也。盖人参补气，羊肉补形，形气者，有无之象也。

好古曰︰洁古老人言︰以沙参代人参，取其味甘也。然人参补五脏之阳，沙参补五脏之阴，安得无异？虽云补五脏，亦须各用本脏药相佐使引之。

言闻曰︰人参生用气凉，熟用气温；味甘补阳，微苦补阴。气主生物，本呼天；味主成物，本呼地。气味生成，阴阳之造化也。凉者，高秋清肃之气，天之阴也，其性降；温者，阳春生发之气，天之阳也，其性升。甘者，湿土化成之味，地之阳也，其性浮；微苦者，火土相生之味，地之阴也，其性沉。人参气味俱薄。气之薄者，生降熟升；味之薄者，生升熟降。如土虚火旺之病，则宜生参，凉薄之气，以泻火而补土，是纯用其气也；脾虚肺怯之病，则宜熟参，甘温之味，以补土而生金，是纯用其味也。东垣以相火乘脾，身热而烦，气高而喘，头痛而渴，脉洪而大者，用黄柏佐人参。孙真人治夏月热伤元气，人汗大泄，欲成痿厥，用生脉散，以泻热火而救金水。君以人参之甘寒，泻火而补元气；臣以麦门冬之苦甘寒，清金而滋水源，佐以五味子之酸温，生肾精而收耗气。此皆补天元之真气，非补热火也。白飞霞云︰人参炼膏服，回元气于无何有之乡。凡病后气虚及肺虚嗽者，并宜之。若气虚有火者，合天门冬膏对服之。","人參
【氣味】味甘、微苦，性微溫。
【毒性】無毒。
【歸經】歸脾、肺、心經。
【主治】大補元氣，復脈固脫，益氣攝血，生津安神。
【釋名】人薓（音參。或省作...","GINSENG ROOT

[Taste and nature] Sweet and slightly bitter; slightly warm.

[Toxicity] Recorded as non-toxic.

[Channels] Spleen, Lung and Heart.

[Actions] Powerfully tonifies source Qi; restores the pulse and supports collapse; strengthens Qi to contain blood; generates fluids and calms the spirit.

[Names and origins]

Older names include Ren Shen, Huang Shen, Xue Shen, Ren Xian, Gui Gai, Shen Cao, Tu Jing, Di Jing, Hai Yu and Zhou Mian Huan Dan.

Shizhen explains the name from old roots that gradually develop a human-like shape and from the plant's legendary reputation as a spiritually potent herb.

Its yellow color was associated with Earth and the Spleen, giving rise to names such as Huang Shen.

[Historical commentary]

Hongjing calls Ginseng Root one of the most important medicines, comparable with Licorice Root in its broad usefulness.

Gao: Ginseng Root restores Lung source Qi. Because the Lung governs Qi throughout the body, strengthening Lung Qi supports the other organs as well.

He cites Zhang Zhongjing's use of Ginseng Root after heavy sweating, blood loss, diarrhea, cold limbs and weak pulses.

Classical theory held that severe blood loss may require Qi tonification because blood depends on Qi for generation and containment.

Haogu rejects replacing Ginseng Root casually with Adenophora Root. Ginseng Root primarily supports Yang Qi, while Adenophora Root is more Yin-nourishing.

Later authors distinguish raw and processed ginseng, assigning slightly cooler or warmer tendencies according to preparation.

Pulse-Engendering Powder combines Ginseng Root, Ophiopogon Tuber and Schisandra Fruit for severe summer depletion of Qi and fluids. Ginseng Root restores Qi, Ophiopogon Tuber nourishes Yin and fluids, and Schisandra Fruit helps secure what is being lost.

The older literature therefore presents Ginseng Root not as a general stimulant, but as a powerful tonic whose use depends on the patient's underlying deficiency pattern.","人参
【性味】甘・やや苦、微温。
【毒性】無毒。
【帰経】脾経・肺経・心経に帰する。
【主治】大補元気、復脈固脱、益気摂血、生津安神。
【名称の由来】人薓（音は参。略して参）、黄参（『呉普本草』）、血参（『名医別録』）、人銜・鬼蓋（『神農本草経』）、神草・土精（『名医別録』）、地精・皺面還丹（『広雅』）、海腴。

李時珍はいう。年を経て育った根が人の姿に似て霊力があるとされ、人薓・神草と呼ばれる。「薓」には徐々に育つ意味があり、後世は字が複雑なので星の「参」で代えた。『傷寒論』には古い字が残る。『名医別録』の人微は写し誤りである。階段状に育つので人銜、陽を避け陰に向かうので鬼蓋という。五参の中では黄色の土に属し脾胃を補って陰血を生むので黄参・血参、地の精を得るので土精・地精という。『広五行記』には、隋の文帝の時代に夜ごと人の声が聞こえ、家から一里ほどの場所で人形の根を掘り出すと声が止まった話がある。また星の光と人参の発生を結びつける書もあり、神草という名の根拠とされた。

【考証】
陶弘景は、人参は甘草と同様に重要な薬という。李杲は、甘温で肺の元気を補い、肺気が盛んになれば他の四臓の気も養われると説く。張仲景は発汗後に体が熱く血を失い脈が沈遅する人、下痢で体が冷たく脈が弱く血虚の人に加えた。血を失ったら気を養うのは、血が自ら生じず陽気の助けで生まれるためで、血薬だけでは足りない。『素問』も陽がなければ陰は生じず陰がなければ陽は変化できないとする。本草の十剤では人参は気、羊肉は体を補って弱りを除く。

王好古はいう。張潔古は甘味を理由に沙参で人参を代えるが、人参は五臓の陽、沙参は五臓の陰を補うので異なる。各臓に応じた薬を添えて導く必要がある。

言聞はいう。人参は生では涼しく、熟せば温かい。甘味は陽、やや苦い味は陰を補う。気は天に属し、味は地に属する。涼は下降し、温は上昇し、甘味は浮き、苦味は沈む。気味が薄い人参は調製によって昇降が変わる。脾土が虚して火が盛んなときは生参の涼性で火を瀉し脾を補い、脾が虚し肺が弱いときは熟参の甘温で脾を補い肺を養う。李東垣は相火が脾を攻め発熱・煩悶・喘ぎ・頭痛・渇きと強い脈を生じるとき、黄柏を人参に添えた。孫思邈は夏の熱で元気を損ない汗が多く、萎えや手足の冷えに至りそうなとき生脈散を用いた。人参の甘味で火を瀉し元気を補い、麦門冬で肺を清め水源を養い、五味子で腎精を生じて失う気を収める。これは元気を補うのであって熱火を増すのではない。白飛霞は人参膏が病後の気虚や肺虚の咳に適し、気虚に火を伴う場合は天門冬膏と合わせるという。","인삼

【성미】단맛·약간 쓴맛, 약간 따뜻하다.

【독성】무독성으로 기록되어 있다.

【귀경】비·폐·심.

【효능】원기를 크게 보하고 맥을 회복해 허탈을 돕는다. 기가 혈을 간직하게 하고 진액을 만들며 정신을 안정시킨다.

【명칭과 기원】

이 약재는 고전 본초서에 여러 이명과 산지가 기록되어 있다. 약용 부위의 형태와 법제 방법에 따라 성질과 작용이 달라질 수 있다.

【고전 해설】

고전 의가들은 인삼의 성미와 귀경을 바탕으로 위 효능을 설명했다. 임상에서는 병의 한열·허실과 환자의 체질을 살피고, 필요한 경우 다른 약재와 배합하여 사용한다."
UI_BOOK_ENTRY_TITLE_ROU_GUI,肉桂,肉桂,Cinnamon Bark,肉桂,육계
UI_BOOK_ENTRY_BODY_ROU_GUI,"肉桂（桂）
【气味】味辛、甘，性大热。
【毒性】无毒。
【归经】归肾、脾、心、肝经。
【主治】补火助阳，引火归元，散寒止痛，温通经脉。
【释名】时珍曰︰按︰范成大《桂海志》云︰凡木叶心皆一纵理，独桂有两道如圭形，故字从圭。

陆佃《埤雅》云︰桂犹圭也。宣导百药，为之先聘通使，如执圭之使也。《尔雅》谓之梫者，能侵害他木也。故《吕氏春秋》云︰桂枝之下无杂木。《雷公炮炙论》云︰桂钉木根，其木即死，是也。桂即牡桂之浓而辛烈者，牡桂即桂之薄而味淡者，《别录》不当重出，今并为一，而分目于下。

【发明】
承曰︰凡桂之浓实气味重者，宜入治水脏及下焦药；轻薄气味淡者，宜入治头目发散药。故《本经》以菌桂养精神，牡桂利关节。仲景发汗用桂枝，乃枝条，非身干也，取其轻薄能发散。又有一种柳桂，乃桂之嫩小枝条，尤宜入上焦药用。

时珍曰︰麻黄遍彻皮毛，故专于发汗而寒邪散，肺主皮毛，辛走肺也。桂枝透达营卫，故能解肌而风邪去，脾主营，肺主卫，甘走脾，辛走肺也。肉桂下行，益火之原，此东垣所谓肾苦燥，急食辛以润之，开腠理，致津液，通其气者也。《圣惠方》言︰桂心入心，引血化汗化脓。盖手少阴君火、厥阴相火，与命门同气者也。《别录》云桂通血脉是矣。

曾世荣言︰小儿惊风及泄泻，并宜用五苓散以泻丙火，渗土湿。内有桂，能抑肝风而扶脾土。

又《医余录》云︰有人患赤眼肿痛，脾虚不能饮食，肝脉盛，脾脉弱。用凉药治肝则脾愈虚，用暖药治脾则肝愈盛。但于温平药中倍加肉桂，杀肝而益脾，故一治两得之。传云木得桂而枯是也。此皆与《别录》桂利肝肺气，牡桂治胁痛胁风之义相符。人所不知者，今为拈出。

又桂性辛散，能通子宫而破血，故《别录》言其堕胎，庞安时乃云炒过则不损胎也。又丁香、官桂治痘疮灰塌，能温托化脓，详见丁香下。","肉桂（桂）
【氣味】味辛、甘，性大熱。
【毒性】無毒。
【歸經】歸腎、脾、心、肝經。
【主治】補火助陽，引火歸元，散寒止痛，溫通經脈。
【釋名】時珍曰︰按...","CINNAMON BARK

[Taste and nature] Acrid and sweet; very hot.

[Toxicity] Recorded as non-toxic.

[Channels] Kidney, Spleen, Heart and Liver.

[Actions] Supports Fire and Yang; guides floating Fire back to its source; disperses Cold and relieves pain; warms and unblocks the channels.

[Names and origins]

Classical writers discussed the character gui through the distinctive form of cinnamon leaves and compared the herb with an envoy that guides other medicines.

[Historical commentary]

Cheng distinguishes thick, dense, strongly flavored cinnamon bark from light young twigs. Thick bark is more suited to the lower burner and Kidney, while the lighter twigs are more dispersing and act toward the upper body.

This distinction helps explain why Zhang Zhongjing used Cinnamon Twig rather than heavy bark when releasing the exterior.

Shizhen contrasts Ephedra Herb, Cinnamon Twig and Cinnamon Bark. Ephedra Herb opens the skin and induces sweating; Cinnamon Twig harmonizes Ying and Wei; Cinnamon Bark moves downward and supports the source of Fire.

Cinnamon Bark's acrid warmth was also associated with opening the channels and promoting circulation of blood.

Older writers sometimes used it to support the Spleen while restraining excessive Liver activity.

Because its acrid, warming action can move blood strongly, historical texts also warn about use during pregnancy and discuss processing methods intended to moderate this effect.

Overall, Cinnamon Bark is presented as the deeper, hotter form of cinnamon compared with the lighter, more exterior-acting Cinnamon Twig.","肉桂（桂）
【性味】辛・甘、大熱。
【毒性】無毒。
【帰経】腎経・脾経・心経・肝経に帰する。
【主治】補火助陽、引火帰元、散寒止痛、温通経脈。
【名称の由来】李時珍は范成大の『桂海志』を引く。木の葉の中心には通常一本の筋があるが、桂には圭の形をした二本の筋があり、「圭」の字を含むという。陸佃の『埤雅』は、桂は圭を持つ使者のように諸薬を導くという。『爾雅』の「梫」はほかの木を侵す性質に由来し、『呂氏春秋』には桂枝の下に雑木は生えず、『雷公炮炙論』には桂を木の根に打つと枯れるとある。桂と牡桂には厚さや辛味の違いがあるが、『名医別録』の別項目を統合して以下で分ける。

【考証】
寇宗奭はいう。厚く充実し気味が強い桂は腎や下焦、薄く軽いものは頭や目の病と発散の処方に使う。『神農本草経』の菌桂は精神を養い、牡桂は関節を通す。張仲景の発汗に用いる桂枝は幹ではなく枝の皮で、軽く薄い発散力を取る。柳桂という若い細枝は上焦の薬にさらに適する。

李時珍はいう。麻黄は皮膚と毛を通して汗を出し寒邪を散らす。桂枝は営衛へ通じ、肌を解いて風を除く。肉桂は下へ向かい火の源を養い、李杲が説く腎の乾きを辛味で潤し、皮膚のきめを開いて津液と気を巡らせる働きを持つ。『聖恵方』は桂心が心に入って血を汗や膿に変えるといい、『名医別録』も桂が血脈を通すとする。

曾世栄は、小児の驚風や下痢に五苓散を用い、火を瀉して湿を出すといい、中の桂は肝風を抑え脾土を助けるという。『医余録』には目が赤く腫れて痛み、脾が虚して食べられず肝の脈が強い人に、涼薬では脾が弱り温薬では肝が盛んになるため、穏やかな温薬に肉桂を倍量加えて両方を治した話がある。木に桂を打つと枯れるという伝承とも合い、肝肺の気や脇の痛みへの古い記述を説明する。

また桂は辛味で散らし子宮を通して血の滞りを破るため、『名医別録』は流産を招くとし、龐安時は炒れば胎を傷めないという。丁香と官桂が痘瘡の陥没に用いられ、温めて膿を生じさせる働きは丁香の項に詳しい。","육계

【성미】매운맛·단맛, 매우 뜨겁다.

【독성】무독성으로 기록되어 있다.

【귀경】신·비·심·간.

【효능】명문의 화와 양기를 돕고 떠오른 화를 근원으로 돌아가게 한다. 한을 흩고 통증을 줄이며 경맥을 따뜻하게 통하게 한다.

【명칭과 기원】

이 약재는 고전 본초서에 여러 이명과 산지가 기록되어 있다. 약용 부위의 형태와 법제 방법에 따라 성질과 작용이 달라질 수 있다.

【고전 해설】

고전 의가들은 육계의 성미와 귀경을 바탕으로 위 효능을 설명했다. 임상에서는 병의 한열·허실과 환자의 체질을 살피고, 필요한 경우 다른 약재와 배합하여 사용한다."
UI_BOOK_ENTRY_TITLE_SANG_BAI_PI,桑白皮,桑白皮,Mulberry Root Bark,桑白皮,상백피
UI_BOOK_ENTRY_BODY_SANG_BAI_PI,"桑白皮（桑）
【气味】味甘，性寒。
【毒性】无毒。
【归经】归肺经。
【主治】泻肺平喘，利水消肿。
【释名】子名椹（《集韵》）。

时珍曰︰徐锴《说文解字》云︰桑，音若，东方自然神木之名，其字象形。桑乃蚕所食，异于东方自然之神木，故加木于桑下而别之。《典术》云︰桑乃箕星之精。

【发明】
杲曰︰桑白皮，甘以固元气之不足而补虚，辛以泻肺气之有馀而止嗽。又云︰桑白皮泻肺，然性不纯良，不宜多用。

时珍曰︰桑白皮长于利小水，乃实则泻其子也，故肺中有水气及肺火有馀者宜之。十剂云︰燥可去湿，桑白皮、赤小豆之属是矣。宋医钱乙治肺气热盛，咳嗽而后喘，面肿身热，泻白散︰用桑白皮（炒）一两，地骨皮（焙）一两，甘草（炒）半两。每服一、二钱，入粳米百粒，水煎，食后温服。桑白皮、地骨皮皆能泻火从小便去，甘草泻火而缓中，粳米清肺而养血，此乃泻肺诸方之准绳也。元医罗天益言其泻肺中伏火而补正气，泻邪所以补正也。若肺虚而小便利者，不宜用之。

颂曰︰桑白皮作线缝金疮肠出，更以热鸡血涂之。唐‧安金藏剖腹，用此法而愈。","桑白皮（桑）
【氣味】味甘，性寒。
【毒性】無毒。
【歸經】歸肺經。
【主治】瀉肺平喘，利水消腫。
【釋名】子名椹（《集韻》）。

時珍曰︰徐鍇《說文解字...","MULBERRY ROOT BARK

[Taste and nature] Sweet; cold.

[Toxicity] Recorded as non-toxic.

[Channel] Lung.

[Actions] Drains Lung Heat and relieves wheezing; promotes urination and reduces swelling.

[Names and origins]

The mulberry fruit is called Shen in older texts. Classical writings also attached cosmological symbolism to the mulberry tree.

[Historical commentary]

Gao: Mulberry Root Bark can clear excess Lung Qi and relieve cough, but he cautions that it should not be overused.

Shizhen emphasizes its ability to promote urination. It is especially appropriate when Lung Heat or retained fluid interferes with normal fluid movement.

He cites Drain the White Powder, a classical formula using Mulberry Root Bark with Di Gu Pi, Licorice Root and Non-Glutinous Rice for Lung Heat with cough, wheezing, facial swelling and fever.

In this formula, Mulberry Root Bark and Di Gu Pi clear Heat, Licorice Root moderates, and Non-Glutinous Rice protects Lung and Stomach Qi.

Later physicians described this as 'draining the pathogen in order to support the upright Qi.'

Shizhen therefore warns against using Mulberry Root Bark when the Lung is already deficient and urination is excessive.

Song also records unusual historical surgical uses of mulberry bark fiber, but these belong to anecdotal practice rather than its main medicinal role.","桑白皮（桑）
【性味】甘、寒。
【毒性】無毒。
【帰経】肺経に帰する。
【主治】瀉肺平喘、利水消腫。
【名称の由来】実は椹（『集韻』）という。

李時珍は徐鍇の『説文解字』を引き、桑の字と、東方の神木との名称や字形の関係を述べる。桑は蚕が食べる木で、神木と区別するため字形に木を加えたという。『典術』には桑は箕星の精とある。

【考証】
李杲はいう。桑白皮は甘味で不足した元気を固めて虚を補い、辛味で肺気の過剰を瀉して咳を止める。ただし性質が穏やか一辺倒ではなく、多用は避ける。

李時珍はいう。桑白皮は尿を出すのに優れ、肺に水気がある場合や肺火が過剰な場合に適する。十剤に湿を除く薬として桑白皮と赤小豆を挙げる。宋の医者銭乙は、肺に熱が盛んで咳から喘ぎ、顔がむくみ発熱する場合の瀉白散に、炒った桑白皮一両、焙じた地骨皮一両、炒った甘草半両を用い、一回一～二銭と粳米百粒を煎じて食後に温かく飲ませた。桑白皮と地骨皮は火を尿へ導き、甘草は火を瀉して中を緩め、粳米は肺を清め血を養う。肺の火を瀉す処方の手本である。羅天益は、肺に潜む火を瀉すことで正気を養うという。ただし肺が虚して尿がよく出る人には適さない。

蘇頌は、桑白皮を糸にして腹の傷から出た腸を縫い、温かい鶏血を塗った話を記す。唐の安金蔵が腹を裂いたとき、この方法で治ったという。","상백피

【성미】단맛, 차다.

【독성】무독성으로 기록되어 있다.

【귀경】폐.

【효능】폐열을 사해 천식을 줄이고 소변을 돕고 부기를 줄인다.

【명칭과 기원】

이 약재는 고전 본초서에 여러 이명과 산지가 기록되어 있다. 약용 부위의 형태와 법제 방법에 따라 성질과 작용이 달라질 수 있다.

【고전 해설】

고전 의가들은 상백피의 성미와 귀경을 바탕으로 위 효능을 설명했다. 임상에서는 병의 한열·허실과 환자의 체질을 살피고, 필요한 경우 다른 약재와 배합하여 사용한다."
UI_BOOK_ENTRY_TITLE_SANG_YE,桑叶,桑葉,Mulberry Leaf,桑葉,상엽
UI_BOOK_ENTRY_BODY_SANG_YE,"桑叶（桑）
【气味】味甘、苦，性寒。
【毒性】无毒。
【归经】归肺、肝经。
【主治】疏散风热，清肺润燥，平抑肝阳，清肝明目，凉血止血。
【释名】子名椹（《集韵》）。

时珍曰︰徐锴《说文解字》云︰桑，音若，东方自然神木之名，其字象形。桑乃蚕所食，异于东方自然之神木，故加木于桑下而别之。
《典术》云︰桑乃箕星之精。

【发明】
颂曰︰桑叶可常服。神仙服食方︰以四月桑茂盛时采叶。又十月霜后三分，二分已落时，一分在者，名神仙叶，即采取，与前叶同阴干捣末，丸、散任服，或煎水代茶饮之。又霜后叶煮汤，淋渫手足，去风痹殊胜。又微炙和桑衣煎服，治痢及金疮诸损伤，止血。

震亨曰︰经霜桑叶研末，米饮服，止盗汗。

时珍曰︰桑叶乃手、足阳明之药，汁煎代茗，能止消渴。","桑葉（桑）
【氣味】味甘、苦，性寒。
【毒性】無毒。
【歸經】歸肺、肝經。
【主治】疏散風熱，清肺潤燥，平抑肝陽，清肝明目，涼血止血。
【釋名】子名椹（《...","MULBERRY LEAF

[Taste and nature] Sweet and bitter; cold.

[Toxicity] Recorded as non-toxic.

[Channels] Lung and Liver.

[Actions] Disperses Wind-Heat; clears and moistens the Lung; pacifies Liver Yang; clears the Liver and benefits the eyes; cools the blood and stops bleeding.

[Names and origins]

The mulberry tree and its fruit carry several symbolic names in classical texts. The fruit itself is called Shen.

[Historical commentary]

Song records mulberry leaf in longevity and dietary practices, particularly leaves gathered in spring or after autumn frost.

Frosted leaves were dried and powdered, made into pills or infusions, and were also used externally in washes for painful obstruction.

Older texts additionally describe lightly roasted leaves in formulas for dysentery, wounds and bleeding.

Zhenheng records powdered frost-exposed mulberry leaf with rice drink for night sweating.

Shizhen describes Mulberry Leaf as acting on the Yangming systems and notes traditional use of a leaf decoction as a tea-like drink for wasting-thirst.

Later practice especially valued the leaf for Wind-Heat affecting the Lung and Liver and for dryness of the Lung with cough or irritated eyes.","桑葉（桑）
【性味】甘・苦、寒。
【毒性】無毒。
【帰経】肺経・肝経に帰する。
【主治】疏散風熱、清肺潤燥、平抑肝陽、清肝明目、涼血止血。
【名称の由来】実は椹（『集韻』）という。

李時珍は徐鍇の『説文解字』を引き、桑の字と、東方の神木との名称や字形の関係を述べる。桑は蚕が食べる木で、神木と区別するため字形に木を加えたという。『典術』には桑は箕星の精とある。

【考証】
蘇頌はいう。桑葉は常用もできる。仙人の服食法では四月の葉と、十月に霜を受け葉の三分の二が落ちた後に残る「神仙葉」を採り、陰干しして粉にする。丸薬や散剤、茶の代わりの煎じ汁に用いる。霜後の葉を煮た湯で手足を洗えば風による痺れに優れ、軽く炙って桑衣と煎じれば痢疾や刀傷の出血に働く。

朱震亨は霜を受けた桑葉を粉にして米のとぎ汁で飲めば寝汗を止めるという。李時珍は手足陽明の薬で、汁を煎じて茶の代わりに飲めば消渇を止めるという。","상엽

【성미】단맛·쓴맛, 차다.

【독성】무독성으로 기록되어 있다.

【귀경】폐·간.

【효능】풍열을 흩고 폐를 맑히고 윤택하게 하며 간양을 평정하고 눈을 돕는다. 혈열을 식혀 출혈을 줄인다.

【명칭과 기원】

이 약재는 고전 본초서에 여러 이명과 산지가 기록되어 있다. 약용 부위의 형태와 법제 방법에 따라 성질과 작용이 달라질 수 있다.

【고전 해설】

고전 의가들은 상엽의 성미와 귀경을 바탕으로 위 효능을 설명했다. 임상에서는 병의 한열·허실과 환자의 체질을 살피고, 필요한 경우 다른 약재와 배합하여 사용한다."
UI_BOOK_ENTRY_TITLE_SHA_REN,砂仁,砂仁,Amomum Fruit,縮砂,사인
UI_BOOK_ENTRY_BODY_SHA_REN,"砂仁
【气味】味辛，性温。
【毒性】无毒。
【归经】归脾、胃、肾经。
【主治】化湿开胃，温脾止泻，理气安胎。
【释名】时珍曰︰名义未详。藕下白 多密，取其密藏之意。此物实在根下，仁藏壳内，亦或此意欤。

【发明】
时珍曰︰按韩 《医通》云︰肾恶燥，以辛润之。缩砂仁之辛，以润肾燥。又云︰缩砂属土，主醒脾调胃，引诸药归宿丹田。香而能窜，和合五脏冲和之气，如天地以土 为冲和之气，故补肾药用同地黄丸蒸，取其达下之旨也。又化骨，食草木药及方士炼三黄皆用之，不知其性何以能制此物也？","砂仁
【氣味】味辛，性溫。
【毒性】無毒。
【歸經】歸脾、胃、腎經。
【主治】化濕開胃，溫脾止瀉，理氣安胎。
【釋名】時珍曰︰名義未詳。藕下白 多密，取其...","AMOMUM FRUIT

[Taste and nature] Acrid; warm.

[Toxicity] Recorded as non-toxic.

[Channels] Spleen, Stomach and Kidney.

[Actions] Aromatically transforms Dampness and awakens the appetite; warms the Spleen and stops diarrhea; regulates Qi and calms the fetus.

[Names and origins]

Shizhen says the exact origin of the name is uncertain. He speculates that it may refer to the seed being tightly enclosed within its shell and hidden near the base of the plant.

[Historical commentary]

Shizhen cites an older explanation that the Kidney dislikes dryness and that pungent substances may help restore movement and moisture.

Amomum Fruit was associated with Earth and the middle burner, so it was used to awaken the Spleen, regulate the Stomach and harmonize Qi.

Its strong aroma and penetrating quality were also said to guide other medicines downward toward the lower burner.

For this reason, some Kidney-tonifying formulas processed Amomum Fruit together with Di Huang.

Older texts also attributed unusual abilities to Amomum Fruit in processing hard substances and alchemical preparations, though these claims belong to historical materia medica tradition.","縮砂（砂仁）
【性味】辛、温。
【毒性】無毒。
【帰経】脾経・胃経・腎経に帰する。
【主治】化湿開胃、温脾止瀉、理気安胎。
【名称の由来】李時珍は名の由来は詳らかでないという。蓮根の下に白いものが密に隠れることに例え、実が根元にあり仁が殻の中に隠れる姿からの名かもしれないと述べる。原文の蓮根に関する語には欠字がある。

【考証】
李時珍は韓氏の『医通』を引く。腎は乾燥を嫌い、辛味で潤すため、縮砂仁の辛味は腎の乾きを潤す。また土に属して脾を目覚めさせ胃を調え、諸薬を丹田へ導く。香りが強く巡り、五臓の気を調和させるので、腎を補う薬では地黄丸とともに蒸して下へ届かせる。骨を柔らかくする働きがあるとされ、草木薬や方士が煉る三黄とともに用いるが、なぜそのような作用があるのかは分からないという。","사인

【성미】매운맛, 따뜻하다.

【독성】무독성으로 기록되어 있다.

【귀경】비·위·신.

【효능】향기로 습을 변화시키고 식욕을 깨우며 비를 따뜻하게 해 설사를 멎게 한다. 기를 조절하고 태를 안정시킨다.

【명칭과 기원】

이 약재는 고전 본초서에 여러 이명과 산지가 기록되어 있다. 약용 부위의 형태와 법제 방법에 따라 성질과 작용이 달라질 수 있다.

【고전 해설】

고전 의가들은 사인의 성미와 귀경을 바탕으로 위 효능을 설명했다. 임상에서는 병의 한열·허실과 환자의 체질을 살피고, 필요한 경우 다른 약재와 배합하여 사용한다."
UI_BOOK_ENTRY_TITLE_SHA_SHEN,沙参,沙參,Adenophora Root,沙参,사삼
UI_BOOK_ENTRY_BODY_SHA_SHEN,"沙参
【气味】味甘，性微寒。
【毒性】无毒。
【归经】归肺、胃经。
【主治】养阴清肺，益胃生津，化痰益气。
【释名】白参（《吴普》）、知母（《别录》）、羊乳（《别录》）、羊婆奶（《纲目》）、铃儿草（《别录》）、虎须（《别录》）、苦心（《别录》，又名文希，一名识美，一名志取。）

弘景曰︰此与人参、玄参、丹参、苦参是为五参，其形不尽相类，而主疗颇同，故皆有参名。又有紫参，乃牡蒙也。

时珍曰︰沙参白色，宜于沙地，故名。其根多白汁，俚人呼为羊婆奶。《别录》有名未用，羊乳即此也。此物无心味淡，而《别录》一名苦心，又与知母同名，不知所谓也。铃儿草，象花形也。

【发明】
元素曰︰肺寒者，用人参；肺热者，用沙参代之，取其味甘也。好古曰︰沙参味甘微苦，厥阴本经之药，又为脾经气分药。微苦补阴，甘则补阳，故洁古取沙参代人参。盖人参性温，补五脏之阳；沙参性寒，补五脏之阴。虽云补五脏，亦须各用本脏药相佐，使随所引而相辅之可也。

时珍曰︰人参甘苦温，其体重实，专补脾胃元气，因而益肺与肾，故内伤元气者宜之。沙参甘淡而寒，其体轻虚，专补肺气，因而益脾与肾，故金能受火克者宜之。一补阳而生阴，一补阴而制阳，不可不辨之也。","沙參
【氣味】味甘，性微寒。
【毒性】無毒。
【歸經】歸肺、胃經。
【主治】養陰清肺，益胃生津，化痰益氣。
【釋名】白參（《吳普》）、知母（《別錄》）、羊...","ADENOPHORA ROOT

[Taste and nature] Sweet; slightly cold.

[Toxicity] Recorded as non-toxic.

[Channels] Lung and Stomach.

[Actions] Nourishes Yin and clears the Lung; benefits the Stomach and generates fluids; transforms phlegm and supports Qi.

[Names and origins]

Older names include Bai Shen, Yang Ru, Yang Po Nai, Ling Er Cao, Hu Xu and Ku Xin.

Hongjing grouped Sha Shen with Ren Shen, Xuan Shen, Dan Shen and Ku Shen as the 'five shen' herbs, although their appearance and actions differ.

Shizhen explains that Sha Shen is pale in color and favors sandy soil. Its root exudes a white sap, leading to folk names meaning 'goat's milk.'

[Historical commentary]

Yuansu: When the Lung is cold, Ginseng Root may be appropriate; when the Lung is hot and dry, Adenophora Root is more suitable.

Haogu emphasizes that Ginseng Root is warmer and more strongly Qi-tonifying, while Adenophora Root is cooler and more Yin-nourishing.

Shizhen develops this distinction further. Ginseng Root is dense, warm and focused on restoring Spleen-Stomach source Qi, indirectly benefiting Lung and Kidney.

Adenophora Root is lighter, sweet-bland and cooling, with a stronger direct effect on the Lung when Heat injures Yin and fluids.

Thus both may be called tonics, but one primarily supports Qi and Yang while the other nourishes Yin and restrains Heat.","沙参
【性味】甘、微寒。
【毒性】無毒。
【帰経】肺経・胃経に帰する。
【主治】養陰清肺、益胃生津、化痰益気。
【名称の由来】白参（『呉普本草』）、知母・羊乳・鈴児草・虎鬚・苦心（『名医別録』）、羊婆奶（『本草綱目』）。苦心には文希・識美・志取の異名もある。

陶弘景は人参・玄参・丹参・苦参と合わせて五参と呼び、形は異なっても用途が似るため「参」の名があるという。別に牡蒙という紫参もある。李時珍は、白い色で砂地に生えるため沙参、根に白い汁が多いため羊婆奶と呼ぶという。心の部分がなく味も淡いのに、苦心や知母と同じ名を持つ理由は分からず、鈴児草は花の形にちなむ。

【考証】
張元素は肺が冷える人には人参、肺が熱い人には甘い沙参で代えるという。王好古は沙参は甘くやや苦く、厥陰の本経と脾経の気分に働き、微苦は陰、甘は陽を補うと説く。人参は温性で五臓の陽、沙参は寒性で五臓の陰を補うため、各臓に応じた佐薬で導く必要がある。

李時珍はいう。人参は甘苦で温かく重く充実し、主に脾胃の元気を補い、肺と腎にも益するので内傷の気虚に適する。沙参は甘淡で寒く軽く、主に肺の気を養い、脾と腎にも益するので肺が火に傷つく場合に向く。前者は陽を補って陰を生み、後者は陰を補って陽を抑える。区別すべきである。","사삼

【성미】단맛, 약간 차다.

【독성】무독성으로 기록되어 있다.

【귀경】폐·위.

【효능】음을 보하고 폐를 맑히며 위를 돕고 진액을 만든다. 담을 삭이고 기를 돕는다.

【명칭과 기원】

이 약재는 고전 본초서에 여러 이명과 산지가 기록되어 있다. 약용 부위의 형태와 법제 방법에 따라 성질과 작용이 달라질 수 있다.

【고전 해설】

고전 의가들은 사삼의 성미와 귀경을 바탕으로 위 효능을 설명했다. 임상에서는 병의 한열·허실과 환자의 체질을 살피고, 필요한 경우 다른 약재와 배합하여 사용한다."
UI_BOOK_ENTRY_TITLE_SHA_YUAN_ZI,沙苑子,沙苑子,Flatstem Milkvetch Seed,沙苑子,사원자
UI_BOOK_ENTRY_BODY_SHA_YUAN_ZI,"沙苑子 （白蒺藜）
【气味】甘，温。
【毒性】无毒。
【归经】归肝、肾经。
【主治】补肾固精，养肝明目。
【释名】茨（《尔雅》）、旁通（《本经》）、屈人（《本经》）、止行（《本经》）、豺羽（《本经》）、升推（《本经》）。

弘景曰︰多生道上及墙上，叶布地，子有刺，状如菱而小。长安最饶，人行多著木履。今军家乃铸铁作之，以布敌路，名铁蒺藜。

《易》云︰据于蒺藜，言其凶伤；

《诗》云︰墙有茨，不可扫也，以刺梗秽。方用甚稀。

时珍曰︰蒺，疾也；藜，利也；茨，刺也。其刺伤人，甚疾而利也。屈人、止行，皆因其伤人也。

【发明】
颂曰︰古方皆用有刺者，治风明目最良。神仙方亦有单服蒺藜法，云不问黑白，但取坚实者，舂去刺用。

时珍曰︰古方补肾治风，皆用刺蒺藜。后世补肾多用沙苑蒺藜，或以熬膏和药，恐其功亦不甚相远也。刺蒺藜炒黄去刺，磨面作饼，或蒸食，可以救荒。","沙苑子 （白蒺藜）
【氣味】甘，溫。
【毒性】無毒。
【歸經】歸肝、腎經。
【主治】補腎固精，養肝明目。
【釋名】茨（《爾雅》）、旁通（《本經》）、屈人（...","FLATSTEM MILKVETCH SEED

[Taste and nature] Sweet; warm.

[Toxicity] Recorded as non-toxic.

[Channels] Liver and Kidney.

[Actions] Tonifies the Kidney and secures essence; nourishes the Liver and benefits the eyes.

[Names and origins]

The entry preserves several older names originally associated with thorny Ji Li, including Ci, Pang Tong, Qu Ren, Zhi Xing, Chai Yu and Sheng Tui.

Hongjing describes a low-growing thorny plant whose sharp fruits could catch on travelers and inspired comparisons with military caltrops.

Shizhen explains several of the old names through the plant's ability to prick and impede people.

[Historical commentary]

Song notes that ancient formulas primarily used the thorny form of Ji Li for Wind disorders and eye problems.

Shizhen observes that later physicians increasingly used Sha Yuan Ji Li, now known as Flatstem Milkvetch Seed, for Kidney deficiency and tonic purposes.

He suggests that the nourishing actions were considered broadly similar enough that the later seed became a common substitute in tonifying formulas.

The historical entry therefore reflects a period in which thorny Ji Li and Flatstem Milkvetch Seed were not always cleanly separated in materia medica literature.","沙苑子（白蒺藜）
【性味】甘、温。
【毒性】無毒。
【帰経】肝経・腎経に帰する。
【主治】補腎固精、養肝明目。
【名称の由来】茨（『爾雅』）、旁通・屈人・止行・豺羽・升推（『神農本草経』）。

陶弘景は、道端や塀に多く生え、葉が地面に広がり、小さな菱形のとげのある実を結ぶと記す。長安に多く、軍ではとげの形を鉄で作って敵の道にまく「鉄蒺藜」と呼ぶ。『易経』は蒺藜に身を置くことを傷害の象徴とし、『詩経』は塀の茨は掃えないと詠む。李時珍は「蒺」「藜」「茨」は鋭いとげがすばやく人を傷つける意味で、屈人・止行もそのための名だという。

【考証】
蘇頌は古方ではとげのある蒺藜を用い、風を治し目を明らかにするといい、仙方には黒白を問わず堅い実のとげを取り去って単独で服す方法がある。李時珍は、古方は補腎と風の治療に刺蒺藜を使うが、後世は沙苑蒺藜を補腎に多く使い、煮詰めて膏にもするため働きは大きく違わないだろうという。刺蒺藜を黄色く炒ってとげを除き、粉にして餅にするか蒸して食べれば飢饉の食料にもなる。原文は沙苑子と刺蒺藜の記述を一条に併記している。","사원자

【성미】단맛, 따뜻하다.

【독성】무독성으로 기록되어 있다.

【귀경】간·신.

【효능】신을 보하고 정을 굳게 하며 간을 자양하고 눈을 돕는다.

【명칭과 기원】

이 약재는 고전 본초서에 여러 이명과 산지가 기록되어 있다. 약용 부위의 형태와 법제 방법에 따라 성질과 작용이 달라질 수 있다.

【고전 해설】

고전 의가들은 사원자의 성미와 귀경을 바탕으로 위 효능을 설명했다. 임상에서는 병의 한열·허실과 환자의 체질을 살피고, 필요한 경우 다른 약재와 배합하여 사용한다."
UI_BOOK_ENTRY_TITLE_SHAN_YAO,山药,山藥,Chinese Yam,山薬,산약
UI_BOOK_ENTRY_BODY_SHAN_YAO,"山药（薯蓣）
【气味】味甘，性平。
【毒性】无毒。
【归经】归脾、肺、肾经。
【主治】益气养阴，补脾肺肾，固精止带。
【释名】藷藇（音诸预《山海经》）、土藷（音除《别录》）、山藷（《图经》）、山芋（《吴普》）、山药（《衍义》）、玉延（《吴普》）。

吴普曰︰薯蓣，一名薯薯，一名儿草，一名修脆。齐、鲁名山芋，郑、越名土薯，秦、楚名玉延。

颂曰︰江、闽人单呼为薯（音若殊及韶），亦曰山薯。《山海经》云︰景山北望少泽，其草多薯藇（音同薯蓣）。则是一种，但字（或音殊，或音诸）不一，或语有轻重，或相传之讹耳。

宗奭曰︰薯蓣，因唐代宗名预，避讳改为薯药；又因宋英宗讳署，改为山药。尽失当日本名。恐岁久以山药为别物，故详著之。

【发明】
权曰︰凡患人体虚羸者，宜加而用之。

诜曰︰利丈夫，助阴力。熟煮和蜜，或为汤煎，或为粉，并佳。干之入药更妙。惟和面作 则动气，为不能制面毒也。

李杲曰︰山药入手太阴。张仲景八味丸用干山药，以其凉而能补也。亦治皮肤干燥，以此润之。

时珍曰︰按吴绶云︰山药入手、足太阴二经，补其不足，清其虚热。又按︰王履《溯洄集》云︰山药虽入手太阴，然肺为肾之上源，源既有滋，流岂无益，此八味丸所以用其强阴也。又按曹毗《杜兰香传》云︰食薯蓣可以辟雾露。","山藥（薯蕷）
【氣味】味甘，性平。
【毒性】無毒。
【歸經】歸脾、肺、腎經。
【主治】益氣養陰，補脾肺腎，固精止帶。
【釋名】藷藇（音諸預《山海經》）、土...","CHINESE YAM

[Taste and nature] Sweet; neutral.

[Toxicity] Recorded as non-toxic.

[Channels] Spleen, Lung and Kidney.

[Actions] Tonifies Qi and nourishes Yin; strengthens the Spleen, Lung and Kidney; secures essence and restrains vaginal discharge.

[Names and origins]

Older names include Shu Yu, Tu Shu, Shan Shu, Shan Yu, Shan Yao and Yu Yan.

Historical records preserve many regional names for the same plant.

Zongshi explains that the modern name Shan Yao arose through successive imperial naming taboos: the older name Shu Yu was changed first to Shu Yao and later to Shan Yao.

[Historical commentary]

Quan recommends it in weak and emaciated patients.

Shen describes Chinese Yam as both food and medicine and praises cooked, honeyed, powdered and dried preparations.

Li Gao says Chinese Yam enters the Lung and notes its use in classical Kidney-tonifying formulas. Its gentle nature allows it to nourish without being strongly heating.

Shizhen cites later physicians who classify it as acting on both Lung and Spleen, supplementing deficiency while clearing deficiency Heat.

Because the Lung is considered the upper source of Kidney water, nourishing the Lung can indirectly support Kidney Yin.

This helps explain Chinese Yam's broad role in formulas for Spleen weakness, Lung deficiency and Kidney deficiency.","山薬（薯蕷）
【性味】甘、平。
【毒性】無毒。
【帰経】脾経・肺経・腎経に帰する。
【主治】益気養陰、補脾肺腎、固精止帯。
【名称の由来】藷藇（音は諸預。『山海経』）、土藷（『名医別録』）、山藷（『図経本草』）、山芋・玉延（『呉普本草』）、山薬（『本草衍義』）。

呉普は薯薯・児草・修脆とも呼び、斉と魯では山芋、鄭と越では土薯、秦と楚では玉延という。蘇頌は、江南や福建では薯または山薯と呼び、『山海経』の薯藇と同じ植物で、表記や発音の違いは方言や伝承の訛りによるという。寇宗奭は、薯蕷は唐代宗の名「預」を避けて薯薬、宋英宗の名「署」を避けて山薬と呼ばれ、古い名が失われたので別物と誤解されないよう記す。

【考証】
甄権は虚して痩せた患者に加えるとよいという。孟詵は男性の陰を助け、蜜と煮る、煎じる、粉にするなどしてよく、乾燥品は薬にさらに適するという。ただし小麦粉と混ぜて作るものは気を乱すとした。李杲は手太陰に入り、張仲景の八味丸に乾燥山薬を入れるのは涼しく補うためで、乾いた皮膚も潤すという。李時珍は呉綬の説として手足太陰を補って虚熱を清めるといい、王履の説として肺を潤せばその下流の腎にも益し、八味丸が陰を養うために用いると述べる。曹毗の『杜蘭香伝』には薯蕷を食べれば霧や露の害を避けるとある。","산약

【성미】단맛, 평하다.

【독성】무독성으로 기록되어 있다.

【귀경】비·폐·신.

【효능】기를 보하고 음을 자양하며 비·폐·신을 튼튼하게 한다. 정을 굳게 하고 대하를 줄인다.

【명칭과 기원】

이 약재는 고전 본초서에 여러 이명과 산지가 기록되어 있다. 약용 부위의 형태와 법제 방법에 따라 성질과 작용이 달라질 수 있다.

【고전 해설】

고전 의가들은 산약의 성미와 귀경을 바탕으로 위 효능을 설명했다. 임상에서는 병의 한열·허실과 환자의 체질을 살피고, 필요한 경우 다른 약재와 배합하여 사용한다."
UI_BOOK_ENTRY_TITLE_SHAN_ZHU_YU,山茱萸,山茱萸,Cornus Fruit,山茱萸,산수유
UI_BOOK_ENTRY_BODY_SHAN_ZHU_YU,"山茱萸
【气味】味酸、涩，性微温。
【毒性】无毒。
【归经】归肝、肾经。
【主治】补益肝肾，收涩固脱。
【释名】蜀酸枣（《本经》）、肉枣（《纲目》）、鬾实（《别录》）、鸡足（《吴普》）、鼠矢（《吴普》）。

宗奭曰︰山茱萸与吴茱萸甚不相类，治疗大不同，未审何缘命此名也？

时珍曰︰《本经》一名蜀酸枣，今人呼为肉枣，皆象形也。

【发明】
好古曰︰滑则气脱，涩剂所以收之。山茱萸止小便利，秘精气，取其味酸涩以收滑也。仲景八味丸用之为君，其性味可知矣。","山茱萸
【氣味】味酸、澀，性微溫。
【毒性】無毒。
【歸經】歸肝、腎經。
【主治】補益肝腎，收澀固脫。
【釋名】蜀酸棗（《本經》）、肉棗（《綱目》）、鬾實...","CORNUS FRUIT

[Taste and nature] Sour and astringent; slightly warm.

[Toxicity] Recorded as non-toxic.

[Channels] Liver and Kidney.

[Actions] Tonifies the Liver and Kidney; astringes and secures excessive leakage.

[Names and origins]

Older names include Shu Suan Zao, Rou Zao, Qi Shi, Ji Zu and Shu Shi.

Zongshi notes that Cornus Fruit is quite different from Wu Zhu Yu in both appearance and medicinal use despite the similarity of their names.

Shizhen says names such as Shu Suan Zao and Rou Zao describe the fruit's appearance and fleshy, sour character.

[Historical commentary]

Haogu explains its action through the principle that astringent medicines restrain pathological leakage.

Its sour and astringent flavor was therefore used for excessive urination, loss of essence and other deficiency patterns involving failure to secure.

He also notes its important role in classical Kidney formulas such as Eight-Ingredient Pill.

The herb's traditional value lies in combining gentle Liver-Kidney tonification with a securing action rather than strongly moving or draining.","山茱萸
【性味】酸・渋、微温。
【毒性】無毒。
【帰経】肝経・腎経に帰する。
【主治】補益肝腎、収渋固脱。
【名称の由来】蜀酸棗（『神農本草経』）、肉棗（『本草綱目』）、鬾実（『名医別録』）、鶏足・鼠矢（『呉普本草』）。

寇宗奭は山茱萸と呉茱萸は似ず、働きも異なるので、同じ「茱萸」の名を持つ理由は分からないという。李時珍は蜀酸棗・肉棗は形にちなむ名だという。

【考証】
王好古はいう。滑って漏れ出るときは気が脱するため、渋味で収める。山茱萸は酸渋で尿が出すぎるのを抑え、精気を固める。張仲景が八味丸で君薬としたことからも性味が分かる。","산수유

【성미】신맛·떫은맛, 약간 따뜻하다.

【독성】무독성으로 기록되어 있다.

【귀경】간·신.

【효능】간과 신을 보하고 과도한 유출을 수렴해 굳게 한다.

【명칭과 기원】

이 약재는 고전 본초서에 여러 이명과 산지가 기록되어 있다. 약용 부위의 형태와 법제 방법에 따라 성질과 작용이 달라질 수 있다.

【고전 해설】

고전 의가들은 산수유의 성미와 귀경을 바탕으로 위 효능을 설명했다. 임상에서는 병의 한열·허실과 환자의 체질을 살피고, 필요한 경우 다른 약재와 배합하여 사용한다."
UI_BOOK_ENTRY_TITLE_SHENG_DI_HUANG,生地黄,生地黃,Fresh Rehmannia Root,生地黄,생지황
UI_BOOK_ENTRY_BODY_SHENG_DI_HUANG,"生地黄（地黄）
【气味】味甘、苦，性寒。
【毒性】无毒。
【归经】归心、肝、肾经。
【主治】清热凉血，养阴生津。
【释名】芐（音户《别录》）、芑（音起《别录》）、地髓（《本经》）。

大明曰︰生者以水浸验之。浮者名天黄；半浮半沉者名人黄；沉者名地黄。入药沉者为佳，半沉者次之，浮者不堪。

时珍曰︰《尔雅》云︰ 芐，地黄。郭璞云︰江东呼为芐。罗愿云︰芐以沉下者为贵，故字从下。

【发明】
好古曰︰生地黄入手少阴，又为手太阳之剂，故钱仲阳泻丙火与木通同用以导赤也。诸经之血热，与他药相随，亦能治之。溺血、便血皆同。

权曰︰病患虚而多热者，宜加用之。

戴原礼曰︰阴微阳盛，相火炽强，来乘阴位，日渐煎熬，为虚火之证者，宜地黄之属，以滋阴退阳。

宗奭曰︰《本经》只言干、生二种，不言熟者。如血虚劳热，产后虚热，老人中虚燥热者，若与生干，当虑太寒，故后世改用蒸曝熟者。生熟之功殊别，不可不详。

时珍曰︰《本经》所谓干地黄者，乃阴干、日干、火干者，故又云生者尤良。《别录》复云生地黄者，乃新掘鲜者，故其性大寒。其熟地黄乃后人复蒸晒者。诸家本草皆指干地黄为熟地黄，虽主治证同，而凉血、补血之功稍异，故今别出熟地黄一条于下。","生地黃（地黃）
【氣味】味甘、苦，性寒。
【毒性】無毒。
【歸經】歸心、肝、腎經。
【主治】清熱涼血，養陰生津。
【釋名】芐（音戶《別錄》）、芑（音起《別...","FRESH REHMANNIA ROOT

[Taste and nature] Sweet and bitter; cold.

[Toxicity] Recorded as non-toxic.

[Channels] Heart, Liver and Kidney.

[Actions] Clears Heat and cools the blood; nourishes Yin and generates fluids.

[Names and origins]

Older names include Hu, Qi and Di Sui.

Daming records an old quality test in which roots were placed in water: sinking roots were considered best, half-floating roots second best, and fully floating roots inferior.

Shizhen connects the old name with the valued tendency of the root to sink.

[Historical commentary]

Haogu: Fresh Rehmannia Root enters the Heart system and was used with Akebia Stem in Guide Out the Red Powder to clear Heart Heat through the urine.

It was also used more broadly for Heat in the blood level, including bleeding patterns when combined appropriately.

Quan recommends it when deficiency coexists with marked Heat.

Dai Yuanli describes its role in nourishing Yin when deficiency allows pathological Fire to become excessive.

Zongshi stresses the difference between raw and prepared Rehmannia. Fresh or raw forms are much colder and better suited to cooling blood and Heat, while repeated steaming and drying creates Prepared Rehmannia Root, which is warmer and more strongly nourishing.

Shizhen therefore treats Fresh Rehmannia Root and Prepared Rehmannia Root as related but functionally distinct medicines rather than interchangeable forms.","生地黄（地黄）
【性味】甘・苦、寒。
【毒性】無毒。
【帰経】心経・肝経・腎経に帰する。
【主治】清熱涼血、養陰生津。
【名称の由来】芐（音は戸）・芑（音は起。『名医別録』）、地髄（『神農本草経』）。

大明は生の地黄を水に浸し、浮くものを天黄、半ば浮くものを人黄、沈むものを地黄とし、薬には沈むものが最良、半沈が次、浮くものは不適とする。李時珍は『爾雅』の芐が地黄で、江東の呼び名であり、沈むものが貴ばれるので字に「下」が含まれるという。

【考証】
王好古はいう。生地黄は手少陰と手太陽に入り、銭仲陽の導赤散では木通と合わせて心火を瀉す。ほかの薬に添えれば諸経の血熱、血尿、血便にも働く。甄権は虚して熱の多い人に加えるという。戴原礼は、陰が弱く陽と相火が盛んで陰を焼く虚火には地黄で陰を養い陽熱を退けるという。

寇宗奭はいう。『神農本草経』には乾燥品と生品だけで、熟地黄はない。血虚の虚熱、産後の熱、老人の中焦の虚弱による乾燥熱に生品や乾燥品は冷えすぎるため、後世は蒸して干した熟品を使うようになった。李時珍は、古い「乾地黄」は陰干し・日干し・火干ししたもので、『名医別録』の「生地黄」は掘りたての鮮品で強い寒性を持つと区別する。熟地黄は後人が繰り返し蒸し干ししたもので、血を冷やす力と補う力に違いがあるため別項目にする。","생지황

【성미】단맛·쓴맛, 차다.

【독성】무독성으로 기록되어 있다.

【귀경】심·간·신.

【효능】열을 내리고 혈을 식히며 음을 보하고 진액을 만든다.

【명칭과 기원】

이 약재는 고전 본초서에 여러 이명과 산지가 기록되어 있다. 약용 부위의 형태와 법제 방법에 따라 성질과 작용이 달라질 수 있다.

【고전 해설】

고전 의가들은 생지황의 성미와 귀경을 바탕으로 위 효능을 설명했다. 임상에서는 병의 한열·허실과 환자의 체질을 살피고, 필요한 경우 다른 약재와 배합하여 사용한다."
UI_BOOK_ENTRY_TITLE_SHENG_JIANG,生姜,生薑,Fresh Ginger,生姜,생강
UI_BOOK_ENTRY_BODY_SHENG_JIANG,"生姜
【气味】味辛，性温。
【毒性】无毒。
【归经】归肺、脾、胃经。
【主治】解表散寒，温中止呕，解鱼蟹毒。
【释名】时珍曰：按：许慎《说文》：姜作䕬，云御湿之菜也。

王安石《字说》云：姜能强御百邪，故谓之姜。初生嫩者，其尖微紫，名紫姜，或作子姜；宿根谓之母姜也。

【发明】
成无己曰︰姜、枣味辛、甘，专行脾之津液而和营卫。药中用之，不独专于发散也。

杲曰︰生姜之用有四︰制半夏、浓朴之毒，一也；发散风寒，二也；与枣同用，辛温益脾胃元气，温中去湿，三也；与芍药同用，温经散寒，四也。孙真人云︰姜为呕家圣药，盖辛以散之。呕乃气逆不散，此药行阳而散气也。或问︰生姜辛温入肺，何以云入胃口？曰︰俗以心下为胃口者，非矣。咽门之下，受有形之物，乃胃之系，便是胃口，与肺系同行，故能入肺而开胃口也。曰︰人云夜间勿食生姜，令人闭气，何也？曰︰生姜辛温主开发。夜则气本收敛，反开发之，则违天道矣。若有病患，则不然也。生姜屑，比之乾姜则不热，比之生姜则不湿。以乾生姜代乾姜者，以其不僭故也。俗言上床萝卜下床姜。姜能开胃，萝卜消食也。

时珍曰︰姜，辛而不荤，去邪辟恶，生啖熟食，醋、酱、糟、盐、蜜煎调和，无不宜之。可蔬可和，可果可药，其利博矣。凡早行山行，宜含一块，不犯雾露清湿之气，及山岚不正之邪。

颂曰︰崔元亮《集验方》载︰敕赐姜茶治痢方︰以生姜切细，和好茶一、两碗，任意呷之，便瘥。若是热痢，留姜皮；冷痢，去皮，大妙。

杨士瀛曰︰姜能助阳，茶能助阴，二物皆消散恶气，调和阴阳，且解湿热及酒食暑气之毒，不问赤、白通宜用之。苏东坡治文潞公有效。","生薑
【氣味】味辛，性溫。
【毒性】無毒。
【歸經】歸肺、脾、胃經。
【主治】解表散寒，溫中止嘔，解魚蟹毒。
【釋名】時珍曰：按：許慎《說文》：薑作䕬，雲...","FRESH GINGER

[Taste and nature] Acrid; warm.

[Toxicity] Recorded as non-toxic.

[Channels] Lung, Spleen and Stomach.

[Actions] Releases the exterior and disperses Cold; warms the middle and stops vomiting; traditionally used to moderate toxicity from fish and shellfish.

[Names and origins]

Shizhen cites old explanations describing ginger as a vegetable that resists Dampness and other pathogenic influences.

Young tender ginger was called Zi Jiang or Zi Jiang, while older mature rhizomes were called Mu Jiang.

[Historical commentary]

Cheng Wuji: Ginger and jujube do more than release the exterior. Their acrid and sweet combination promotes Spleen fluids and harmonizes the nutritive and defensive levels.

Gao lists four major uses: moderating the harshness of Pinellia Rhizome and Magnolia Bark, dispersing Wind-Cold, warming and strengthening the middle with Jujube, and warming the channels with Shao Yao.

Sun Simiao famously called ginger an essential herb for vomiting because its acrid warmth disperses rebellious Qi.

Shizhen emphasizes ginger's versatility as food and medicine. It may be eaten fresh or cooked and combined with vinegar, sauces, fermented preparations, salt or honey.

Older travel traditions also recommended carrying ginger against damp mountain climates and miasma.

Historical formulas combined ginger with tea for dysentery, with the ginger peel retained or removed according to whether Heat or Cold was believed to predominate.","生姜
【性味】辛、温。
【毒性】無毒。
【帰経】肺経・脾経・胃経に帰する。
【主治】解表散寒、温中止嘔、魚介の毒を解く。
【名称の由来】李時珍は許慎の『説文解字』で姜を䕬と書き、湿を防ぐ野菜とすることを引く。王安石は多くの邪を防ぐため姜というと説く。若い芽の先が紫色のものは紫姜・子姜、古い根は母姜と呼ぶ。

【考証】
成無己はいう。姜の辛味と棗の甘味は脾の津液を巡らせ、営衛を調える。薬に入れるのは単なる発散のためだけではない。

李杲はいう。生姜には半夏・厚朴の毒を抑える、風寒を散らす、大棗と合わせて脾胃の元気を養い中を温め湿を除く、芍薬と合わせて経を温め寒を散らす、という四つの用途がある。孫思邈が嘔吐の要薬とするのは、辛味で逆上して滞る気を散らすためである。生姜は肺にも胃の入口にも働く。ここでいう胃の入口は、俗にいう心窩部ではなく、喉の下で飲食物を受ける場所で、肺の経路と並ぶという。夜間は気が収まる時間なので、生姜の発散性とは合わないという説もあるが、病人では事情が異なる。乾燥生姜の粉は乾姜ほど熱くなく、生姜ほど湿らず、乾姜の代用にもなる。「寝る前は大根、起床後は生姜」という俗言は、大根が食物を消し、生姜が胃を開くことをいう。

李時珍はいう。生姜は辛くても臭みがなく邪を除き、生でも加熱しても、酢・醤・酒粕・塩・蜜と合わせてもよい。野菜、調味料、果物、薬として役立ち、山を歩く際には口に含んで湿った霧や悪気を避けるという。蘇頌は崔元亮の『集験方』を引き、細かく切った生姜とよい茶を一、二碗分合わせて飲む姜茶が痢疾によいといい、熱の痢疾なら皮を残し、冷えの痢疾なら皮を除く。楊士瀛は生姜が陽、茶が陰を助け、悪気を散らし、湿熱や酒食、暑気による不調に赤白いずれの痢疾でも使うという。","생강

【성미】매운맛, 따뜻하다.

【독성】무독성으로 기록되어 있다.

【귀경】폐·비·위.

【효능】표를 풀고 한을 흩으며 중초를 따뜻하게 해 구토를 멎게 한다. 생선과 조개류의 독성을 완화하는 데 전통적으로 사용한다.

【명칭과 기원】

이 약재는 고전 본초서에 여러 이명과 산지가 기록되어 있다. 약용 부위의 형태와 법제 방법에 따라 성질과 작용이 달라질 수 있다.

【고전 해설】

고전 의가들은 생강의 성미와 귀경을 바탕으로 위 효능을 설명했다. 임상에서는 병의 한열·허실과 환자의 체질을 살피고, 필요한 경우 다른 약재와 배합하여 사용한다."
UI_BOOK_ENTRY_TITLE_SHI_CHANG_PU,石菖蒲,石菖蒲,Acorus Rhizome,石菖蒲,석창포
UI_BOOK_ENTRY_BODY_SHI_CHANG_PU,"石菖蒲（菖蒲）
【气味】味辛、苦，性温。
【毒性】无毒。
【归经】归心、胃经。
【主治】开窍豁痰，醒神益智，化湿开胃。
【释名】昌阳（《本经》）、尧韭（普）、水剑草（《纲目》）。

时珍曰︰菖蒲，乃蒲类之昌盛者，故曰菖蒲。又《吕氏春秋》云︰冬至后五十七日，菖始生。菖者百草之先生者，于是始耕。则菖蒲、昌阳又取此义也。《典术》云︰尧时天降精于庭为韭，感百阴之气为菖蒲。故曰尧韭。方士隐为水剑，因叶形也。

【发明】
颂曰︰古方有单服菖蒲法。蜀人治心腹冷气 痛者，取一、二寸捶碎，同吴茱萸煎汤饮之。亦将随行，卒患心痛，嚼一、二寸，热汤或酒送下，亦效。

时珍曰︰国初周颠仙对太祖高皇帝常嚼菖蒲饮水。问其故。云服之无腹痛之疾。高皇御制碑中载之。菖蒲气温味辛，乃手少阴、足厥阴之药。心气不足者用之，虚则补其母也。肝苦急以辛补之，是矣。《道藏经》有《菖蒲传》一卷，其语粗陋。今略节其要云︰菖蒲者，水草之精英，神仙之灵药也。其法采紧小似鱼鳞者一斤，以水及米泔浸各一宿，刮去皮切，曝干捣筛，以糯米粥和匀，更入熟蜜搜和，丸如梧子大，稀葛袋盛，置当风处令干。每旦酒、饮任下三十丸，临卧更服三十丸。服至一月，消食；二月，痰除；服至五年，骨髓充，颜色泽，白发黑，落齿更生。其药以五德配五行︰叶青，花赤，节白，心黄，根黑。能治一切诸风，手足顽痹，瘫缓不遂，五劳七伤，填血补脑，坚骨髓，长精神，润五脏，裨六腑，开胃口，和血脉，益口齿，明耳目，泽皮肤，去寒热，除三尸九虫，天行时疾，瘴疫瘦病，泻痢痔漏，妇人带下，产后血运。并以酒服。河内叶敬母中风，服之一年而百病愈。寇天师服之得道，至今庙前犹生菖蒲。郑鱼、曾原等，皆以服此得道也。

又按︰葛洪《抱朴子》云︰韩众服菖蒲十三年，身上生毛，冬袒不寒，日记万言。商丘子不娶，惟食菖蒲根，不饥不老，不知所终。《神仙传》云︰咸阳王典食菖蒲得长生。安期生采一寸九节菖蒲服，仙去。又按︰ 仙《神隐书》云︰石菖蒲置一盆于几上，夜间观书，则收烟无害目之患。或置星露之下，至旦取叶尖露水洗目，大能明视，久则白昼见星。端午日以酒服，尤妙。苏东坡云︰凡草生石上，必须微土以附其根。惟石菖蒲濯去泥土，渍以清水，置盆中，可数十年不枯。节叶坚瘦，根须连络，苍然于几案间，久更可喜。其延年轻身之功，既非昌阳可比；至于忍寒淡泊，不待泥土而生，又岂昌阳所能仿佛哉？

杨士瀛曰︰下痢噤口，虽是脾虚，亦热气闭隔心胸所致。俗用木香失之温，用山药失之闭。惟参苓白术散加石菖蒲，粳米饮调下。或用参、苓、石莲肉，少入菖蒲服。胸次一开，自然思食。","石菖蒲（菖蒲）
【氣味】味辛、苦，性溫。
【毒性】無毒。
【歸經】歸心、胃經。
【主治】開竅豁痰，醒神益智，化濕開胃。
【釋名】昌陽（《本經》）、堯韭（普...","ACORUS RHIZOME

[Taste and nature] Acrid and bitter; warm.

[Toxicity] Recorded as non-toxic.

[Channels] Heart and Stomach.

[Actions] Opens the sensory orifices and transforms phlegm; awakens the spirit and supports cognition; transforms Dampness and improves appetite.

[Names and origins]

Older names include Chang Yang, Yao Jiu and Shui Jian Cao, 'water sword grass.'

Shizhen explains the name from the plant's vigorous growth and the sword-like shape of its leaves.

[Historical commentary]

Song records simple preparations of Acorus Rhizome for Cold-type abdominal and epigastric pain, sometimes combined with Wu Zhu Yu.

Shizhen associates its acrid warmth with the Heart and Liver and explains its traditional use for constrained Qi, phlegm and impaired clarity of the spirit.

Daoist writings greatly expanded its reputation, claiming that prolonged use sharpened memory, restored hair and teeth and conferred longevity.

Shizhen preserves many of these stories, including legends of adepts who lived on Acorus Rhizome for years or attained immortality. These accounts belong to religious and longevity folklore rather than ordinary medical practice.

Su Shi praised the plant's ability to survive in clean water with little soil and kept it as an ornamental plant.

Yang Shiying records adding small amounts of Acorus Rhizome to Spleen-tonifying formulas when severe dysentery was accompanied by refusal of food and obstruction in the chest, using its aromatic action to open the middle and restore appetite.","石菖蒲（菖蒲）
【性味】辛・苦、温。
【毒性】無毒。
【帰経】心経・胃経に帰する。
【主治】開竅豁痰、醒神益智、化湿開胃。
【名称の由来】昌陽（『神農本草経』）、尭韭（呉普）、水剣草（『本草綱目』）。

李時珍は、蒲の仲間でよく繁るため菖蒲という。『呂氏春秋』は冬至から五十七日後に最初に芽を出し、その後耕作が始まると記し、昌陽の名もそこから来たという。『典術』は尭の時代に天の精が庭に降りて韭となり、陰の気を受けて菖蒲になったので尭韭と呼ぶといい、葉が剣に似るので方士は水剣と隠して呼んだ。

【考証】
蘇頌はいう。古方には菖蒲を単独で服す方法がある。蜀では心腹の冷えた痛みに一、二寸を砕き、呉茱萸と煎じて飲む。急な心痛には携帯したものを噛み、熱い湯や酒で飲むという。

李時珍はいう。明の太祖に仕えた周顛仙は菖蒲を噛んで水を飲み、腹痛を防ぐと語った。菖蒲は温辛で手少陰・足厥陰に働き、心気の不足には虚した母を補い、肝の急を辛味で緩める。『道蔵経』の『菖蒲伝』には、魚の鱗のように節が密なもの一斤を水と米のとぎ汁にそれぞれ一夜浸し、皮を取り刻んで干し、粉にして糯米粥と煉蜜で梧桐の実ほどの丸薬にする方法がある。風通しのよい場所で乾かし、朝と寝る前に各三十丸を酒などで服すという。一月で消化がよくなり、二月で痰が除かれ、五年で髄が充実し白髪や歯が戻るとする伝承である。葉の青、花の赤、節の白、芯の黄、根の黒を五行に配し、風病、手足のしびれや麻痺、虚労、口・耳・目や五臓の不調、疫病、痢疾、痔や産後の血の病まで幅広く挙げる。葉敬の母や道士らが長年服して治ったという逸話もある。

葛洪の『抱朴子』や『神仙伝』にも長年服して毛髪や歯が生え、不老になったという話がある。『神隠書』は鉢植えを机に置けば読書時の煙から目を守り、葉先の露で目を洗えば視力がよくなるとする。蘇東坡は石の上の草にはわずかな土が必要だが、石菖蒲は泥を洗い落として清水の鉢に置いても長く枯れず、節や葉が丈夫で観賞にもよいと述べる。

楊士瀛はいう。口を閉ざして食べられない痢疾には脾虚だけでなく熱が心胸を塞ぐことがある。木香では温めすぎ、山薬では塞ぎすぎるため、参苓白朮散に石菖蒲を加え粳米の汁で飲むか、人参・茯苓・石蓮肉に少量加える。胸が開けば自然に食欲が戻る。","석창포

【성미】매운맛·쓴맛, 따뜻하다.

【독성】무독성으로 기록되어 있다.

【귀경】심·위.

【효능】감각 구멍을 열고 담을 삭이며 정신을 깨우고 인지를 돕는다. 습을 변화시켜 식욕을 돕는다.

【명칭과 기원】

이 약재는 고전 본초서에 여러 이명과 산지가 기록되어 있다. 약용 부위의 형태와 법제 방법에 따라 성질과 작용이 달라질 수 있다.

【고전 해설】

고전 의가들은 석창포의 성미와 귀경을 바탕으로 위 효능을 설명했다. 임상에서는 병의 한열·허실과 환자의 체질을 살피고, 필요한 경우 다른 약재와 배합하여 사용한다."
UI_BOOK_ENTRY_TITLE_SHI_GAO,石膏,石膏,Gypsum,石膏,석고
UI_BOOK_ENTRY_BODY_SHI_GAO,"石膏
【气味】味甘、辛，性大寒。
【毒性】无毒。
【归经】归肺、胃经。
【主治】清热泻火，除烦止渴。
【释名】细理石（《别录》）、寒水石（《纲目》）。

震享曰︰火煅细研醋调，封丹灶，其固密甚于脂膏。此盖兼质与能而得名，正与石脂同意。

时珍曰︰其纹理细密，故名细理石。其性大寒如水，故名寒水石，与凝水石同名异物。

【发明】
成无己曰︰风，阳邪也；寒，阴邪也。风喜伤阳，寒喜伤阴。营卫阴阳，为风寒所伤，则非轻剂所能独散，必须轻重之剂同散之，乃得阴阳之邪俱去，营卫之气俱和。是以大青龙汤，以石膏为使。石膏乃重剂，而又专达肌表也。又云︰热淫所胜，佐以苦甘。知母、石膏之苦甘以散热。

元素曰︰石膏性寒，味辛而淡，气味俱薄，体重而沉，降也，阴也，乃阳明经大寒之药。善治本经头痛牙痛，止消渴中暑潮热。然能寒胃，令人不食，非腹有极热者，不宜轻用。又阳明经中热，发热恶寒燥热，日晡潮热，肌肉壮热，小便浊赤，大渴引饮，自汗，苦头痛之药，仲景用白虎汤是也。若无以上诸证，勿服之。多有血虚发热象白虎证，及脾胃虚劳，形体病证，初得之时，与此证同。医者不识而误用之，不可胜救也。

杲曰︰石膏，足阳明药也。故仲景治伤寒阳明证，身热、目痛、鼻干、不得卧。身以前，胃之经也；胸前，肺之室也；邪在阳明，肺受火制，故用辛寒以清肺气，所以有白虎之名。又治三焦皮肤大热，入手少阳也。凡病脉数不退者，宜用之；胃弱者，不可用。

宗奭曰︰孙兆言︰四月以后天气热时，宜用白虎。但四方气候不齐，岁中运气不一，亦宜两审。其说甚雅。

时珍曰︰东垣李氏云︰立夏前多服白虎汤者，令人小便不禁，此乃降令太过也。阳明津液不能上输于肺，肺之清气亦复下降故尔。甄立言《古今录验方》︰治诸蒸病有五蒸汤，亦是白虎加人参、茯苓、地黄、葛根，因病加减。王焘《外台秘要》︰治骨蒸劳热久嗽，用石膏（纹如束针者）一斤，粉甘草一两。细研如面，日以水调三、四服。言其无毒有大益，乃养命上药，不可忽其贱而疑其寒。《名医录》言︰睦州杨士丞女，病骨蒸内热外寒，众医不瘥，处州吴医用此方而体遂凉。愚谓此皆少壮肺胃火盛，能食而病者言也。若衰暮及气虚、血虚、胃弱者，恐非所宜。

广济林训导年五十，病痰嗽发热。或令单服石膏药至一斤许，遂不能食，而咳益频，病益甚，遂至不起。此盖用药者之瞀瞀也，石膏何与焉。杨士瀛云︰石膏 过，最能收疮晕，不至烂肌。按︰刘 《钱乙传》云︰宗室子病呕泄，医用温药加喘。乙曰︰病本中热，奈何以刚剂燥之，将不得前后溲，宜与石膏汤。宗室与医皆不信。后二日果来召。乙曰︰仍石膏汤证也。竟如言而愈。又按︰古方所用寒水石，是凝水石；唐宋以来诸方所用寒水石，即今之石膏也。故寒水石诸方多附于后。近人又以长石、方解石为寒水石，不可不辨之。","石膏
【氣味】味甘、辛，性大寒。
【毒性】無毒。
【歸經】歸肺、胃經。
【主治】清熱瀉火，除煩止渴。
【釋名】細理石（《別錄》）、寒水石（《綱目》）。

...","GYPSUM

[Taste and nature] Sweet and acrid; very cold.

[Toxicity] Recorded as non-toxic.

[Channels] Lung and Stomach.

[Actions] Clears intense Heat and drains Fire; relieves restlessness and thirst.

[Names and origins]

Older names include Xi Li Shi and, in some later texts, Han Shui Shi.

Shizhen explains Xi Li Shi from the stone's fine, dense texture. Its intensely cooling nature led some later writers to call it Han Shui Shi, though he carefully distinguishes it from other minerals bearing the same name.

[Historical commentary]

Cheng Wuji explains Gypsum as a heavy yet outward-reaching medicine. In Great Azure Dragon Decoction it assists lighter exterior-releasing herbs when strong Heat accompanies an exterior pattern.

Yuansu classifies it as a major Yangming-channel cold medicine for high fever, intense thirst, summer Heat, headache and toothache.

He strongly warns that Gypsum can chill the Stomach and suppress appetite and should not be used unless substantial Heat is truly present.

Gao similarly associates it with Yangming Heat marked by high fever, eye pain, dry nose, restlessness and inability to sleep.

White Tiger Decoction became the classic formula illustrating its use for exuberant Qi-level Heat with profuse sweating and thirst.

Historical physicians repeatedly caution that blood deficiency, Qi deficiency and weak Stomach conditions can resemble Heat patterns but do not necessarily tolerate Gypsum.

Shizhen recounts both successful and harmful cases to emphasize that the problem lies not in the mineral itself but in incorrect pattern identification and excessive use.","石膏
【性味】甘・辛、大寒。
【毒性】無毒。
【帰経】肺経・胃経に帰する。
【主治】清熱瀉火、除煩止渇。
【名称の由来】細理石（『名医別録』）、寒水石（『本草綱目』）。

朱震亨は、焼いて細かく砕き酢で練ると炉を脂より固く密に封じられ、姿と働きから名があるという。李時珍は細かな石目から細理石、水のような強い寒性から寒水石と呼ぶが、凝水石とは同名の別物だという。

【考証】
成無己はいう。風は陽、寒は陰の邪で、営衛の陰陽がともに傷ついた場合には軽い薬だけでなく重い薬も合わせて散らす。大青竜湯で石膏を使薬とするのは、重い薬でも肌表へ届くためである。知母と石膏の苦甘で熱を散らすともいう。

張元素はいう。石膏は寒性で辛淡、気味は薄いが重く沈み、下降する陰の薬で陽明経の強い熱を冷ます。頭痛・歯痛、消渇、暑気、潮熱を治すが、胃を冷やして食欲を失わせるため、腹に強い熱がなければ安易に用いない。陽明の熱で発熱と悪寒、夕方の潮熱、筋肉の強い熱、濁って赤い尿、大きな渇きと自汗、頭痛などが揃うときに白虎湯を用いる。血虚の発熱や脾胃の虚労が似た姿を示す場合、誤用すれば危険である。

李杲はいう。石膏は足陽明の薬で、張仲景は体の熱、目の痛み、鼻の乾き、不眠に用いた。体の前面は胃の経、胸は肺に関わり、陽明の邪熱が肺を攻めるため辛寒で肺気を清める。三焦や皮膚の強い熱にも働き、速い脈が下がらない場合に用いるが、胃の弱い人には使わない。寇宗奭は、四月以降の暑さには白虎湯がよいという説も地域や年ごとの気候を考慮すべきだという。

李時珍はいう。李杲は立夏以前に白虎湯を多く飲むと尿を抑えられなくなるといい、下降させすぎるためだとする。甄立言の五蒸湯は白虎湯に人参・茯苓・地黄・葛根を加減したもの。王燾の『外台秘要』には骨蒸や長引く咳に針を束ねたような石目の石膏一斤と粉末の甘草一両を細かく砕き、一日三～四回水で飲む処方があり、安価でも軽んじるなという。骨蒸で体内が熱く外が寒い女性を治した例もある。ただしこれは若く肺胃の火が盛んで食べられる人の場合で、年老いた人、気血が虚した人、胃が弱い人には不適だろう。

五十歳の林という人は痰を伴う咳と発熱に石膏を一斤ほど単独で飲み、食べられず咳が増して亡くなった。これは用薬者の誤りで、石膏そのものの罪ではない。楊士瀛は炮製した石膏が瘡の広がりを収めるという。銭乙の伝記には、嘔吐と下痢の子に温薬を与え喘ぎが増したのを、内熱による病と見て石膏湯で治した話がある。また古方の寒水石は凝水石、唐宋以降の処方では今の石膏を指すことが多く、長石や方解石と混同してはならない。","석고

【성미】단맛·매운맛, 매우 차다.

【독성】무독성으로 기록되어 있다.

【귀경】폐·위.

【효능】성한 열을 내리고 화를 사하며 번조와 갈증을 줄인다.

【명칭과 기원】

이 약재는 고전 본초서에 여러 이명과 산지가 기록되어 있다. 약용 부위의 형태와 법제 방법에 따라 성질과 작용이 달라질 수 있다.

【고전 해설】

고전 의가들은 석고의 성미와 귀경을 바탕으로 위 효능을 설명했다. 임상에서는 병의 한열·허실과 환자의 체질을 살피고, 필요한 경우 다른 약재와 배합하여 사용한다."
UI_BOOK_ENTRY_TITLE_SHU_DI_HUANG,熟地黄,熟地黃,Prepared Rehmannia Root,熟地黄,숙지황
UI_BOOK_ENTRY_BODY_SHU_DI_HUANG,"熟地黄（地黄）
【气味】味甘，性微温。
【毒性】无毒。
【归经】归肝、肾经。
【主治】补血滋阴，益精填髓。
【释名】芐（音户《别录》）、芑（音起《别录》）、地髓（《本经》）。

大明曰︰生者以水浸验之。浮者名天黄；半浮半沉者名人黄；沉者名地黄。入药沉者为佳，半沉者次之，浮者不堪。

时珍曰︰《尔雅》云︰ 芐，地黄。郭璞云︰江东呼为芐。罗愿云︰芐以沉下者为贵，故字从下。

【发明】
元素曰︰地黄生则大寒而凉血，血热者须用之；熟则微温而补肾，血衰者须用之。又脐下痛属肾经，非熟地黄不能除，乃通肾之药也。

好古曰︰生地黄治心热、手足心热，入手足少阴厥阴，能益肾水，凉心血，其脉洪实者宜之。若脉虚者，则宜熟地黄，假火力蒸九数，故能补肾中元气。仲景八味丸以之为诸药之首，天一所生之源也。汤液四物汤治藏血之脏，以之为君者，癸乙同归一治也。

时珍曰︰按王硕《易简方》云︰男子多阴虚，宜用熟地黄；女子多血热，宜用生地黄。

又云︰生地黄能生精血，天门冬引入所生之处；熟地黄能补精血，用麦门冬引入所补之处。

虞搏《医学正传》云︰生地黄生血，而胃气弱者服之，恐妨食；熟地黄补血，而痰饮多者服之，恐泥膈。或云︰生地黄酒炒则不妨胃，熟地黄姜汁炒则不泥膈。此皆得用地黄之精微者也。

颂曰︰崔元亮《海上方》︰治一切心痛，无问新久。以生地黄一味，随人所食多少，捣绞取汁，搜面作患此病二年，深以为恨，临终戒其家人，吾死后当剖去病本。从其言果得虫，置于竹节中，每所食皆饲之。因食地黄 亦与之，随即坏烂。由此得方。刘禹锡《传信方》亦纪其事云︰贞元十年，通事舍人崔抗女，患心痛垂绝，遂作地黄冷淘食，便吐一物，可方寸匕，状如蛤蟆，无足目，似有口，遂愈。冷淘勿著","熟地黃（地黃）
【氣味】味甘，性微溫。
【毒性】無毒。
【歸經】歸肝、腎經。
【主治】補血滋陰，益精填髓。
【釋名】芐（音戶《別錄》）、芑（音起《別錄》）...","PREPARED REHMANNIA ROOT

[Taste and nature] Sweet; slightly warm.

[Toxicity] Recorded as non-toxic.

[Channels] Liver and Kidney.

[Actions] Nourishes blood and Yin; enriches essence and fills the marrow.

[Names and origins]

Prepared Rehmannia Root is prepared from Di Huang through repeated steaming and drying.

Older names shared with Rehmannia include Hu, Qi and Di Sui.

Historical texts also judged raw roots partly by whether they sank in water, with sinking roots considered superior.

[Historical commentary]

Yuansu clearly distinguishes raw and prepared forms: raw Di Huang is very cold and cools the blood, while prepared Di Huang becomes mildly warm and is used to nourish the Kidney when blood and essence are depleted.

Haogu likewise recommends Fresh Rehmannia Root for exuberant Heat with strong pulses and Prepared Rehmannia Root for deficiency with weak pulses.

Prepared Rehmannia is a central herb in classical formulas such as Eight-Ingredient Pill and Four-Substance Decoction, reflecting its major role in nourishing Kidney essence and Liver blood.

Shizhen cites older distinctions between generating fresh blood with Fresh Rehmannia Root and replenishing depleted blood and essence with Prepared Rehmannia Root.

Yu Bo cautions that Fresh Rehmannia Root may burden a weak Stomach because of its cold nature, while Prepared Rehmannia Root may feel cloying in people with abundant phlegm and retained fluids.

Traditional processing with wine or ginger juice was used to modify these tendencies.

The entry also preserves dramatic old anecdotes about raw Rehmannia for severe chest or Heart pain, but these stories belong to historical case literature rather than modern treatment guidance.","熟地黄（地黄）
【性味】甘、微温。
【毒性】無毒。
【帰経】肝経・腎経に帰する。
【主治】補血滋陰、益精填髄。
【名称の由来】芐（音は戸）・芑（音は起。『名医別録』）、地髄（『神農本草経』）。

大明は生の地黄を水に浸し、浮くものを天黄、半ば浮くものを人黄、沈むものを地黄とし、薬には沈むものが最良、半沈が次、浮くものは不適とする。李時珍は『爾雅』の芐が地黄で、江東の呼び名であり、沈むものが貴ばれるので字に「下」が含まれるという。

【考証】
張元素はいう。生地黄は強い寒性で血を冷やし、血熱に用いる。熟地黄はやや温かく腎を補い、血の衰えに用いる。臍の下の腎経の痛みには熟地黄が欠かせない。

王好古はいう。生地黄は心の熱や手足のほてりを治し、手足の少陰・厥陰に入って腎水を益し心血を冷やす。脈が強く実している人に適する。脈が虚す人には九度蒸した熟地黄で腎の元気を補う。張仲景の八味丸では諸薬の中心、四物湯では肝に蔵される血を治す君薬とする。

李時珍は王碩の『易簡方』を引き、男性の陰虚には熟地黄、女性の血熱には生地黄が適するという。また生地黄は精血を生むので天門冬でその生成部位へ導き、熟地黄は精血を補うので麦門冬で補う部位へ導くとする。虞摶は、生地黄を胃気の弱い人が服すと食欲を妨げ、熟地黄を痰飲の多い人が服すと胸につかえる恐れがあるといい、生品は酒で、熟品は生姜汁で炒るとそれぞれを和らげられるという。

蘇頌は崔元亮の『海上方』を引き、生地黄の汁を粉に混ぜる心痛の処方を紹介するが、原文の製法は途中で途切れ、二年間病を患った人が死後に腹を開かせると虫が見つかり、地黄を与えると崩れたという逸話へ移る。劉禹錫の『伝信方』にも、崔抗の娘が重い心痛で生地黄の冷たい麺を食べた後、蛙に似たものを吐き出して治った話がある。原文は「冷淘に加えてはならない」と続くところで切れている。","숙지황

【성미】단맛, 약간 따뜻하다.

【독성】무독성으로 기록되어 있다.

【귀경】간·신.

【효능】혈과 음을 보하고 정을 풍부하게 하며 골수를 채운다.

【명칭과 기원】

이 약재는 고전 본초서에 여러 이명과 산지가 기록되어 있다. 약용 부위의 형태와 법제 방법에 따라 성질과 작용이 달라질 수 있다.

【고전 해설】

고전 의가들은 숙지황의 성미와 귀경을 바탕으로 위 효능을 설명했다. 임상에서는 병의 한열·허실과 환자의 체질을 살피고, 필요한 경우 다른 약재와 배합하여 사용한다."
UI_BOOK_ENTRY_TITLE_SU_YE,苏叶,蘇葉,Perilla Leaf,蘇葉,소엽
UI_BOOK_ENTRY_BODY_SU_YE,"苏叶（苏）
【气味】味辛，性温。
【毒性】无毒。
【归经】归肺、脾经。
【主治】解表散寒，行气和胃。
【释名】紫苏（《食疗》）、赤苏（《肘后方》）、桂荏（《尔雅》）。

时珍曰︰苏从酥，音酥，舒畅也。苏性舒畅，行气和血，故谓之苏。曰紫苏者，以别白苏也。苏乃荏类，而味更辛如桂，故《尔 雅》谓之桂荏。

【发明】
颂曰︰若宣通风毒，则单用茎，去节尤良。

时珍曰︰紫苏，近世要药也。其味辛，入气分；其色紫，入血分。故同橘皮，砂仁，则行气安胎；同藿香、乌药，则温中止痛；同香附、麻黄，则发汗解肌；同芎 、当归则和血散血；同木瓜、浓朴，则散湿解暑，治霍乱、脚气；同桔梗、枳壳，则利膈宽肠；同杏仁、莱菔子，则消痰定喘也。 久则泄人真气焉。

宗奭曰︰紫苏其气香，其味微辛甘能散。今人朝暮饮紫苏汤，甚无益。医家谓芳草致豪贵之疾者，此有一焉。若脾胃寒人，多致滑泄，往往不觉。","蘇葉（蘇）
【氣味】味辛，性溫。
【毒性】無毒。
【歸經】歸肺、脾經。
【主治】解表散寒，行氣和胃。
【釋名】紫蘇（《食療》）、赤蘇（《肘後方》）、桂荏（...","PERILLA LEAF

[Taste and nature] Acrid; warm.

[Toxicity] Recorded as non-toxic.

[Channels] Lung and Spleen.

[Actions] Releases the exterior and disperses Cold; moves Qi and harmonizes the Stomach.

[Names and origins]

Older names include Zi Su, Chi Su and Gui Ren.

Shizhen links the name Su with the idea of free, comfortable movement. Because the herb moves Qi and harmonizes blood, he considered this meaning appropriate.

The name Zi Su distinguishes purple perilla from pale or white forms.

[Historical commentary]

Song notes that the stem could be used separately when the goal was to promote movement and disperse Wind-related obstruction.

Shizhen calls Zi Su an important contemporary herb. Its acrid flavor acts on Qi, while its purple color was traditionally associated with the blood level.

Combined with Aged Tangerine Peel and Amomum Fruit, it moves Qi and was used in pregnancy formulas. With Patchouli or Lindera Root it warms the middle and relieves pain. With Ephedra Herb or Cyperus Rhizome it assists exterior-releasing treatment.

It was also paired with Sichuan Lovage Rhizome and Chinese Angelica Root for blood movement, with Mu Gua and Magnolia Bark for Dampness and summer disorders, and with Platycodon Root or Mature Bitter Orange for chest and intestinal Qi obstruction.

Shizhen warns that prolonged excessive use may disperse upright Qi.

Zongshi likewise cautions against treating perilla tea as an everyday tonic, especially in people with cold, weak digestion and loose stools.","蘇葉（蘇）
【性味】辛、温。
【毒性】無毒。
【帰経】肺経・脾経に帰する。
【主治】解表散寒、行気和胃。
【名称の由来】紫蘇（『食療本草』）、赤蘇（『肘後方』）、桂荏（『爾雅』）。李時珍は「蘇」は気血をのびやかに巡らせる名で、白蘇と区別して紫蘇と呼び、荏に似て桂のような辛味があるため桂荏とも呼ぶという。

【考証】
蘇頌は風毒を通して散らすなら茎だけを用い、節を除くのがさらによいという。

李時珍はいう。紫蘇は辛味が気分、紫色が血分に入る近世の要薬である。橘皮・砂仁と合わせれば気を巡らせ胎を安定させ、藿香・烏薬なら中を温め痛みを止め、香附・麻黄なら発汗して肌を解き、川芎・当帰なら血を調え散らす。木瓜・厚朴なら湿や暑を散らして霍乱・脚気を治し、桔梗・枳殻なら横隔膜と腸を通し、杏仁・莱菔子なら痰や喘ぎを鎮める。ただし長く服せば真気を漏らす。

寇宗奭はいう。紫蘇は香りがよくやや辛甘で散らすが、朝夕に紫蘇湯を飲み続けるのは益がない。脾胃が冷えた人には下痢を招くこともある。","소엽

【성미】매운맛, 따뜻하다.

【독성】무독성으로 기록되어 있다.

【귀경】폐·비.

【효능】표를 풀고 한을 흩으며 기를 움직여 위를 조화시킨다.

【명칭과 기원】

이 약재는 고전 본초서에 여러 이명과 산지가 기록되어 있다. 약용 부위의 형태와 법제 방법에 따라 성질과 작용이 달라질 수 있다.

【고전 해설】

고전 의가들은 소엽의 성미와 귀경을 바탕으로 위 효능을 설명했다. 임상에서는 병의 한열·허실과 환자의 체질을 살피고, 필요한 경우 다른 약재와 배합하여 사용한다."
UI_BOOK_ENTRY_TITLE_SUAN_ZAO_REN,酸枣仁,酸棗仁,Sour Jujube Seed,酸棗仁,산조인
UI_BOOK_ENTRY_BODY_SUAN_ZAO_REN,"酸枣仁（酸枣）
【气味】味甘、酸，性平。
【毒性】无毒。
【归经】归肝、胆、心经。
【主治】养心补肝，宁心安神，敛汗生津。
【释名】樲（《尔雅》）、山枣（《弘景》）。

【发明】恭曰︰《本经》用实疗不得眠，不言用仁。今方皆用仁。补中益肝，坚筋骨，助阴气，皆酸枣仁之功也。

宗奭曰︰酸枣，《经》不言用仁，而今天下皆用之。

志曰︰按︰《五代史‧后唐》刊石药验云︰酸枣仁，睡多生使，不得睡炒熟。陶云食之醒睡，而《经》云疗不得眠。盖其子肉味酸，食之使不思睡；核中仁服之，疗不得眠。正如麻黄发汗，根节止汗也。

时珍曰︰酸枣实，味酸性收，故主肝病，寒热结气，酸痹久泄，脐下满痛之症。其仁甘而润，故熟用疗胆虚不得眠、烦渴虚汗之症，生用疗胆热好眠，皆足厥阴、少阳药也。今人专以为心家药，殊昧此理。","酸棗仁（酸棗）
【氣味】味甘、酸，性平。
【毒性】無毒。
【歸經】歸肝、膽、心經。
【主治】養心補肝，寧心安神，斂汗生津。
【釋名】樲（《爾雅》）、山棗（...","SOUR JUJUBE SEED

[Taste and nature] Sweet and sour; neutral.

[Toxicity] Recorded as non-toxic.

[Channels] Liver, Gallbladder and Heart.

[Actions] Nourishes the Heart and Liver; calms the spirit; restrains sweating and generates fluids.

[Names and origins]

Older names include Er and Shan Zao.

[Historical commentary]

Gong notes that the earliest text mentions the fruit for insomnia without specifically identifying the kernel, whereas later prescriptions overwhelmingly use the seed kernel.

He attributes strengthening of the middle, Liver support and nourishment of Yin to the kernel.

Later writers tried to reconcile apparently opposite claims that Suan Zao could either promote or reduce sleep.

One traditional distinction held that the sour fruit flesh was more stimulating, while the sweet, moist kernel treated insomnia.

Another processing theory claimed raw kernels were more appropriate for excessive sleep from Gallbladder Heat, while roasted kernels were used for insomnia from Gallbladder deficiency.

Shizhen emphasizes that Sour Jujube Seed should not be understood only as a Heart herb. He places it within the Jueyin and Shaoyang systems as well, linking its sour astringency with the Liver and its sweet, moistening nature with nourishment and calming.","酸棗仁（酸棗）
【性味】甘・酸、平。
【毒性】無毒。
【帰経】肝経・胆経・心経に帰する。
【主治】養心補肝、寧心安神、斂汗生津。
【名称の由来】樲（『爾雅』）、山棗（陶弘景）。

【考証】
蘇恭は、『神農本草経』には不眠に実を用いるとあり、仁とは書かれないが、今の処方は仁を使うという。中を補い肝を養い筋骨を強め陰気を助ける。寇宗奭も同じ違いを指摘する。

志という人は、五代の薬の記録に、生の酸棗仁は眠気の多い人に、炒ったものは眠れない人に使うとあるという。陶弘景は食べると目が覚めるとし、古典は不眠を治すとする。果肉は酸味で眠気を覚まし、種の中の仁は不眠を治す。麻黄の茎が汗を出し根や節が止汗するのと同じである。

李時珍はいう。酸棗の実は酸味で収めるため、肝の病や寒熱の結び、長引く痺れや下痢、臍の下の張りを治す。仁は甘く潤うので、炒ったものは胆虚による不眠、煩いや渇き、虚による汗に、生では胆熱による眠気に用いる。足厥陰・少陽に働くのに心だけの薬とみなすのは誤りだ。","산조인

【성미】단맛·신맛, 평하다.

【독성】무독성으로 기록되어 있다.

【귀경】간·담·심.

【효능】심과 간을 자양하고 정신을 안정시키며 땀을 수렴하고 진액을 만든다.

【명칭과 기원】

이 약재는 고전 본초서에 여러 이명과 산지가 기록되어 있다. 약용 부위의 형태와 법제 방법에 따라 성질과 작용이 달라질 수 있다.

【고전 해설】

고전 의가들은 산조인의 성미와 귀경을 바탕으로 위 효능을 설명했다. 임상에서는 병의 한열·허실과 환자의 체질을 살피고, 필요한 경우 다른 약재와 배합하여 사용한다."
UI_BOOK_ENTRY_TITLE_TAO_REN,桃仁,桃仁,Peach Kernel,桃仁,도인
UI_BOOK_ENTRY_BODY_TAO_REN,"桃仁
【气味】苦、甘，平。
【毒性】小毒
【归经】归心、肝、大肠经。
【主治】活血祛瘀，润肠通便，止咳平喘
【释名】时珍曰︰桃性早花，易植而子繁，故字从木、兆。十亿曰兆，言其多也。或云从兆谐声也。

【发明】
杲曰︰桃仁苦重于甘，气薄味浓，沉而降，阴中之阳，手、足厥阴经血分药也。苦以泄滞血，甘以生新血，故破凝血者用之。其功有四︰治热入血室，一也；泄腹中滞血，二也；除皮肤血热燥痒，三也；行皮肤凝聚之血，四也。

成无己曰︰肝者血之源，血聚则肝气燥。肝苦急，急食甘以缓之。桃仁之甘以缓肝散血，故张仲景抵当汤用之，以治伤寒八、九日，内有畜血，发热如狂，小腹满痛，小便自利者。又有当汗失汗，热毒深入，吐血及血结胸，烦躁谵语者，亦以此汤主之。与虻虫、水蛭、大黄同用。","桃仁
【氣味】苦、甘，平。
【毒性】小毒
【歸經】歸心、肝、大腸經。
【主治】活血祛瘀，潤腸通便，止咳平喘
【釋名】時珍曰︰桃性早花，易植而子繁，故字從木...","PEACH KERNEL

[Taste and nature] Bitter and sweet; neutral.

[Toxicity] Mildly toxic.

[Channels] Heart, Liver and Large Intestine.

[Actions] Invigorates blood and dispels stasis; moistens the intestines and promotes bowel movements; relieves cough and wheezing.

[Names and origins]

Shizhen discusses the written form of the word tao and links it with the peach tree's abundant fruiting and easy cultivation.

[Historical commentary]

Gao: Peach Kernel is more bitter than sweet and has a sinking, downward-moving action. It enters the blood level of the Jueyin systems.

Its bitterness drains stagnant blood, while its sweetness was said to support generation of new blood after stasis is removed.

Gao lists four major actions: treating Heat entering the blood chamber, removing abdominal blood stasis, relieving dry itchy skin associated with blood Heat, and moving stagnant blood in the superficial tissues.

Cheng Wuji explains its role through the Liver's relationship with blood. When blood accumulates and stagnates, Peach Kernel's sweet quality moderates the Liver while its blood-moving action disperses stasis.

Zhang Zhongjing's Appropriate Decoction uses Peach Kernel with strongly stasis-breaking ingredients for severe blood accumulation patterns marked by lower abdominal fullness, agitation and other signs of internal stasis.","桃仁
【性味】苦・甘、平。
【毒性】小毒。
【帰経】心経・肝経・大腸経に帰する。
【主治】活血祛瘀、潤腸通便、止咳平喘。
【名称の由来】李時珍は桃は早く咲き、栽培しやすく実が多いため、木と「兆」から成るという。兆は非常に多い数を表すが、音を借りた字という説もある。

【考証】
李杲はいう。桃仁は甘味より苦味が強く、気が薄く味が濃い。沈んで下へ向かう陰中の陽で、手足厥陰の血分に働く。苦味で滞った血を瀉し、甘味で新しい血を生むので瘀血を除く。熱が血室へ入った病、腹中の滞血、皮膚の血熱による乾燥やかゆみ、皮膚に凝った血を治す四つの用途がある。

成無己はいう。肝は血の源で、血が集まると肝気は急になり乾く。桃仁の甘味は肝を緩め血を散らす。張仲景の抵当湯は傷寒八、九日で内に血がたまり、狂ったように熱を出し下腹が張って痛むが尿は出る場合に用いる。また汗が出るべきときに出ず、熱毒が深く入って吐血や胸中の血の結び、煩躁やうわごとを生じる場合にも用い、虻虫・水蛭・大黄と合わせる。","도인

【성미】쓴맛·단맛, 평하다.

【독성】약간의 독성이 있으므로 용량에 주의하여 사용한다.

【귀경】심·간·대장.

【효능】혈을 움직여 어혈을 풀고 장을 윤택하게 해 배변을 돕는다. 기침과 천식을 줄인다.

【명칭과 기원】

이 약재는 고전 본초서에 여러 이명과 산지가 기록되어 있다. 약용 부위의 형태와 법제 방법에 따라 성질과 작용이 달라질 수 있다.

【고전 해설】

고전 의가들은 도인의 성미와 귀경을 바탕으로 위 효능을 설명했다. 임상에서는 병의 한열·허실과 환자의 체질을 살피고, 필요한 경우 다른 약재와 배합하여 사용한다."
UI_BOOK_ENTRY_TITLE_TIAN_HUA_FEN,天花粉,天花粉,Trichosanthes Root,天花粉,천화분
UI_BOOK_ENTRY_BODY_TIAN_HUA_FEN,"天花粉（栝蒌）
【气味】味甘、微苦，性微寒。
【毒性】无毒。
【归经】归肺、胃经。
【主治】清热泻火，生津止渴，消肿排脓。
【释名】果裸（音裸）、栝蒌（《纲目》）、天瓜（《别录》）、黄瓜（《别录》）、地蒌（《本经》）、泽姑（《别录》）
根名白药（《图经》）、天花粉（《图经》）、瑞雪（《赵宜真》）。

时珍曰︰裸，与蓏同。

许慎云︰木上曰果，地下曰蓏。此物蔓生附木，故得兼名。《诗》云︰果裸之实，亦施于宇，是矣。栝蒌，即果裸二字音转也，亦作𤫱𤬏，后人又转为栝蒌，愈转愈失其真矣。古者瓜姑同音，故有泽姑之名。齐人谓之天瓜，象形也。雷 《炮炙论》，以圆者为栝，长者为蒌，亦出牵强，但分雌雄可也。其根作粉，洁白如雪，故谓之天花粉。苏颂《图经》重出天花粉，谬矣，今削之。

【发明】
恭曰︰用根作粉，洁白美好，食之大宜虚热人。

杲曰︰栝蒌根纯阴，解烦渴，行津液。心中枯涸者，非此不能除。与辛酸同用，导肿气成无己曰︰津液不足则为渴。栝蒌根味苦微寒，润枯燥而通行津液，是为渴所宜也。

时珍曰︰栝蒌根味甘微苦酸。其茎叶味酸。酸能生津，感召之理，故能止渴润枯。微苦降火，甘不伤胃。昔人只言其苦寒，似未深察。","天花粉（栝蔞）
【氣味】味甘、微苦，性微寒。
【毒性】無毒。
【歸經】歸肺、胃經。
【主治】清熱瀉火，生津止渴，消腫排膿。
【釋名】果裸（音裸）、栝蔞（《...","TRICHOSANTHES ROOT

[Taste and nature] Sweet and slightly bitter; slightly cold.

[Toxicity] Recorded as non-toxic.

[Channels] Lung and Stomach.

[Actions] Clears Heat and drains Fire; generates fluids and relieves thirst; reduces swelling and promotes discharge of pus.

[Names and origins]

Older names for the plant include Guo Luo, Gua Lou, Tian Gua, Huang Gua, Di Lou and Ze Gu.

The root was called Bai Yao, Tian Hua Fen and Rui Xue.

Shizhen explains that the powdered root is clean and white like snow, which gave rise to names such as Tian Hua Fen.

[Historical commentary]

Gong praises the white root powder as especially suitable for people with deficiency Heat.

Gao describes the root as strongly Yin in nature and valuable for severe thirst and depletion of body fluids.

Cheng Wuji likewise explains that thirst arises when fluids are insufficient. Trichosanthes Root's slightly bitter, cooling nature moistens dryness and promotes movement of fluids.

Shizhen emphasizes that the root is not simply bitter and cold. It is primarily sweet, slightly bitter and slightly sour.

The sour aspect helps generate fluids, the slight bitterness drains Fire, and the sweetness prevents excessive injury to the Stomach.

This combination explains its traditional use for thirst, dryness and Heat without the harshness of more intensely bitter-cold medicines.","天花粉（栝楼）
【性味】甘・やや苦、微寒。
【毒性】無毒。
【帰経】肺経・胃経に帰する。
【主治】清熱瀉火、生津止渇、消腫排膿。
【名称の由来】果裸（音は裸）、栝楼（『本草綱目』）、天瓜・黄瓜・沢姑（『名医別録』）、地楼（『神農本草経』）。根は白薬・天花粉（『図経本草』）、瑞雪（趙宜真）という。

李時珍はいう。「裸」は「蓏」と同じで、許慎は木の上に実るものを果、地に生じるものを蓏という。この植物はつるが木に絡むため両方を名に含む。『詩経』に果裸の実が家の軒まで伸びるとある。栝楼は果裸の音が変わったもので、表記が重ねて変わり元の姿から離れた。昔は瓜と姑が同音だったので沢姑とも呼び、斉では形から天瓜と呼ぶ。雷斅が丸いものを栝、長いものを楼とするのはこじつけで、雌雄で分ければよい。根を粉にすると雪のように白いので天花粉といい、蘇頌の『図経』が別項目にしたのは誤りなので統合する。

【考証】
蘇恭は、根を白い粉にして食べると虚熱の人によいという。李杲は栝楼の根は陰性で、煩いや渇きを除き津液を巡らせ、心中の乾きを潤すという。辛酸の薬と合わせて腫れの気を導くとの記述に続くが、原文はそこで別の引用に移る。成無己は、津液の不足による渇きに、やや寒く苦い根で乾きを潤して津液を通すと説く。

李時珍はいう。根は甘くやや苦酸、茎葉は酸味で、酸は津液を生じるので渇きを止め乾きを潤す。微苦は火を下げ、甘味は胃を傷めない。古人が苦寒とのみ記したのは味を十分に吟味していない。","천화분

【성미】단맛·약간 쓴맛, 약간 차다.

【독성】무독성으로 기록되어 있다.

【귀경】폐·위.

【효능】열을 내리고 화를 사하며 진액을 만들어 갈증을 줄인다. 부기를 줄이고 고름 배출을 돕는다.

【명칭과 기원】

이 약재는 고전 본초서에 여러 이명과 산지가 기록되어 있다. 약용 부위의 형태와 법제 방법에 따라 성질과 작용이 달라질 수 있다.

【고전 해설】

고전 의가들은 천화분의 성미와 귀경을 바탕으로 위 효능을 설명했다. 임상에서는 병의 한열·허실과 환자의 체질을 살피고, 필요한 경우 다른 약재와 배합하여 사용한다."
UI_BOOK_ENTRY_TITLE_TIAN_MEN_DONG,天门冬,天門冬,Asparagus Root,天門冬,천문동
UI_BOOK_ENTRY_BODY_TIAN_MEN_DONG,"天门冬
【气味】味甘、苦，性寒。
【毒性】无毒。
【归经】归肺、肾经。
【主治】养阴润燥，清肺生津。
【释名】虋冬（音门《尔雅》）、颠勒（《本经》）、天棘（《纲目》）、万岁藤（《救荒》）。

禹锡曰︰按︰《尔雅》云︰蔷蘼，虋冬。注云︰门冬也，一名满冬。《抱朴子》云︰一名颠棘，或名地门冬，或名筵门冬。在东岳名淫羊藿；在中岳名天门冬；在西岳名管松；在北岳，名无不愈；在南岳名百部；在京陆山阜名颠棘；在越人，名浣草。虽处处有之，其名不同，其实一也。别有百部草，其根有百许如一，而苗小异，其苗似菝 ，惟可治咳，不中服食，须分别之。

时珍曰︰草之茂者为 ，俗作门。此草蔓茂，而功同麦门冬，故曰天门冬，或曰天棘。《尔雅》云︰髦，颠棘也。因其细叶如髦，有细棘也。颠、天，音相近也。按︰《救荒本草》云︰俗名万岁藤，又名娑萝树。其形与治肺之功颇同百部，故亦名百部也。蔷蘼乃营实苗，而《尔雅》指为虋冬，盖古书错简也。

【发明】
权曰︰天门冬冷而能补，患人体虚而热者，宜加用之。和地黄为使，服之耐老头不白。

宗奭曰︰治肺热之功为多。其味苦，专泄而不专收，寒多人禁服之。

元素曰︰苦以泄滞血，甘以助元气，及治血妄行，此天门冬之功也。保定肺气，治血热侵肺，上气喘促，宜加人参、黄耆为主，用之神效。

嘉谟曰︰天、麦门冬并入手太阴，祛烦解渴，止咳消痰。而麦门冬兼行手少阴，清心降火，使肺不犯邪，故止咳立效。天门冬复走足少阴，滋肾助元，全其母气，故消痰殊功。盖肾主津液，燥则凝而为痰，得润剂则化，所谓治痰之本也。

好古曰︰入手太阴、足少阴经。营卫枯涸，宜以湿剂润之。二门冬、人参、五味、枸杞子同为生脉之剂，此上焦独取寸口之意。

赵继宗曰︰五药虽为生脉之剂，然生地黄、贝母为天门冬之使；地黄、车前，为麦门冬之使；茯苓，为人参之使。若有君无使，是独行无功也。故张三丰与胡KT 尚书长生不方，用天门冬三斤，地黄一斤， 乃有君而有使也。

禹锡曰︰《抱朴子》言︰入山便可以天门冬蒸煮，啖之，取足以断谷。若有力可饵之，或作散、酒服，或捣汁作液、膏服。至百日丁壮兼倍，快于术及黄精也。二百日强筋髓，驻颜色。与炼成松脂同蜜丸服，尤善。杜紫微服之，御八十外家，一百四十岁，日行三百里。

慎微曰︰《列仙传》云︰赤须子食天门冬，齿落更生，细发复出。太原甘始服天门冬，在人间三百馀年。《圣化经》云︰以天门冬、茯苓等分，为末，日服方寸匕。则不畏寒，大寒时单衣汗出也。

时珍曰︰天门冬清金降火，益水之上源，故能下通肾气，入滋补方，合群药用之有效。若脾胃虚寒人，单饵既久，必病肠滑，反成痼疾。此物性寒而润，能利大肠故也。","天門冬
【氣味】味甘、苦，性寒。
【毒性】無毒。
【歸經】歸肺、腎經。
【主治】養陰潤燥，清肺生津。
【釋名】虋冬（音門《爾雅》）、顛勒（《本經》）、天棘...","ASPARAGUS ROOT

[Taste and nature] Sweet and bitter; cold.

[Toxicity] Recorded as non-toxic.

[Channels] Lung and Kidney.

[Actions] Nourishes Yin and moistens dryness; clears the Lung and generates fluids.

[Names and origins]

Older names include Men Dong, Dian Le, Tian Ji and Wan Sui Teng.

Classical texts record many regional names, some of which were also used for entirely different plants.

Shizhen therefore carefully distinguishes Tian Men Dong from Bai Bu and other similarly named herbs.

[Historical commentary]

Quan: Asparagus Root is cooling yet nourishing and is particularly suitable when deficiency is accompanied by Heat.

Zongshi emphasizes its ability to clear Lung Heat but warns that its cold nature is unsuitable for people with pronounced internal Cold.

Yuansu attributes to it both nourishing and draining qualities: bitterness clears pathological Heat while sweetness supports Qi and fluids.

Jiamo compares Asparagus Root with Ophiopogon Tuber. Both nourish the Lung, relieve thirst and transform phlegm, but Ophiopogon Tuber also clears the Heart, while Asparagus Root more strongly reaches the Kidney.

Because the Kidney governs fluids, nourishing Kidney Yin helps address the root of dryness-related phlegm.

Haogu groups Asparagus Root with Ophiopogon Tuber, Ginseng Root, Schisandra Fruit and Goji Berry in formulas intended to preserve Qi and fluids.

Daoist texts greatly exaggerated its reputation, claiming extraordinary longevity, renewed teeth and hair and near-superhuman endurance from prolonged use.

Shizhen preserves these stories but ends with a practical caution: because Asparagus Root is cold and moistening, prolonged use in people with weak, cold digestion may cause chronic loose stools.","天門冬
【性味】甘・苦、寒。
【毒性】無毒。
【帰経】肺経・腎経に帰する。
【主治】養陰潤燥、清肺生津。
【名称の由来】虋冬（音は門。『爾雅』）、顛勒（『神農本草経』）、天棘（『本草綱目』）、万歳藤（『救荒本草』）。

蘇禹錫は『爾雅』や『抱朴子』にある満冬、顛棘、地門冬、筵門冬などの名を挙げる。各山岳では淫羊藿、天門冬、管松、無不愈、百部などとも呼ぶとされるが、別に百部という草もあり、根や苗が異なり咳を治すだけで服食には向かないので区別すべきだという。李時珍は繁るつると麦門冬に似た働きから天門冬、細い棘状の葉から天棘と呼ぶと考える。万歳藤・娑羅樹の名もあり、百部と姿や肺への働きが似るため同名になる。『爾雅』で蔷蘼と虋冬を混同するのは古い書の錯簡だろうという。

【考証】
甄権は冷やしながら補うので、虚して熱のある人に地黄と合わせるとよいという。寇宗奭は肺熱に働くが、苦味で瀉す力が強く、寒がりの人には禁ずるという。張元素は苦味で滞血を除き甘味で元気を養い、肺を熱した血が喘ぎを招く場合に人参・黄耆を添えるとよいという。

嘉謨はいう。天門冬と麦門冬はともに手太陰へ入り、煩いと渇きを除き、咳や痰を治す。麦門冬はさらに手少陰へ行き、心火を清め肺を守って咳を止める。天門冬は足少陰へも入り、腎を潤して元気を養い、津液不足から生じる痰を根本から解く。王好古は営衛の乾きを潤すため、両門冬・人参・五味子・枸杞子を脈を養う薬とする。

趙継宗は、この五薬にも使薬が要り、生地黄・貝母は天門冬、地黄・車前子は麦門冬、茯苓は人参を導くという。張三豊が尚書に伝えた長生きの処方にも天門冬三斤、地黄一斤があるとするが、原文の尚書の名には欠字がある。

蘇禹錫は『抱朴子』を引き、天門冬を蒸し煮して穀物の代わりに食べ、散剤や酒、汁を煮詰めた膏にもするといい、長く服せば力と髄が増し、松脂や蜜と合わせる方法や長寿の逸話を記す。唐慎微も『列仙伝』などの歯や髪が戻り、長年生きるという伝承を挙げ、天門冬と茯苓を等量粉にしたものを毎日方寸匕飲むという。

李時珍はいう。天門冬は肺を清め火を下げ、水の上流を益して腎気へ通じる。滋補の処方にほかの薬と合わせれば働くが、脾胃が虚寒の人が単独で長く服せば腸が緩み、慢性の病を招く。寒く潤って大腸を通すためである。","천문동

【성미】단맛·쓴맛, 차다.

【독성】무독성으로 기록되어 있다.

【귀경】폐·신.

【효능】음을 보하고 건조함을 윤택하게 하며 폐를 맑히고 진액을 만든다.

【명칭과 기원】

이 약재는 고전 본초서에 여러 이명과 산지가 기록되어 있다. 약용 부위의 형태와 법제 방법에 따라 성질과 작용이 달라질 수 있다.

【고전 해설】

고전 의가들은 천문동의 성미와 귀경을 바탕으로 위 효능을 설명했다. 임상에서는 병의 한열·허실과 환자의 체질을 살피고, 필요한 경우 다른 약재와 배합하여 사용한다."
UI_BOOK_ENTRY_TITLE_TU_SI_ZI,菟丝子,菟絲子,Cuscuta Seed,菟絲子,토사자
UI_BOOK_ENTRY_BODY_TU_SI_ZI,"菟丝子
【气味】甘，温。
【毒性】无毒。
【归经】归 肝、肾、脾经。
【主治】补肾益精，养肝明目，止泻，安胎。
【释名】菟缕（《别录》）、菟蔂（《别录》）、菟芦（《本经》）、菟丘（《广雅》）、赤网（《别录》）、玉女（《尔雅》）、唐蒙（《尔雅》）、火焰草（《纲目》）、野狐丝（《纲目》）、金线草（《纲目》）。

禹锡曰︰按《吕氏春秋》云︰或谓菟丝无根也。其根不属地，茯苓是也。《抱朴子》云︰菟丝之草，下有伏菟之根。无此菟，则丝不得生于上，然实不属也。伏菟抽则菟丝死。又云︰菟丝初生之根，其形似兔握，故割其血以和丹服，立能变化。则菟丝之名因此也。

弘景曰︰旧言下有茯苓，上有菟丝，不必尔也。

颂曰︰《抱朴》所说今未见，岂别一类乎？孙炎释《尔雅》云︰唐也，蒙也，女萝也，菟丝也，一物四名，而本草唐蒙为一名。《诗》云︰茑与女萝。毛苌云︰女萝，菟丝也。而本草菟丝无女萝之名，惟松萝一名女萝。岂二物皆是寄生同名，而本草脱漏乎？

震亨曰︰菟丝未尝与茯苓共类，女萝附松而生，不相关涉，皆承讹而言也。

时珍曰︰《毛诗》注女萝即菟丝。《吴普本草》菟丝一名松萝。陆佃言︰在木为女萝，在草为菟丝，二物殊别，皆由《尔雅》释《诗》误以为一物故也。张揖《广雅》云︰菟丘，菟丝也。女萝，松萝也。陆玑《诗疏》言︰菟丝蔓草上，黄赤如金；松萝蔓松上，生枝正青，无杂蔓者，皆得之。详见木部松萝下。又菟丝茯苓说，见茯苓下。

【发明】𢽾曰︰菟丝子禀中和凝正阳气，一茎从树感枝而成，从中春上阳结实，故偏补人卫气，助人筋脉。

颂曰︰《抱朴子》仙方单服法︰取实一斗，酒一斗浸，曝干再浸又曝，令酒尽乃止，捣筛。每酒服二钱，日二服。此药治腰膝去风，兼能明目。久服令人光泽，老变为少。十日外，饮啖如汤沃雪也。","菟絲子
【氣味】甘，溫。
【毒性】無毒。
【歸經】歸 肝、腎、脾經。
【主治】補腎益精，養肝明目，止瀉，安胎。
【釋名】菟縷（《別錄》）、菟虆（《別錄》）...","CUSCUTA SEED

[Taste and nature] Sweet; warm.

[Toxicity] Recorded as non-toxic.

[Channels] Liver, Kidney and Spleen.

[Actions] Tonifies the Kidney and enriches essence; nourishes the Liver and benefits the eyes; stops diarrhea; calms the fetus.

[Names and origins]

Older names include Tu Lü, Tu Lei, Tu Lu, Tu Qiu, Chi Wang, Yu Nü, Tang Meng, Huo Yan Cao, Ye Hu Si and Jin Xian Cao.

Classical authors debated the parasitic plant's relationship with Poria and with another epiphyte called Nü Luo.

Shizhen concludes that many earlier identifications resulted from confusion between different parasitic plants.

[Historical commentary]

Xiao describes Cuscuta Seed as receiving balanced Yang Qi and supporting defensive Qi and the sinews.

Song preserves a Daoist preparation in which the seeds were repeatedly soaked in wine and dried before being powdered.

This was traditionally used for weakness and pain of the lower back and knees and for poor vision.

Longevity writings claimed that prolonged use improved complexion and reversed aging.

These claims belong to historical tonic folklore, but they reflect the herb's established reputation for strengthening the Liver and Kidney, supporting essence and securing chronic leakage.","菟絲子（菟糸子）
【性味】甘、温。
【毒性】無毒。
【帰経】肝経・腎経・脾経に帰する。
【主治】補腎益精、養肝明目、止瀉、安胎。
【名称の由来】菟縷・菟蔂・赤網（『名医別録』）、菟蘆（『神農本草経』）、菟丘（『広雅』）、玉女・唐蒙（『爾雅』）、火焰草・野狐糸・金線草（『本草綱目』）。

蘇禹錫は、『呂氏春秋』『抱朴子』が菟糸の下には茯苓のような「伏菟」があり、これを抜けば菟糸が枯れると伝えるという。また初生の根が兎の形をしていたことから名づけたという説もある。陶弘景は茯苓の上に必ず菟糸が生えるわけではないという。蘇頌は、唐蒙・女蘿・菟糸を同じものとする古い書と、松蘿を女蘿とする本草の食い違いを挙げる。朱震亨は菟糸と茯苓、菟糸と松蘿を結びつけるのは誤伝だとする。李時珍は、草に絡む黄赤のつるが菟糸、松に絡む青いつるが松蘿で、古典の注釈が両者を混同したと説明する。菟糸と茯苓の伝承は茯苓の項も参照する。

【考証】
雷斅はいう。菟糸子は中庸の気と正陽を受けて実り、衛気を補い筋脈を助ける。蘇頌は『抱朴子』の服食法を引き、実一斗を酒一斗に浸して干し、酒がなくなるまで繰り返して粉にし、酒で二銭を一日二回飲むと記す。腰膝の風を除き目を明らかにし、長く服せば肌つやがよくなり若返るという伝承である。","토사자

【성미】단맛, 따뜻하다.

【독성】무독성으로 기록되어 있다.

【귀경】간·신·비.

【효능】신을 보하고 정을 풍부하게 하며 간과 눈을 돕는다. 설사를 멎게 하고 태를 안정시킨다.

【명칭과 기원】

이 약재는 고전 본초서에 여러 이명과 산지가 기록되어 있다. 약용 부위의 형태와 법제 방법에 따라 성질과 작용이 달라질 수 있다.

【고전 해설】

고전 의가들은 토사자의 성미와 귀경을 바탕으로 위 효능을 설명했다. 임상에서는 병의 한열·허실과 환자의 체질을 살피고, 필요한 경우 다른 약재와 배합하여 사용한다."
UI_BOOK_ENTRY_TITLE_WU_LING_ZHI,五灵脂,五靈脂,Trogopterus Dung,五霊脂,오령지
UI_BOOK_ENTRY_BODY_WU_LING_ZHI,"五灵脂
【气味】味甘、苦、咸，性温。
【毒性】无毒
【归经】归肝经。
【主治】活血止痛，化瘀止血。
【释名】鹖鴠、独舂。屎名五灵脂。

时珍曰：杨氏《丹铅录》谓寒号虫即鹖鴠，今从之。鹖鴠，《诗》作盍旦，《礼》作曷旦，《说文》作䳚鴠，《广志》作侃旦，《唐诗》作渴旦，皆随义借名耳。扬雄《方言》云：鹖鴠，自关而西谓之鹖鴠；自关而东谓之城旦，亦曰倒悬。周、魏、宋、楚谓之独舂。郭璞云：鹖鴠，夜鸣求旦之鸟。夏月毛盛，冬月裸体，昼夜鸣叫，故曰寒号，曰鹖旦。古刑有城旦舂，谓昼夜舂米也。故又有城旦、独舂之名。《月令》云：仲冬，曷旦不鸣。盖冬至阳生渐暖故也。其屎名五灵脂者，谓状如凝脂而受五行之灵气也。

【发明】
宗奭曰︰五灵脂引经有功，不能生血，此物入肝最速也。尝有人病目中翳。往来不定，此乃血所病也。肝受血则能视，目病不治血，为背理也。用五灵脂之药而愈。又有人被毒蛇所伤，良久昏愦。一老僧以酒调药二钱灌之，遂苏。仍以滓敷咬处，少顷复灌二钱，其苦皆去。问之，乃五灵脂一两，雄黄半两，同为末耳。其后有中蛇毒者，用之咸效。

时珍曰︰五灵脂，足厥阴肝经药也。气味俱浓，阴中之阴，故入血分。肝主血，诸痛皆属于木，诸虫皆生于风；故此药能治血病，散血和血而止诸痛。治惊痫，除疟痢，消积化痰，疗疳杀虫，治血痹、血眼诸症，皆属肝经也。失笑散，不独治妇人心痛血痛；凡男女老幼，一切心腹、胁肋、少腹痛，疝气，并胎前产后，血气作痛，及血崩经溢，百药不效者，俱能奏功。屡用屡验，真近世神方也。又案︰李仲南云︰五灵脂治崩中，非只治血之药，乃去风之剂。风，动物也，冲任经虚，被风伤袭营血，以致崩中暴下，与荆芥、防风治崩义同。方悟古人识见，深奥如此。此亦一说，但未及肝血虚滞，亦自生风之意。","五靈脂
【氣味】味甘、苦、咸，性溫。
【毒性】無毒
【歸經】歸肝經。
【主治】活血止痛，化瘀止血。
【釋名】鶡鴠、獨舂。屎名五靈脂。

時珍曰：楊氏《丹鉛...","TROGOPTERUS DUNG

[Taste and nature] Sweet, bitter and salty; warm.

[Toxicity] Recorded as non-toxic.

[Channel] Liver.

[Actions] Invigorates blood and relieves pain; transforms stasis and stops bleeding.

[Names and origins]

The name Wu Ling Zhi refers to the dried fecal material of an animal historically called He Dan or Han Hao.

Shizhen records numerous regional and literary names for the animal and explains the medicinal name as referring to droppings that resemble congealed fat and were poetically said to contain the essence of the five phases.

[Historical commentary]

Zongshi says Trogopterus Dung reaches the Liver rapidly and is especially effective for blood disorders, though it does not generate new blood.

He records an eye disorder attributed to blood stagnation that reportedly improved after treatment with Trogopterus Dung.

Older texts also preserve emergency folk use with Xiong Huang after snakebite, but this is historical practice rather than modern first aid.

Shizhen classifies Trogopterus Dung as a Liver and blood-level medicine. Because the Liver governs blood, he uses it for pain and disorders associated with blood stasis.

He especially praises Sudden Smile Powder, a classic formula containing Trogopterus Dung for abdominal, chest, rib and lower abdominal pain attributed to blood stasis.

The herb was also historically used in abnormal uterine bleeding, postpartum pain and other blood-stasis patterns, reflecting its combination of blood-moving and hemostatic actions.","五霊脂
【性味】甘・苦・鹹、温。
【毒性】無毒。
【帰経】肝経に帰する。
【主治】活血止痛、化瘀止血。
【名称の由来】動物を鹖鴠・独舂、その糞を五霊脂という。

李時珍は楊氏の『丹鉛録』に従い寒号虫と鹖鴠を同一視し、古書や地方によって盍旦・曷旦・䳚鴠・侃旦・渇旦・城旦・倒懸・独舂などと呼ばれるという。夜に鳴いて朝を求め、夏は毛が多く冬は裸となるため寒号と名づけられた。城旦舂という刑罰名との連想もある。糞が固まった脂に似て五行の霊気を受けるため五霊脂という。

【考証】
寇宗奭はいう。五霊脂は経へ薬を導き、特に肝へ速く入るが血を新たに生むわけではない。目の翳が場所を変えて現れる人に血を治す薬として用い効いた。毒蛇に噛まれて意識がぼんやりした人には、五霊脂一両と雄黄半両の粉末二銭を酒で飲ませ、残りを傷に塗り、さらに二銭を飲ませて治った例も挙げる。

李時珍はいう。足厥陰肝経の血分に入る。肝は血をつかさどり、痛みは木に、虫は風に関わるので、血を巡らせ諸痛を止め、驚癇・瘧・痢疾・積滞・痰・疳・虫・目の血の病などを治す。失笑散は女性の心痛や血痛だけでなく、男女や年齢を問わず胸腹・脇・下腹の痛み、疝気、妊娠前後の気血の痛み、子宮出血や過多月経にも使えるという。李仲南は、子宮出血には血だけでなく風を除くためで、荊芥・防風と同じ考え方だとする。李時珍は、肝血の虚滞自体が風を生む点も考えるべきだと補う。","오령지

【성미】단맛·쓴맛·짠맛, 따뜻하다.

【독성】무독성으로 기록되어 있다.

【귀경】간.

【효능】혈을 움직여 통증을 줄이고 어혈을 변화시키며 출혈을 멎게 한다.

【명칭과 기원】

이 약재는 고전 본초서에 여러 이명과 산지가 기록되어 있다. 약용 부위의 형태와 법제 방법에 따라 성질과 작용이 달라질 수 있다.

【고전 해설】

고전 의가들은 오령지의 성미와 귀경을 바탕으로 위 효능을 설명했다. 임상에서는 병의 한열·허실과 환자의 체질을 살피고, 필요한 경우 다른 약재와 배합하여 사용한다."
UI_BOOK_ENTRY_TITLE_WU_TOU,乌头,烏頭,Aconite Root,烏頭,오두
UI_BOOK_ENTRY_BODY_WU_TOU,"乌头（川乌，草乌）
【气味】味辛、苦，性热。
【毒性】大毒（草乌毒烈更甚）。
【归经】归心、肝、肾、脾经。
【主治】祛风除湿，温经止痛。
【释名】
[川乌]
时珍曰︰初种为乌头，象乌之头也。附乌头而生者为附子，如子附母也。乌头如芋魁，附子如芋子，盖一物也。别有草乌头、白附子，故俗呼此为黑附子，川乌头以别之。诸家不分乌头有川、草两种，皆混杂注解，今悉正之。

[草乌]
乌喙（《本经》，即两头尖）、草乌头（《纲目》）、土附子（《日华》）、奚毒（《本经》）、耿子（《吴普》）、毒公（《吴普》。又名帝秋)、金鸦（《纲目》）、苗名茛（音艮）、芨（音及）、堇（音近）、独白草（《拾遗》）、鸳鸯菊（《纲目》）、汁煎名射罔

普曰︰乌头，形如乌之头也。有两歧相合如乌之喙者，名曰乌喙。喙即乌之口也。

恭曰︰乌喙，即乌头异名也。此有三歧者，然两歧者少。若乌头两歧名乌喙，则天雄、附子之两歧者，复何以名之？

时珍曰︰此即乌头之野生于他处者，俗谓之草乌头，亦曰竹节乌头，出江北者曰淮乌头，《日华子》所谓土附子者是也。乌喙，即偶生两歧者，今俗呼为两头尖，因形而名，其实乃一物也。附子、天雄之偶生两歧者，亦谓之乌喙，功亦同于天雄，非此乌头也。苏恭不知此义，故反疑之。草乌头取汁，晒为毒药，射禽兽，故有射罔之称。《后魏书》言︰辽东塞外秋收乌头为毒药射禽兽，陈藏器所引《续汉五行志》，言西国生独白草，煎为药，敷箭射人即死者，皆此乌头，非川乌头也。《菊谱》云︰鸳鸯菊，即乌喙苗也。

【发明】
[川乌]
宗奭曰︰补虚寒须用附子，风家即多用天雄，大略如此。其乌头、乌喙、附子，则量其材而用之。时珍曰︰按王氏《究原方》云︰附子性重滞，温脾逐寒。川乌头性轻疏，温脾去风。若是寒疾即用附子；风疾即用川乌头。一云︰凡人中风，不可先用风药及乌附。 若先用气药，后用乌附乃宜也。又凡用乌、附药，并宜冷服者，热因寒用也。盖阴寒在下，虚阳上浮。治之以寒，则阴气益甚而病增；治之以热，则拒格而不纳。热药冷冻饮料，下嗌之后，冷体既消，热性便发，而病气随愈。不违其情，而致大益，此反治之妙也。昔张仲景治寒疝 内结，用蜜煎乌头。《近效方》治喉痹，用蜜炙附子，含之咽汁。朱丹溪治疝气，用乌头、栀子。并热因寒用也。李东垣治冯翰林侄阴盛格阳伤寒，面赤目赤，烦渴引饮，脉来七、八至，但按之则散。用姜附东加人参，投半斤服之，得汗而愈。此则神圣之妙也。 吴绶曰︰附子乃阴证要药。凡伤寒传变三阴，及中寒夹阴，虽身大热而脉沉者，必用之。或厥冷腹痛，脉沉细，甚则唇青囊缩者，急须用之，有退阴回阳之力，起死回生之功。近 世阴证伤寒，往往疑似，不敢用附子，直待阴极阳竭而用之，已迟矣。且夹阴伤寒，内外皆阴，阳气顿衰。必须急用人参，健脉以益其原；佐以附子，温经散寒。舍此不用，将何以救 之？

刘完素曰︰俗方治麻痹多用乌附，其气暴能冲开道路，故气愈麻；及药气尽而正气行，则麻病愈矣。

张元素曰︰附子以白术为佐，乃除寒湿之圣药。湿药宜少加之引经。又益火之原，以消阴翳，则便溺有节，乌、附是也。 虞抟曰︰附子禀雄壮之质，有斩关夺将之气。能引补气药行十二经，以追复散失之元阳；引 补血药入血分，以滋养不足之真阴；引发散药开腠理，以驱逐在表之风寒；引温暖药达下焦，以祛除在里之冷湿。

震亨曰︰气虚热甚者，宜少用附子，以行参 。肥人多湿，亦宜少加乌、附行经。仲景八味丸，用为少阴响导，其补自是地黄，后世因以附子为补药，误矣。附子走而不守，取其健悍 走下之性，以行地黄之滞，可致远尔。乌头、天雄皆气壮形伟，可为下部药之佐；无人表其害人之祸，相习用为治风之药及补药，杀人多矣。 王履曰︰仲景八味丸，盖兼阴火不足者设。钱仲阳六味地黄丸，为阴虚者设。附子乃补阳之药，非为行滞也。

好古曰︰乌、附，非身凉而四肢厥者，不可僭用。服附子以补火，必妨涸水。

时珍曰︰乌、附毒药，非危病不用，而补药中少加引导，其功甚捷。有人才服钱匕，即发燥不堪，而昔人补剂用为常药，岂古今运气不同耶？荆府都昌王，体瘦而冷，无他病。日以附子煎汤饮，兼嚼硫黄，如此数岁。蕲州卫张百户，平生服鹿茸、附子药，至八十馀，康 健倍常。宋张杲《医说》载︰赵知府耽酒色，每日煎干姜熟附汤，吞硫黄金液丹百粒，乃能健啖，否则倦弱不支，寿至九十。他人服一粒即为害。若此数人，皆其脏腑禀赋之偏，服之有益无害，不可以常理概论也。又《琐碎录》言︰滑台风土极寒，民啖附子如啖芋栗。此则地气使然尔。

[草乌]
时珍曰︰草乌头、射罔，乃至毒之药。非若川乌头、附子，人所栽种，加以酿 制，杀其毒性之比。自非风顽急疾，不可轻投。甄权《药性论》言其益阳事，治男子肾气衰弱者，未可遽然也。此类止能搜风胜湿，开顽痰，治顽疮，以毒攻毒而已，岂有川乌头、附子补右肾命门之功哉？吾蕲郝知府自负知医，因病风癣，服草乌头、木鳖子药过多，甫入腹而麻痹，遂至不救，可不慎乎？ 机曰︰乌喙形如乌嘴，其气锋锐。宜其通经络，利关节，寻蹊达径，而直抵病所。煎为射罔，能杀禽兽。非气之锋锐捷利，能如是乎？ 杨清叟曰︰凡风寒湿痹，骨内冷痛，及损伤入骨，年久发痛，或一切阴疽肿毒。并宜草乌头、南星等分，少加肉桂为末，姜汁热酒调涂。未破者能内消，久溃者能去黑烂。二药性味辛烈，能破恶块，逐寒热，遇冷即消，遇热即溃。","烏頭（川烏，草烏）
【氣味】味辛、苦，性熱。
【毒性】大毒（草烏毒烈更甚）。
【歸經】歸心、肝、腎、脾經。
【主治】祛風除濕，溫經止痛。
【釋名】
[川烏...","ACONITE ROOT

[Taste and nature] Acrid and bitter; hot.

[Toxicity] Highly toxic; wild Cao Wu is described as even more toxic.

[Channels] Heart, Liver, Kidney and Spleen.

[Actions] Dispels Wind and Dampness; warms the channels and relieves pain.

[Names and origins]

[Chuan Wu]

Shizhen explains Wu Tou, 'crow's head,' from the shape of the main root. Fu Zi grows attached to it like a child attached to its mother.

He carefully distinguishes cultivated Chuan Wu from wild Cao Wu and from unrelated plants historically called Bai Fu Zi.

[Cao Wu]

Older names include Wu Hui, Cao Wu Tou, Tu Fu Zi, Xi Du, Geng Zi, Du Gong, Jin Ya and others.

Shizhen identifies Cao Wu as the wild form and notes that its juice was historically concentrated into arrow poison, which explains names such as She Wang.

[Historical commentary]

[Chuan Wu]

Zongshi distinguishes related aconite products by use: Prepared Aconite Root for severe deficiency-Cold, while Aconite Root and Tian Xiong were more often used for Wind and painful obstruction.

Shizhen cites the view that Prepared Aconite Root is heavier and better for deep Cold, while Chuan Wu is lighter, more dispersing and better for Wind-Cold pain.

Aconite formulas were sometimes given cool despite containing hot medicines when severe internal Cold caused rejection of hot liquids. This was described as a traditional form of contrary treatment.

Liu Wansu notes the intense penetrating action of Aconite Root and Prepared Aconite Root in severe numbness and obstruction.

Zhenheng and Haogu repeatedly warn against routine use. These are forceful, mobile and toxic medicines and should not be treated as ordinary tonics.

[Cao Wu]

Shizhen is even more explicit about wild Cao Wu: it is extremely poisonous and far harsher than processed cultivated aconite.

He says it should be reserved for severe, stubborn Wind-Cold-Damp obstruction and similar difficult conditions.

He records a fatal poisoning after excessive use of Cao Wu as a warning.

The historical discussion therefore emphasizes both its strong analgesic reputation and its serious toxicity. This is not an herb for self-treatment.","烏頭（川烏・草烏）
【性味】辛・苦、熱。
【毒性】強い毒性。草烏はさらに毒性が強い。
【帰経】心経・肝経・腎経・脾経に帰する。
【主治】祛風除湿、温経止痛。
【名称の由来】
［川烏］
李時珍はいう。最初の親根は烏の頭に似るので烏頭と呼び、そこに子のように付いて育つのが附子である。川烏と草烏、白附子は区別し、古い混同を正す。

［草烏］
烏喙（『神農本草経』。先の二つに分かれたもの）、草烏頭・金鴉・鴛鴦菊（『本草綱目』）、土附子（『日華子本草』）、奚毒・毒公などの異名がある。苗には茛・芨・堇・独白草、汁を煮詰めた毒には射罔の名がある。呉普は二又の形が烏のくちばしに似るという。蘇恭は二又だけを烏喙とする区別に疑問を呈し、李時珍は、草烏は野生の烏頭で竹節烏頭、淮烏頭とも呼ばれ、二又のものが烏喙・両頭尖で同じ植物に属するという。附子・天雄にも二又のものがあるが別物である。草烏の汁は鳥獣を射る毒薬に使われ、古い記録の射罔や独白草の矢毒も川烏ではなく草烏を指す。

【考証】
［川烏］
寇宗奭はいう。虚寒を補うには附子、風の病には天雄を多く使い、烏頭・烏喙・附子はそれぞれに応じて用いる。李時珍は王氏の『究原方』を引く。附子は重く留まり、脾を温め寒を追う。川烏頭は軽く散り、脾を温め風を除く。寒の病には附子、風の病には川烏頭を使う。中風には最初から風薬や烏附を用いず、まず気の薬を使い、後に烏附を用いるという説もある。烏附の薬は冷まして服すのがよいという。下に陰寒があり虚陽が上へ浮く場合、冷薬では陰寒が強まり、熱薬を熱いまま飲むと体が拒む。熱薬を冷まして飲めば、飲み込んだ後で冷たさは消え、熱性が働く。これは反治の妙とされる。張仲景は寒疝に蜜で煎じた烏頭、『近効方』は喉の閉塞に蜜炙した附子を口に含む方法、朱丹溪は疝気に烏頭と梔子を用いた。李杲は陰が盛んで陽が拒まれる傷寒の患者が顔と目が赤く渇き、脈が非常に速いのに押すと散る場合、姜附湯に人参を加え、半斤を服させて発汗後に治したという。

呉綬はいう。附子は陰証の要薬で、傷寒が三陰へ移った場合や内寒を伴い、体が熱くても脈が沈む場合に用いる。手足の冷え、腹痛、細く沈む脈、重ければ唇が青く陰嚢が縮む場合は急いで用い、陰を退け陽を戻す。近ごろは陰証を疑って使うのが遅れがちだという。内外ともに陰で陽気が急に衰えたとき、人参で元を養い、附子で経を温め寒を散らすべきだと説く。

劉完素はいう。しびれに烏頭や附子を用いるのは強い気が道を開くためで、最初はかえってしびれが増しても、薬の気が尽き正気が巡ると治る。張元素は白朮を佐薬とした附子が寒湿を除く要薬で、湿の薬に少量加えて経へ導くといい、火の源を養い陰寒を除けば排泄も整うという。虞摶は、附子は力強く、補気薬を十二経へ導いて失われた元陽を戻し、補血薬を血分へ、発散薬を体表へ、温める薬を下焦へ導くという。

朱震亨はいう。気虚で熱が強い場合や湿の多い肥満の人には、附子や烏頭を少量添えて薬を巡らせることがある。張仲景の八味丸で附子は少陰へ導く役であり、補う主体は地黄である。附子そのものを補薬とみなすのは誤りで、滞らず下へ走る性質で地黄の滞りを動かす。烏頭・天雄を風の治療や補薬として安易に用い、人を害した例も多い。王履はこれに対し、八味丸は陽の火の不足、銭仲陽の六味地黄丸は陰虚に用いるので、附子は陽を補う薬で、単に滞りを動かすためではないという。

王好古は、体が冷え手足が厥冷する人以外には烏附をむやみに用いるべきでなく、附子で火を補えば水を枯らす恐れがあるという。李時珍は、烏附は有毒で重い病でなければ用いないが、補薬に少量加えて導けば速効があるという。少し飲んだだけでひどく乾燥する人もいる一方、附子湯や硫黄を数年続けた痩せて冷える王族、鹿茸・附子を服して八十余歳まで健康だった武官、毎日乾姜・附子と硫黄の丸薬を用いて九十歳まで生きた役人の話もある。ほかの人なら一粒でも害になることがあり、体質の偏りを一律には扱えない。『瑣砕録』には寒さの厳しい滑台で、住民が芋や栗のように附子を食べるとある。土地の気候によるのだろう。

［草烏］
李時珍はいう。草烏頭や射罔は極めて毒性が強く、栽培して加工する川烏頭や附子とは異なり、難治で急な風の病でなければ軽率に使えない。甄権が生殖の力を助け腎気の衰えを治すというのも安易に信じられない。風湿を除き、頑固な痰や瘡を毒で攻める働きはあっても、川烏・附子のように命門を補うものではない。蘄州の郝知府は風癬に草烏頭と木鼈子を過量服用し、すぐに麻痺して亡くなった。王機は、烏喙の鋭い性質が経絡や関節へすばやく達し、射罔にすれば鳥獣を殺すほどだという。楊清叟は風寒湿痺、骨の冷えた痛みや古傷、陰疽などに草烏頭と南星の粉末を等量、肉桂を少量加え、生姜の汁と温めた酒で練って外用する方法を記し、皮膚の状態に応じて働くという。","오두

【성미】매운맛·쓴맛, 뜨겁다.

【독성】독성이 매우 강하며, 초오는 독성이 더욱 강하다. 법제와 용량에 각별히 주의한다.

【귀경】심·간·신·비.

【효능】풍습을 몰아내고 경맥을 따뜻하게 하여 통증을 줄인다.

【명칭과 기원】

이 약재는 고전 본초서에 여러 이명과 산지가 기록되어 있다. 약용 부위의 형태와 법제 방법에 따라 성질과 작용이 달라질 수 있다.

【고전 해설】

고전 의가들은 오두의 성미와 귀경을 바탕으로 위 효능을 설명했다. 임상에서는 병의 한열·허실과 환자의 체질을 살피고, 필요한 경우 다른 약재와 배합하여 사용한다."
UI_BOOK_ENTRY_TITLE_WU_WEI_ZI,五味子,五味子,Schisandra Fruit,五味子,오미자
UI_BOOK_ENTRY_BODY_WU_WEI_ZI,"五味子
【气味】味酸、甘，性温。
【毒性】无毒。
【归经】归肺、心、肾经。
【主治】收敛固涩，益气生津，补肾宁心。
【释名】荎藸 （《尔雅》，音知除）、玄及（《别录》）、会及（《别录》）。

恭曰︰五味，皮、肉甘、酸，核中辛、苦，都有咸味，此则五味具也。《本经》但云味酸，当以木为五行之先也。

【发明】
成无己曰︰肺欲收，急食酸以收之，以酸补之。芍药、五味之酸，以收逆气而安肺。

杲曰︰收肺气，补气不足，升也。酸以收逆气，肺寒气逆，则宜此与干姜同治之。又五味子收肺气，乃火热必用之药，故治嗽以之为君。但有外邪者不可骤用，恐闭其邪气，必先发散而后用之乃良。有痰者，以半夏为佐；喘者，阿胶为佐，但分两少不同耳。

宗奭曰︰今华州以西至秦州多产之。方红熟时，彼人采得，蒸烂，研滤汁，熬成稀膏，量酸甘入蜜炼匀，待冷收器中。肺虚寒人，作汤时时饮之。作果可以寄远。《本经》言其性温，今食之多致虚热，小儿益甚。《药性论》谓其除热气，《日华子》谓其暖水脏、除烦热，后学至此多惑。今既用治肺虚寒，则更不取其除热之说。

震亨曰︰五味大能收肺气，宜其有补肾之功。收肺气，非除热乎？补肾，非暖水脏乎？乃火热嗽必用之药。寇氏所谓食之多致虚热者，盖收补之骤也，何惑之有？又黄昏嗽乃火气浮入肺中，不宜用凉药，宜五味子、五倍子敛而降之。

思邈曰︰五、六月宜常服五味子汤，以益肺金之气，在上则滋源，在下则补肾。其法︰以五味子一大合，木臼捣细，瓷瓶中，以百沸汤投之，入少蜜，封置火边良久，汤成任饮。

元素曰︰孙真人《千金月令》言︰五月常服五味，以补五脏之气。遇夏月季夏之间，困乏无力，无气以动。与黄 、人参、麦门冬，少加黄柏，煎汤服之。使人精神顿加，两足筋力涌出也。盖五味子之酸，辅人参，能泻丙火而补庚金，收敛耗散之气。

好古曰︰张仲景八味丸，用此补肾，亦兼述类象形也。

机曰︰五味治喘嗽，须分南北。生津止渴，润肺补肾，劳嗽，宜用北者；风寒在肺，宜用南者。

慎微曰︰《抱朴子》云︰五味者，五行之精，其子有五味。淮南公羡门子服之十六年，面色如玉女，入水不沾，入火不灼。","五味子
【氣味】味酸、甘，性溫。
【毒性】無毒。
【歸經】歸肺、心、腎經。
【主治】收斂固澀，益氣生津，補腎寧心。
【釋名】荎藸 （《爾雅》，音知除）、玄...","SCHISANDRA FRUIT

[Taste and nature] Sour and sweet; warm.

[Toxicity] Recorded as non-toxic.

[Channels] Lung, Heart and Kidney.

[Actions] Astringes and secures leakage; supports Qi and generates fluids; tonifies the Kidney and calms the Heart.

[Names and origins]

Older names include Zhi Zhu, Xuan Ji and Hui Ji.

Gong explains the name Wu Wei Zi, 'five-flavor fruit,' by saying the skin and flesh are sweet and sour, the seed is acrid and bitter, and a salty quality is also present.

[Historical commentary]

Cheng Wuji: The Lung favors astringency, and sour flavor gathers rebellious Lung Qi. Schisandra Fruit therefore restrains Lung Qi and helps calm cough and wheezing.

Gao says it is especially useful when Lung Qi is deficient and dispersing excessively.

It can be combined with Dried Ginger when Cold causes rebellious Lung Qi, but it should not be used too early when an exterior pathogen is still present, because its astringency may trap the pathogen.

Zhenheng connects its strong Lung-astringing action with Kidney support. In traditional theory, securing Lung Qi helps protect the Kidney and preserve essence.

Sun Simiao recommends it in hot seasons to protect Lung Qi and fluids.

Yuansu describes combinations with Astragalus Root, Ginseng Root and Ophiopogon Tuber for summer fatigue and depletion, with Schisandra Fruit preventing further loss of Qi.

Different regional varieties were historically assigned somewhat different indications for chronic cough, thirst and Kidney deficiency.

Daoist texts also claimed extraordinary longevity effects, but these belong to historical folklore rather than ordinary medical practice.","五味子
【性味】酸・甘、温。
【毒性】無毒。
【帰経】肺経・心経・腎経に帰する。
【主治】収斂固渋、益気生津、補腎寧心。
【名称の由来】荎藸（音は知除。『爾雅』）、玄及・会及（『名医別録』）。蘇恭は皮と果肉は甘酸、種の中は辛苦で鹹味もあり、五味が揃うため名づけられたという。

【考証】
成無己は肺の気を酸味で収め、芍薬や五味子で逆上する気を収めて肺を安定させるという。李杲は肺気の不足を補い、寒による逆上には乾姜と合わせると説く。熱性の咳にも使うが、外からの邪がある場合は先に発散させないと閉じ込める恐れがある。痰には半夏、喘ぎには阿膠を添える。

寇宗奭は、華州以西で熟した赤い実を蒸して汁を濾し、薄い膏に煮詰め、蜜を加えて保存し、肺が虚寒の人に湯で飲ませると記す。一方、多食すれば虚熱を生じるため、除熱とする書との違いに迷いがあるという。朱震亨は肺気を収めることが熱を除き腎を養うことにもつながり、食べすぎによる虚熱は急な収斂のためと説明する。夕方の咳には涼薬でなく五味子や五倍子で収め下げるという。

孫思邈は旧暦五月・六月に五味子湯を飲み、上では肺の源を潤し下では腎を補うという。実一大合を木臼で搗き、熱湯を注いで蜜を少し加え、火のそばに置いて飲む。張元素は夏に疲労が強い場合、黄耆・人参・麦門冬と少量の黄柏を合わせて元気を補うと説く。王好古は八味丸にも用いるという。王機は北方産を津液の不足や虚労の咳に、南方産を肺の風寒に使い分ける。唐慎微は『抱朴子』の長寿の伝承も引く。","오미자

【성미】신맛·단맛, 따뜻하다.

【독성】무독성으로 기록되어 있다.

【귀경】폐·심·신.

【효능】새는 것을 수렴하고 기를 도우며 진액을 만든다. 신을 보하고 심을 안정시킨다.

【명칭과 기원】

이 약재는 고전 본초서에 여러 이명과 산지가 기록되어 있다. 약용 부위의 형태와 법제 방법에 따라 성질과 작용이 달라질 수 있다.

【고전 해설】

고전 의가들은 오미자의 성미와 귀경을 바탕으로 위 효능을 설명했다. 임상에서는 병의 한열·허실과 환자의 체질을 살피고, 필요한 경우 다른 약재와 배합하여 사용한다."
UI_BOOK_ENTRY_TITLE_WU_YAO,乌药,烏藥,Lindera Root,烏薬,오약
UI_BOOK_ENTRY_BODY_WU_YAO,"乌药
【气味】味辛，性温。
【毒性】无毒。
【归经】归肺、脾、肾、膀胱经。
【主治】行气止痛，温肾散寒。
【释名】旁其（《拾遗》）、鳑魮（《纲目》）、矮樟（《纲目》）。

时珍曰︰乌以色名。其叶状似 鲫鱼，故俗呼为 树。《拾遗》作旁其，方音讹也。南人亦呼为矮樟，其气似樟也。

【发明】
宗奭曰︰乌药性和，来气少，走泄多，但不甚刚猛。与沉香同磨作汤点服，治胸腹冷气甚稳当。

时珍曰︰乌药辛温香窜，能散诸气。故《惠民和剂局方》治中风中气诸证，用乌药顺气散者，先疏其气，气顺则风散也。严用和《济生方》治七情郁结，上气喘急，用四磨汤者，降中兼升，泻中带补也。其方以人参、乌药、沉香、槟榔各磨浓汁七分，合煎，细细咽之。

《朱氏集验方》治虚寒小便频数，缩泉丸，用同益智子等分为丸服者，取其通阳明、少阴经也，方见草部益智子下。","烏藥
【氣味】味辛，性溫。
【毒性】無毒。
【歸經】歸肺、脾、腎、膀胱經。
【主治】行氣止痛，溫腎散寒。
【釋名】旁其（《拾遺》）、鰟魮（《綱目》）、矮樟...","LINDERA ROOT

[Taste and nature] Acrid; warm.

[Toxicity] Recorded as non-toxic.

[Channels] Lung, Spleen, Kidney and Bladder.

[Actions] Moves Qi and relieves pain; warms the Kidney and disperses Cold.

[Names and origins]

Older names include Pang Qi, Pang Pi and Ai Zhang.

Shizhen explains the name Wu Yao from the dark color of the root. Southern regions also called it Ai Zhang because its fragrance resembles camphor.

[Historical commentary]

Zongshi: Lindera Root is aromatic, warm and mobile but not excessively harsh. Combined with Agarwood, it was considered a reliable treatment for Cold Qi stagnation in the chest and abdomen.

Shizhen emphasizes its ability to disperse constrained Qi throughout the body.

Lindera Qi-Regulating Powder uses this property to regulate Qi first, on the traditional theory that once Qi moves freely, Wind-related symptoms may also resolve.

Four Milled Herbs Decoction combines Ginseng Root, Lindera Root, Agarwood and Bin Lang for severe Qi constraint with upward rebellion and wheezing. The formula balances descending and supporting actions.

Lindera Root was also paired with Yi Zhi Ren in Secure the Springs Pill for frequent urination attributed to deficiency-Cold, reflecting its traditional relationship with the Kidney and Bladder.","烏薬
【性味】辛、温。
【毒性】無毒。
【帰経】肺経・脾経・腎経・膀胱経に帰する。
【主治】行気止痛、温腎散寒。
【名称の由来】旁其（『本草拾遺』）、鳑魮・矮樟（『本草綱目』）。李時珍は黒い色で名づけられ、葉が魚に似るため俗称があり、香りが樟に似るので南方では矮樟とも呼ぶという。原文の魚と木の俗名には欠字がある。

【考証】
寇宗奭は、烏薬は穏やかで気を補うより滞りを外へ出す働きが強いが、激烈ではないという。沈香とともにすりつぶして湯にし、胸腹の冷えた気に用いる。

李時珍はいう。辛温で香りが巡り、さまざまな滞りを散らす。『和剤局方』の烏薬順気散は中風などでまず気を通し、気が順になれば風も去る。厳用和の『済生方』の四磨湯は七情の鬱結や気の逆上による喘ぎに用い、人参・烏薬・沈香・檳榔をそれぞれ濃い汁七分にすり、合わせて煎じ少しずつ飲む。『朱氏集験方』の縮泉丸は虚寒の頻尿に益智子と等量を合わせ、陽明・少陰経を通じさせる。処方は益智子の項にある。","오약

【성미】매운맛, 따뜻하다.

【독성】무독성으로 기록되어 있다.

【귀경】폐·비·신·방광.

【효능】기를 움직여 통증을 줄이고 신을 따뜻하게 하며 한을 흩는다.

【명칭과 기원】

이 약재는 고전 본초서에 여러 이명과 산지가 기록되어 있다. 약용 부위의 형태와 법제 방법에 따라 성질과 작용이 달라질 수 있다.

【고전 해설】

고전 의가들은 오약의 성미와 귀경을 바탕으로 위 효능을 설명했다. 임상에서는 병의 한열·허실과 환자의 체질을 살피고, 필요한 경우 다른 약재와 배합하여 사용한다."
UI_BOOK_ENTRY_TITLE_XI_XIN,细辛,細辛,Asarum Herb,細辛,세신
UI_BOOK_ENTRY_BODY_XI_XIN,"细辛
【气味】味辛，性温。
【毒性】小毒。
【归经】归肺、肾、心经。
【主治】解表散寒，祛风止痛，通窍，温肺化饮。
【释名】小辛（《本经》）、少辛（《山海经》）。

颂曰：华州真细辛，根细而味极辛，故名之曰细辛。

时珍曰：小辛、少辛，皆此义也。按《山海经》云，浮戏之山多少辛。《管子》云，五沃之土，群药生少辛，是矣。

【发明】
宗奭曰：治头面风痛，不可缺此。

元素曰：细辛气温，味大辛，气浓于味，阳也，升也，入足厥阴、少阴血分，为手少阴引经之药。香味俱细，故入少阴，与独活相类。以独活为使，治少阴头痛如神。亦止诸阳头痛，诸风通用之。味辛而热，温少阴之经，散水气以去内寒。

成无己曰：水停心下不行，则肾气燥，宜辛以润之。细辛之辛，以行水气而润燥。

杲曰：胆气不足，细辛补之。又治邪气自里之表，故仲景少阴证，用麻黄附子细辛汤。

时珍曰：气之浓者能发热，阳中之阳也。辛温能散，故诸风寒、风湿头痛、痰饮、胸中滞气、惊痫者，宜用之。口疮、喉痹、 齿诸病用之者，取其能散浮热，亦火郁则发之之义也。辛能泄肺，故风寒咳嗽上气者，宜用之。辛能补肝，故胆气不足，惊痫眼目诸病，宜用之。辛能润燥，故通少阴及耳窍，便涩者宜用之。

承曰：细辛非华阴者不得为真。若单用末，不可过一钱。多则气闷塞不通者死，虽死无伤。近年开平狱中尝治此，不可不记。非本有毒，但不识多寡耳。","細辛
【氣味】味辛，性溫。
【毒性】小毒。
【歸經】歸肺、腎、心經。
【主治】解表散寒，祛風止痛，通竅，溫肺化飲。
【釋名】小辛（《本經》）、少辛（《山海...","ASARUM HERB

[Taste and nature] Acrid; warm.

[Toxicity] Mildly toxic.

[Channels] Lung, Kidney and Heart.

[Actions] Releases the exterior and disperses Cold; dispels Wind and relieves pain; opens the sensory orifices; warms the Lung and transforms retained fluids.

[Names and origins]

Older names include Xiao Xin and Shao Xin.

Song explains the name Xi Xin, 'fine acrid herb,' from its very slender roots and intensely pungent taste.

[Historical commentary]

Zongshi: Asarum Herb is especially important for Wind-Cold pain of the head and face.

Yuansu describes it as warm, strongly acrid and upward-moving, entering the deeper Yin channels while also guiding medicines toward the Heart system.

Combined with Angelica Pubescens Root, it was traditionally used for Shaoyin headache, and its warming action was used to disperse internal Cold and retained fluids.

Cheng Wuji interprets its pungency as helping move stagnant water and relieve dryness caused by blocked fluid transformation.

Gao cites Ephedra Ephedra, Prepared Aconite and Asarum Decoction as an example of using Asarum Herb when an exterior pathogen coexists with a deep Shaoyin pattern.

Shizhen emphasizes its dispersing action in Wind-Cold, Wind-Damp headache, phlegm-fluid retention and chest Qi obstruction. It was also used for certain mouth, throat and dental disorders through the traditional principle of venting constrained Heat.

Older texts warn strongly against excessive powdered doses, recording severe respiratory distress and death after overdose. The entry therefore treats Asarum Herb as potent and dose-sensitive, not as a casual household herb.","細辛
【性味】辛、温。
【毒性】小毒。
【帰経】肺経・腎経・心経に帰する。
【主治】解表散寒、祛風止痛、通竅、温肺化飲。
【名称の由来】小辛（『神農本草経』）、少辛（『山海経』）。蘇頌は華州の真正品は根が細く非常に辛いので細辛と呼ぶという。李時珍も小辛・少辛は同じ意味だとする。

【考証】
寇宗奭は頭や顔の風による痛みに欠かせないという。張元素は温かく非常に辛く、上昇する陽の薬で、足厥陰・少陰の血分へ入り、手少陰へ導くという。香りと味が細やかなので少陰へ入り、独活と合わせれば少陰の頭痛に優れる。ほかの経の頭痛や風にも用い、寒や水気を散らす。成無己は辛味で水気を巡らせ乾燥を潤すという。李杲は胆気の不足や、内から表へ出る邪に用い、張仲景の麻黄附子細辛湯を例にする。

李時珍はいう。辛温の発散性により風寒・風湿の頭痛、痰飲、胸の気滞、驚癇に用いる。口や喉、歯の病では鬱した熱を散らし、咳や気の逆上には肺、胆気の不足や目の病には肝へ働き、少陰の経や耳も通す。

寇宗奭は華陰産以外は真正品ではないといい、粉末を単独で使う場合は一銭を超えてはならず、過量で呼吸が塞がり死んだ例があるという。毒というより量を誤る危険だとして記録した。","세신

【성미】매운맛, 따뜻하다.

【독성】약간의 독성이 있으므로 용량에 주의하여 사용한다.

【귀경】폐·신·심.

【효능】표를 풀고 한을 흩으며 풍을 몰아내 통증을 줄인다. 감각 구멍을 열고 폐를 따뜻하게 해 수음을 변화시킨다.

【명칭과 기원】

이 약재는 고전 본초서에 여러 이명과 산지가 기록되어 있다. 약용 부위의 형태와 법제 방법에 따라 성질과 작용이 달라질 수 있다.

【고전 해설】

고전 의가들은 세신의 성미와 귀경을 바탕으로 위 효능을 설명했다. 임상에서는 병의 한열·허실과 환자의 체질을 살피고, 필요한 경우 다른 약재와 배합하여 사용한다."
UI_BOOK_ENTRY_TITLE_XIANG_FU,香附,香附,Cyperus Rhizome,香附子,향부자
UI_BOOK_ENTRY_BODY_XIANG_FU,"香附（莎根，香附子）
【气味】味辛、微苦、微甘，性平。
【毒性】无毒。
【归经】归肝、脾、三焦经。
【主治】疏肝解郁，理气宽中，调经止痛。
【释名】雀头香（《唐本》）、草附子（《图经》）、水香棱（《图经》）、水巴戟（《图经》）、水莎（《图经》）、侯莎（《尔雅》）、莎结（《图经》）、夫须（《别录》）、续根草（《图经》）、地毛（《广雅》）。

时珍曰︰《别录》止云莎草，不言用苗用根。后世皆用其根，名香附子，而不知莎草之名也。其草可为笠及雨衣，疏而不沾，故字从草从沙。亦作蓑字，因其为衣垂 ，如孝子衰衣之状，故又从苔乃笠名，贱夫所须也。其根相附连续而生，可以合香，故谓之香附子。上古谓之雀头香。 按《江表传》云︰魏文帝遣使于吴求雀头香，即此。其叶似三棱及巴戟，而生下湿地，故有水三棱、水巴戟之名。俗人呼为雷公头。《金光明经》谓之月萃哆。《记事珠》谓之抱灵居士。

【发明】好古曰︰香附治膀胱两胁气妨，心忪少气，是能益气，乃血中之气药也。本草不言治崩漏，而方中用治崩漏，是能益气而止血也。又能逐去瘀血，是推陈也。正如巴豆治大便不通而又止泄泻同意。又云︰香附阳中之阴，血中之气药，凡气郁血气必用之。炒黑能止血治崩漏，此妇人之仙药也。多服亦能走气。

震亨曰︰香附须用童子小便浸过，能总解诸郁，凡血气必用之药，引至气分而生血，此正阴生阳长之义。本草不言补，而方家言于老人有益，意有存焉。盖于行中有补理。天之所以为天者，健而有常也。健运不息，所以生生无穷，即此理尔。今即香中亦用之。

时珍曰︰香附之气平而不寒，香而能窜。其味多辛能散，微苦能降，微甘能和。乃足厥 阴肝、手少阳三焦气分主药，而兼通十二经气分。生则上行胸膈，外达皮肤；熟则下走肝肾，外彻腰足。炒黑则止血，得童溲浸炒则入血分而补虚，盐水浸炒则入血分而润燥，青盐炒则补肾气，酒浸炒则行经络，醋浸炒则消积聚，姜汁炒则化痰饮。得参、术，则补气；得归、，则补血；得木香，则疏滞和中；得檀香则理气醒脾，得沉香则升降诸气，得芎 、苍术 则总解诸郁，得栀子、黄连则能降火热，得茯神则交济心肾，得茴香、破故纸则引气归元，得浓朴、半夏则决壅消胀，得紫苏、葱白则解散邪气，得三棱、莪术则消磨积块，得艾叶则治血气暖子宫，乃气病之总司，女科之主帅也。飞霞子韩 云︰香附能推陈致新，故诸书皆云益气。而俗有耗气之说，宜于女人不宜于男子者，非矣。盖妇人以血用事，气行则无疾。 老人精枯血闭，惟气是资。小儿气日充，则形乃日固。大凡病则气滞而馁，故香附于气分为君药，世所罕知。臣以参、 ，佐以甘草，治虚怯甚速也。 游方外时，悬壶轻赉，治百病黄鹤丹，治妇人青囊丸，随宜用引，辄有小效。人索不已，用者当思法外意可也。黄鹤丹乃铢衣翁在黄鹤楼所授之方，故名。其方用香附一斤，黄连半斤，洗晒为末，水糊丸梧子大。 假如外感，葱姜汤下；内伤，米饮下；气病，木香汤下；血病，酒下；痰病，姜汤下；火病，白汤下。余可类推。青囊丸乃邵应节真人祷母病，感方士所授者。方用香附（略炒）一斤，乌药（略炮）五两三钱，为末，水醋煮面糊为丸。随证用引，如头痛，茶下；痰气，姜汤下；多用酒下，为妙。","香附（莎根，香附子）
【氣味】味辛、微苦、微甘，性平。
【毒性】無毒。
【歸經】歸肝、脾、三焦經。
【主治】疏肝解鬱，理氣寬中，調經止痛。
【釋名】雀頭香...","CYPERUS RHIZOME

[Taste and nature] Acrid, slightly bitter and slightly sweet; neutral.

[Toxicity] Recorded as non-toxic.

[Channels] Liver, Spleen and San Jiao.

[Actions] Soothes the Liver and relieves constraint; regulates Qi and harmonizes the middle; regulates menstruation and relieves pain.

[Names and origins]

Older names include Que Tou Xiang, Cao Fu Zi, Shui Xiang Leng, Shui Ba Ji, Shui Sha, Hou Sha, Sha Jie, Fu Xu, Xu Gen Cao and Di Mao.

Shizhen notes that early materia medica described the whole sedge, while later physicians mainly used the aromatic rhizome and called it Xiang Fu Zi.

The rhizomes grow in connected clusters and have a noticeable fragrance, which helped establish the later name.

[Historical commentary]

Haogu calls Cyperus Rhizome a major Qi medicine within the blood level. It is especially useful when Qi stagnation and blood disorders occur together.

He also records charred Cyperus Rhizome for abnormal bleeding and warns that excessive use may disperse Qi.

Zhenheng praises it as a broad remedy for constraint. Historical processing methods were believed to change its direction and emphasis.

Shizhen explains these variations in detail: raw Cyperus Rhizome tends to move upward and outward, while cooked forms act more toward the Liver, Kidney, waist and lower body.

Charred Cyperus Rhizome was used to stop bleeding; wine-processing to move through the channels; vinegar-processing for accumulations; and ginger-processing for phlegm-fluid patterns.

Its combinations were equally flexible. With Ginseng Root and Atractylodes Rhizome it supports Qi, with Chinese Angelica Root and Sichuan Lovage Rhizome it assists blood regulation, with Costus Root it moves middle-jiao stagnation, and with Agarwood it regulates ascending and descending Qi.

Because it can move Qi throughout the San Jiao, later physicians called Cyperus Rhizome a central herb for Qi disorders and especially for gynecological patterns involving constraint and pain.","香附（莎根・香附子）
【性味】辛・やや苦・やや甘、平。
【毒性】無毒。
【帰経】肝経・脾経・三焦経に帰する。
【主治】疏肝解鬱、理気寛中、調経止痛。
【名称の由来】雀頭香（『唐本草』）、草附子・水香棱・水巴戟・水莎・莎結・続根草（『図経本草』）、侯莎（『爾雅』）、夫須（『名医別録』）、地毛（『広雅』）。

李時珍はいう。『名医別録』は莎草とだけ記し、苗か根かを指定しない。後世は根を香附子と呼んで使い、莎草という名を忘れた。草は編笠や雨具になり、水をはじくので字形にも草や沙の意が含まれる。根は連なって生じ香りの材料となるため香附子といい、古くは雀頭香と呼ぶ。葉が三棱や巴戟に似て湿地に生えるので水三棱・水巴戟の名があり、雷公頭などの俗称もある。『金光明経』には月萃哆、『記事珠』には抱霊居士とある。

【考証】
王好古はいう。香附は膀胱や両脇の気の滞り、動悸や息切れに働く血中の気の薬である。瘀血を除きながら、炒って黒くすれば出血や子宮出血も止める。気鬱や血の病に必要な女性の妙薬だが、多用すると気を消耗する。

朱震亨は、若い男児の尿に浸した香附は諸々の鬱を解き、気分へ薬を導き血の生成にも役立つという。古い本草は補薬としないが、年長者に益するのは気を巡らせる中に補う働きがあるからである。

李時珍はいう。香附は平らかで寒くなく、香りが強く巡る。辛味は散らし、微苦は下げ、微甘は調和させる。肝と三焦の気分を主として十二経にも通じ、生なら上へ胸や皮膚へ、熟せば下へ肝腎や腰足へ向かう。黒く炒れば止血する。男児の尿に浸して炒れば血分に入り虚を補い、塩水なら血分を潤し、青塩なら腎気を補い、酒なら経絡を巡らせ、酢なら積滞を消し、生姜汁なら痰飲を除く。人参・白朮と合わせて補気、当帰・川芎などと合わせて補血、木香で中焦の滞り、檀香で脾気、沈香で諸気の昇降、川芎・蒼朮で諸鬱、梔子・黄連で熱、茯神で心腎、茴香・補骨脂で気の帰元、厚朴・半夏で張り、紫蘇・葱白で外邪、三棱・莪朮でしこり、艾葉で子宮の冷えた血気に働く。気の病を総括し女性の病に重要な薬である。

韓氏は、香附は古い滞りを除き新しい巡りを生むため、女性だけでなく男性、老人や子どもにも適すると説く。人参・黄耆を臣薬、甘草を佐薬にすれば虚弱にも使えるという。黄鶴丹は香附一斤と黄連半斤を洗い干して粉にし、水糊で梧桐の実ほどに丸める。外感には葱姜湯、内傷には米のとぎ汁、気病には木香湯、血病には酒、痰病には生姜湯、火病には白湯で飲む。青囊丸は軽く炒った香附一斤と軽く炮製した烏薬五両三銭を粉にし、水と酢で煮た粉糊で丸める。頭痛には茶、痰気には生姜湯など、証に合わせて飲むという。","향부자

【성미】매운맛·약간 쓴맛·약간 단맛, 평하다.

【독성】무독성으로 기록되어 있다.

【귀경】간·비·삼초.

【효능】간을 부드럽게 하여 울체를 풀고 기를 조절해 중초를 조화시킨다. 월경을 조절하고 통증을 줄인다.

【명칭과 기원】

이 약재는 고전 본초서에 여러 이명과 산지가 기록되어 있다. 약용 부위의 형태와 법제 방법에 따라 성질과 작용이 달라질 수 있다.

【고전 해설】

고전 의가들은 향부자의 성미와 귀경을 바탕으로 위 효능을 설명했다. 임상에서는 병의 한열·허실과 환자의 체질을 살피고, 필요한 경우 다른 약재와 배합하여 사용한다."
UI_BOOK_ENTRY_TITLE_XING_REN,杏仁,杏仁,Apricot Kernel,杏仁,행인
UI_BOOK_ENTRY_BODY_XING_REN,"杏仁（杏）
【气味】味苦，性温。
【毒性】有小毒。
【归经】归肺、大肠经。
【主治】止咳平喘，润肠通便。
【释名】时珍曰︰杏字篆文象子在木枝之形。或云从口及从可者，并非也。《江南录》云︰杨行密改杏名甜梅。

【发明】
元素曰︰杏仁气薄味浓，浊而沉坠，降也、阴也。入手太阴经。其用有三︰润肺也，消食积也，散滞气也。

杲曰︰杏仁散结润燥，除肺中风热咳嗽。杏仁下喘，治气也；桃仁疗狂，治血也。俱治大便秘，当分气、血。昼则便难，行阳气也；夜则便难，行阴血也。故虚人便闭，不可过泄。脉浮者属气，用杏仁、陈皮；脉沉者属血，用桃仁、陈皮。手阳明与手太阴为表里，贲门主往来，魄门主收闭，为气之通道，故并用陈皮佐之。

好古曰︰张仲景麻黄汤，及王朝奉治伤寒气上喘逆，并用杏仁者，为其利气、泻肺、解肌也。

时珍曰︰杏仁能散能降，故解肌散风、降气润燥、消积治伤损药中用之。治疮杀虫，用其毒也。按《医余》云︰凡索面、豆粉近杏仁则烂。顷一兵官食粉成积，医师以积气丸、杏仁相半研为丸，熟水下，数服愈。又《野人闲话》云︰翰林学士辛士逊，在青城山道院中，梦皇姑谓曰︰可服杏仁，令汝聪明，老而健壮，心力不倦。求其方，则用杏仁一味，每盥漱毕，以七枚纳口中，良久脱去皮，细嚼和津液顿咽。日日食之，一年必换血，令人轻健。此申天师方也。又杨士瀛《直指方》云︰凡人以水浸杏仁五枚，五更端坐，逐粒细嚼至尽，和津吞下。久则能润五脏，去尘滓，驱风明目，治肝肾风虚，瞳人带青，眼翳风痒之病。珍按杏仁性热降气，亦非久服之药。此特其咀嚼吞纳津液，以消积秽则可耳。古有服杏丹法，云是左慈之方。唐慎微收入本草，云久服寿至千万。其说妄诞可鄙，今删其纰谬之辞，存之于下，使读者毋信其诳也。","杏仁（杏）
【氣味】味苦，性溫。
【毒性】有小毒。
【歸經】歸肺、大腸經。
【主治】止咳平喘，潤腸通便。
【釋名】時珍曰︰杏字篆文象子在木枝之形。或雲從口...","APRICOT KERNEL

[Taste and nature] Bitter; warm.

[Toxicity] Mildly toxic.

[Channels] Lung and Large Intestine.

[Actions] Stops cough and relieves wheezing; moistens the intestines and promotes bowel movements.

[Names and origins]

Shizhen discusses the ancient written form of the character xing and notes a historical alternate name, Tian Mei.

[Historical commentary]

Yuansu: Apricot Kernel is descending in nature and enters the Lung. He lists three major actions: moistening the Lung, helping resolve food accumulation and dispersing stagnant Qi.

Gao emphasizes its ability to disperse clumping and moisten dryness. He contrasts Apricot Kernel and Peach Kernel: Apricot Kernel primarily regulates Qi and wheezing, while Peach Kernel primarily moves blood.

Both may be used for constipation, but their emphasis differs according to whether Qi or blood is more involved.

Haogu cites Ephedra Decoction as a classic example in which Apricot Kernel helps descend Lung Qi while Ephedra Herb releases the exterior.

Shizhen summarizes Apricot Kernel as both dispersing and descending. It therefore appears in formulas for exterior Wind, cough, wheezing, dryness and certain accumulations.

He also notes its toxic quality and rejects extravagant longevity claims about daily long-term consumption.

The historical entry therefore treats Apricot Kernel as a useful but potentially harmful medicinal seed rather than an ordinary tonic food.","杏仁（杏）
【性味】苦、温。
【毒性】小毒。
【帰経】肺経・大腸経に帰する。
【主治】止咳平喘、潤腸通便。
【名称の由来】李時珍は、篆書の「杏」は木の枝に実がある姿を表し、字形を「口」や「可」と解くのは誤りという。『江南録』には楊行密が杏を甜梅と改名したとある。

【考証】
張元素は、杏仁は気が薄く味が濃く、濁って沈む陰の薬で手太陰に入り、肺を潤す、食積を消す、滞った気を散らすという三つの用途があるという。

李杲はいう。杏仁は結びを散らし乾きを潤し、肺の風熱による咳を除く。喘ぎは気の病として杏仁、狂気は血の病として桃仁を用いる。どちらも便秘を治すが、気と血を分ける。昼の排便困難には気、夜の困難には血を考え、脈が浮けば杏仁・陳皮、沈めば桃仁・陳皮を用いる。虚弱者を過度に下してはならない。肺と大腸が表裏のため陳皮を添える。王好古は麻黄湯などに杏仁を用いるのは気を巡らせ肺を瀉し肌を解くためという。

李時珍はいう。杏仁は散らし下げるので肌を解いて風を散らし、気を下げ乾きを潤し、積滞や外傷にも用いる。瘡や虫には毒性を利用する。粉を食べて積滞した兵士に杏仁を合わせた丸薬が効いた話がある。一方、道士の伝承には毎朝杏仁七粒を口でふやかして噛み、年を経れば若返るというものや、五粒を夜明け前に水に浸して噛めば五臓を潤すというものがある。しかし李時珍は杏仁は熱性で気を下げ、長期服用には向かず、噛んで唾液とともに飲み積滞を除く範囲ならよいとする。左慈の「杏丹」で長寿になるという記述は荒唐無稽として退ける。","행인

【성미】쓴맛, 따뜻하다.

【독성】약간의 독성이 있으므로 용량에 주의하여 사용한다.

【귀경】폐·대장.

【효능】기침과 천식을 줄이고 장을 윤택하게 해 배변을 돕는다.

【명칭과 기원】

이 약재는 고전 본초서에 여러 이명과 산지가 기록되어 있다. 약용 부위의 형태와 법제 방법에 따라 성질과 작용이 달라질 수 있다.

【고전 해설】

고전 의가들은 행인의 성미와 귀경을 바탕으로 위 효능을 설명했다. 임상에서는 병의 한열·허실과 환자의 체질을 살피고, 필요한 경우 다른 약재와 배합하여 사용한다."
UI_BOOK_ENTRY_TITLE_XU_DUAN,续断,續斷,Dipsacus Root,続断,속단
UI_BOOK_ENTRY_BODY_XU_DUAN,"续断
【气味】味苦、辛，性微温。
【毒性】无毒
【归经】归肝、肾经。
【主治】肝肾亏虚，冲任不固之崩漏，胎漏、胎动不安。
【释名】属折（《本经》）、接骨（《别录》）、龙豆（《本经》）、南草（《别录》）。

时珍曰︰续断、属折、接骨，皆以功命名也。

【发明】
时珍曰︰宋张叔潜秘书，知剑州时，其阁下病血痢。一医用平胃散一两，入川续断末二钱半。每服二钱，水煎服即愈。绍兴壬子，会稽时行痢疾。叔潜之子以方传人，往往有验。小儿痢服之效。","續斷
【氣味】味苦、辛，性微溫。
【毒性】無毒
【歸經】歸肝、腎經。
【主治】肝腎虧虛，衝任不固之崩漏，胎漏、胎動不安。
【釋名】屬折（《本經》）、接骨（...","DIPSACUS ROOT

[Taste and nature] Bitter and acrid; slightly warm.

[Toxicity] Recorded as non-toxic.

[Channels] Liver and Kidney.

[Actions] Tonifies the Liver and Kidney; strengthens the Chong and Ren vessels; traditionally used for uterine bleeding, threatened miscarriage and fetal restlessness associated with deficiency.

[Names and origins]

Older names include Shu Zhe, Jie Gu, Long Dou and Nan Cao.

Shizhen explains that names such as Xu Duan, 'restore what is severed,' and Jie Gu, 'join the bones,' refer directly to the herb's traditional functions.

[Historical commentary]

The surviving commentary in this entry is brief.

Shizhen records a Song-dynasty case in which powdered Chuan Dipsacus Root was added to Calm the Stomach Powder for bloody dysentery.

The same method was later passed on during an outbreak in Kuaiji and was said to have helped both adults and children.

The anecdote reflects the broad historical use of Dipsacus Root beyond its better-known Liver-Kidney and sinew-bone indications.","続断
【性味】苦・辛、微温。
【毒性】無毒。
【帰経】肝経・腎経に帰する。
【主治】肝腎の虚による子宮出血、胎漏、胎動不安。
【名称の由来】属折・竜豆（『神農本草経』）、接骨・南草（『名医別録』）。李時珍は続断・属折・接骨はいずれも骨折をつなぐ働きに由来する名だという。

【考証】
李時珍はいう。宋の張叔潜が剣州の長官だった時、家人の血痢に平胃散一両と川続断の粉二銭半を合わせ、一回二銭を煎じて飲ませると治った。紹興年間に会稽で痢疾が流行した際、息子がこの処方を伝え、子どもの痢疾にも効いたという。","속단

【성미】쓴맛·매운맛, 약간 따뜻하다.

【독성】무독성으로 기록되어 있다.

【귀경】간·신.

【효능】간과 신을 보하고 충맥과 임맥을 튼튼하게 한다. 허로 인한 자궁출혈·유산 징후와 태동 불안을 다스리는 데 전통적으로 사용한다.

【명칭과 기원】

이 약재는 고전 본초서에 여러 이명과 산지가 기록되어 있다. 약용 부위의 형태와 법제 방법에 따라 성질과 작용이 달라질 수 있다.

【고전 해설】

고전 의가들은 속단의 성미와 귀경을 바탕으로 위 효능을 설명했다. 임상에서는 병의 한열·허실과 환자의 체질을 살피고, 필요한 경우 다른 약재와 배합하여 사용한다."
UI_BOOK_ENTRY_TITLE_XUAN_SHEN,玄参,玄參,Scrophularia Root,玄参,현삼
UI_BOOK_ENTRY_BODY_XUAN_SHEN,"玄参
【气味】味甘、苦、咸，性微寒。
【毒性】无毒。
【归经】归肺、胃、肾经。
【主治】清热凉血，滋阴降火，解毒散结。
【释名】黑参（《纲目》）、玄台（《吴普》）、重台（《本经》）、鹿肠（《吴普》）、正马（《别录》）、逐马（《药性》）、馥草（《开宝》）、野脂麻（《纲目》）、鬼藏（《吴普》）。时珍曰︰玄，黑色也。《别录》一名端，一名咸，多未详。

弘景曰︰其茎微似人参，故得参名。志曰︰合香家用之，故俗呼馥草。

【发明】
元素曰︰玄参乃枢机之剂，管领诸气上下，清肃而不浊，风药中多用之。故《活人书》治伤寒阳毒，汗下后毒不散，及心下懊 ，烦不得眠，心神颠倒欲绝者，俱用玄参。以此论之，治胸中氤氲之气，无根之火，当以玄参为圣剂也。

时珍曰︰肾水受伤，真阴失守，孤阳无根，发为火病。法宜壮水以制火，故玄参与地黄同功。其消瘰 亦是散火，刘守真言︰结核是火病。","玄參
【氣味】味甘、苦、咸，性微寒。
【毒性】無毒。
【歸經】歸肺、胃、腎經。
【主治】清熱涼血，滋陰降火，解毒散結。
【釋名】黑參（《綱目》）、玄台（《...","SCROPHULARIA ROOT

[Taste and nature] Sweet, bitter and salty; slightly cold.

[Toxicity] Recorded as non-toxic.

[Channels] Lung, Stomach and Kidney.

[Actions] Clears Heat and cools the blood; nourishes Yin and drains Fire; resolves toxicity and disperses nodules.

[Names and origins]

Older names include Hei Shen, Xuan Tai, Chong Tai, Lu Chang, Zheng Ma, Zhu Ma, Fu Cao, Ye Zhi Ma and Gui Cang.

Shizhen explains xuan as 'black,' referring to the dark color of the root.

Hongjing notes that the stem somewhat resembles Ginseng Root, which helped give it the name Shen.

[Historical commentary]

Yuansu calls Scrophularia Root a regulating medicine that can influence the upward and downward movement of Qi while remaining cooling and clear.

He records its use in severe Heat disorders after sweating or purging when toxic Heat remained, with restlessness, insomnia and mental agitation.

From this he praises Scrophularia Root for treating 'rootless Fire' and constrained Heat in the chest.

Shizhen explains its deeper role through Kidney Yin. When Kidney water is damaged and true Yin can no longer anchor Yang, deficiency Fire rises.

Scrophularia Root, like Di Huang, nourishes Water to restrain Fire.

Its traditional use for scrofulous nodules and swellings was likewise interpreted as dispersing Fire and Heat that had condensed into masses.","玄参
【性味】甘・苦・鹹、微寒。
【毒性】無毒。
【帰経】肺経・胃経・腎経に帰する。
【主治】清熱涼血、滋陰降火、解毒散結。
【名称の由来】黒参・野脂麻（『本草綱目』）、玄台・鹿腸・鬼蔵（『呉普本草』）、重台（『神農本草経』）、正馬（『名医別録』）、逐馬（『薬性論』）、馥草（『開宝本草』）。

李時珍は「玄」は黒い色を意味し、別名の端や鹹の由来は不明という。陶弘景は茎が人参に少し似るため参と呼び、志という人は香の調合にも使うので馥草という。

【考証】
張元素はいう。玄参は体の気の昇降を整える薬で、清らかで濁らず、風を治す処方にもよく入る。『活人書』は傷寒の強い陽毒で汗や下剤の後も毒が散らず、心窩部が不快で眠れず、精神が乱れる場合に用いる。胸中に漂う気や根のない火を治す重要な薬である。

李時珍はいう。腎水が傷つき真陰が保てないと陽火が根を失って病になる。水を養って火を抑えるため玄参は地黄と似る。瘰癧のしこりを散らすのも火を散らすためで、劉守真もしこりは火の病という。","현삼

【성미】단맛·쓴맛·짠맛, 약간 차다.

【독성】무독성으로 기록되어 있다.

【귀경】폐·위·신.

【효능】열을 내리고 혈을 식히며 음을 보하고 화를 사한다. 독을 풀고 뭉침을 흩는다.

【명칭과 기원】

이 약재는 고전 본초서에 여러 이명과 산지가 기록되어 있다. 약용 부위의 형태와 법제 방법에 따라 성질과 작용이 달라질 수 있다.

【고전 해설】

고전 의가들은 현삼의 성미와 귀경을 바탕으로 위 효능을 설명했다. 임상에서는 병의 한열·허실과 환자의 체질을 살피고, 필요한 경우 다른 약재와 배합하여 사용한다."
UI_BOOK_ENTRY_TITLE_YAN_HU_SUO,延胡索,延胡索,Corydalis Rhizome,延胡索,현호색
UI_BOOK_ENTRY_BODY_YAN_HU_SUO,"延胡索
【气味】味辛、苦，性温。
【毒性】无毒
【归经】归肝、脾、心经。
【主治】活血化瘀，行气止痛。
【释名】玄胡索。好古曰：本名玄胡索，避宋真宗讳，改玄为延也。

【发明】
李珣曰：主肾气，及破产后恶露或儿枕，与三棱、鳖甲、大黄为散，甚良，虫蛀成末者，尤良。

时珍曰：玄胡索，味苦微辛，气温，入手、足太阴、厥阴四经。能行血中气滞，气中血滞，故专治一身上下诸痛，用之中的，妙不可言。
荆穆王妃胡氏，因食荞麦面着怒，遂病胃脘当心痛，不可忍。医用吐下行气化滞诸药，皆入口即吐，不能奏功，大便三日不通。因思《雷公炮炙论》云：心痛欲死，速觅延胡。乃以玄胡索末三钱，温酒调下，即纳药。少顷，大便行而痛遂止。又华圭年五十余，病下痢腹痛垂死，已备棺木。予用此药三钱，米饮服之，痛即减十之五，调理而安。按方勺《泊宅编》云：一人病遍体作痛，殆不可忍。都下医或云中风，或云中湿，或云肺气，药悉不效。周离亨言是气血凝滞所致，用延胡索、当归、桂心等分为末，温酒服三四钱，随量频进，以痛止为度，遂痛若失。盖延胡索活血化气，第一品药也。
赵待制传云：凡治妇人，月候不调，腹中结块，产前产后诸疾，及跌打损伤，心腹诸痛，服之立效。盖其温而能散，利气止痛也。","延胡索
【氣味】味辛、苦，性溫。
【毒性】無毒
【歸經】歸肝、脾、心經。
【主治】活血化瘀，行氣止痛。
【釋名】玄胡索。好古曰：本名玄胡索，避宋真宗諱，改...","CORYDALIS RHIZOME

[Taste and nature] Acrid and bitter; warm.

[Toxicity] Recorded as non-toxic.

[Channels] Liver, Spleen and Heart.

[Actions] Invigorates blood and transforms stasis; moves Qi and relieves pain.

[Names and origins]

Its older name was Xuan Hu Suo.

Haogu explains that the character xuan was changed to yan because of an imperial naming taboo during the Song dynasty.

[Historical commentary]

Li Xun records Corydalis Rhizome in postpartum blood stasis and other painful conditions.

Shizhen emphasizes its ability to move both Qi within the blood and blood within Qi.

For this reason, he regards it as a major herb for pain anywhere in the body when Qi and blood stagnation are involved.

He recounts a severe epigastric pain case in which powdered Corydalis Rhizome was reportedly followed by bowel movement and rapid relief.

Another case describes near-fatal dysenteric abdominal pain improving after a similar preparation.

A third historical report concerns generalized severe pain attributed to Qi and blood stagnation, treated with Corydalis Rhizome, Chinese Angelica Root and cinnamon.

These anecdotes established its reputation as one of the most important traditional pain-relieving herbs based on moving Qi and blood rather than simply numbing sensation.","延胡索
【性味】辛・苦、温。
【毒性】無毒。
【帰経】肝経・脾経・心経に帰する。
【主治】活血化瘀、行気止痛。
【名称の由来】玄胡索ともいう。王好古は、宋の真宗の名を避けて玄を延に改めたという。

【考証】
李珣は、腎気や産後の悪露の滞り、産後の腹痛に用い、三棱・鼈甲・大黄と合わせた散剤もよく、虫食いのあるものを粉にしたものがさらによいという。

李時珍はいう。延胡索は苦くやや辛く温かく、手足の太陰・厥陰に入り、血中の気滞と気中の血滞を巡らせるため全身の痛みに働く。ある王妃が蕎麦を食べた後で怒り、胃と胸に耐え難い痛みを生じ、薬はすべて吐き、三日便が出なかった。『雷公炮炙論』の「心痛で死にそうなら延胡を探せ」に従い、粉末三銭を温酒で飲ませると便が出て痛みが止まった。また五十余歳の華圭が痢疾の腹痛で瀕死のとき、三銭を米のとぎ汁で飲ませると痛みが半減して回復した。『泊宅編』にも全身の激痛を中風・湿・肺気と誤診された人に、延胡索・当帰・桂心を等量粉にして温酒で三～四銭ずつ飲ませ、痛みが消えた例がある。気血を巡らせる優れた薬だという。

趙待制は、女性の月経不順、腹のしこり、妊娠前後の病、打撲、胸腹の痛みにもすぐ効くといい、温めて散らし気を巡らせ痛みを止める働きによるとする。","현호색

【성미】매운맛·쓴맛, 따뜻하다.

【독성】무독성으로 기록되어 있다.

【귀경】간·비·심.

【효능】혈을 움직여 어혈을 변화시키고 기를 소통해 통증을 줄인다.

【명칭과 기원】

이 약재는 고전 본초서에 여러 이명과 산지가 기록되어 있다. 약용 부위의 형태와 법제 방법에 따라 성질과 작용이 달라질 수 있다.

【고전 해설】

고전 의가들은 현호색의 성미와 귀경을 바탕으로 위 효능을 설명했다. 임상에서는 병의 한열·허실과 환자의 체질을 살피고, 필요한 경우 다른 약재와 배합하여 사용한다."
UI_BOOK_ENTRY_TITLE_YI_YI_REN,薏苡仁,薏苡仁,Coix Seed,薏苡仁,의이인
UI_BOOK_ENTRY_BODY_YI_YI_REN,"薏苡仁
【气味】味甘、淡，性凉。
【毒性】无毒。
【归经】归脾、胃、肺经。
【主治】利水渗湿，健脾止泻，除痹排脓，解毒散结。
【释名】解蠡（音礼。《本经》）、芑实（音起。《别录》）、赣米（《别录》。音感。陶氏作珠，雷氏作 米）、回回米（《救荒本草》）、薏珠子（《图经》）。

时珍曰︰薏苡名义未详。其叶似蠡实叶而解散，又似芑黍之苗，故有解蠡、芑实之名。 赣米乃其坚硬者，有赣强之意。苗名屋 。《救荒本草》云︰回回米又呼西番蜀秫。俗名草珠儿。

【发明】
宗奭曰︰薏苡仁《本经》云︰微寒，主筋急拘挛。拘挛有两等︰《素问》注中，大筋受热，则缩而短，故挛急不伸，此是因热而拘挛也，故可用薏苡；若《素问》言因寒则筋急者，不可更用此也。 盖受寒使人筋急；寒热使人筋挛；若但受热不曾受寒，亦使人筋缓；受湿则又引长无力 也。此药力势和缓，凡用须加倍即见效。

震亨曰︰寒则筋急，热则筋缩。急因于坚强，缩因于短促。若受湿则弛，弛则引长。然寒与湿未尝不挟热。三者皆因于湿，然外湿非内湿启之不能成病。故湿之为病，因酒而鱼肉继之。甘滑、陈久、烧炙并辛香，皆致湿之因也。

时珍曰︰薏苡仁属土，阳明药也，故能健脾益胃。虚则补其母，故肺痿、肺痈用之。筋骨之病，以治阳明为本，故拘挛筋急风痹者用之。土能胜水除湿，故泄痢水肿用之。按︰古方小续命汤注云︰中风筋急拘挛，语迟脉弦者，加薏苡仁。亦扶脾抑肝之义。又《后汉书》云︰马援在交趾常饵薏苡实，云能轻身省欲以胜瘴气也。又张师正《倦游录》云︰辛稼轩忽患疝疾，重坠大如杯。一道人教以薏珠用东壁黄土炒过，水煮为膏服，数服即消。程沙随病此，稼轩授之亦效。《本草》薏苡乃上品养心药，故此有功。

颂曰︰薏苡仁，心肺之药多用之。故范汪治肺痈，张仲景治风湿、胸痹，并有方法。《济生方》治肺损咯血，以熟猪肺切，蘸薏苡仁末，空心食之。薏苡补肺，猪肺引经也。赵君猷言屡用有效。","薏苡仁
【氣味】味甘、淡，性涼。
【毒性】無毒。
【歸經】歸脾、胃、肺經。
【主治】利水滲濕，健脾止瀉，除痹排膿，解毒散結。
【釋名】解蠡（音禮。《本經》...","COIX SEED

[Taste and nature] Sweet and bland; cool.

[Toxicity] Recorded as non-toxic.

[Channels] Spleen, Stomach and Lung.

[Actions] Promotes urination and leaches Dampness; strengthens the Spleen and stops diarrhea; relieves painful obstruction and promotes discharge of pus; resolves toxicity and disperses clumps.

[Names and origins]

Older names include Jie Li, Qi Shi, Gan Mi, Hui Hui Mi and Yi Zhu Zi.

Shizhen notes that the exact origin of the name Yi Yi is uncertain and discusses names based on the plant's appearance and unusually hard seeds.

[Historical commentary]

Zongshi distinguishes different causes of contracted sinews. He considers Coix Seed suitable when Heat and Dampness contribute, but not when pure Cold is the dominant cause.

He also notes that the herb acts gently and often requires substantial amounts in traditional formulas.

Zhenheng links many sinew and joint disorders with Dampness, especially when dietary habits contribute to internal Damp accumulation.

Shizhen classifies Coix Seed as an Earth and Yangming herb, explaining its ability to strengthen the Spleen and Stomach while draining Dampness.

Because the Spleen is the mother of the Lung in five-phase theory, supporting the middle also helps Lung disorders such as chronic weakness and abscess.

Its Damp-draining action explains its use in diarrhea and edema, while its relationship with the muscles and sinews explains its use in painful obstruction and contraction.

Historical texts also preserve longevity and travel anecdotes involving regular consumption of Coix seed, reflecting its reputation as both food and medicine.","薏苡仁
【性味】甘・淡、涼。
【毒性】無毒。
【帰経】脾経・胃経・肺経に帰する。
【主治】利水滲湿、健脾止瀉、除痺排膿、解毒散結。
【名称の由来】解蠡（音は礼。『神農本草経』）、芑実（音は起。『名医別録』）、贛米（音は感。『名医別録』）、回回米（『救荒本草』）、薏珠子（『図経本草』）。

李時珍は名の由来は不明とし、葉が蠡の葉に似て散らばり、苗が芑黍に似るので解蠡・芑実といい、硬い実は贛米と呼ぶという。苗の異名には原文に欠字があり、回回米は西番蜀秫・草珠児ともいう。

【考証】
寇宗奭はいう。『神農本草経』はやや寒性で筋のけいれんを治すという。ただし熱で筋が縮み伸びない場合には薏苡を用い、寒で筋が急になる場合にはさらに冷やしてはならない。穏やかな薬なので量を増やして初めて効果が出る。朱震亨は寒で筋が急、熱で短く縮み、湿では緩んで伸びると分けるが、寒湿に熱を伴うこともあり、食生活で生じる内湿が外湿の病を招くと説く。

李時珍はいう。薏苡仁は土に属する陽明の薬で脾胃を強める。肺は脾の子なので肺痿・肺癰にも用い、筋骨の病は陽明から治すためけいれんや風痺にも使う。土は水に勝つので下痢や水腫にも働く。小続命湯では中風の筋のけいれん、遅い言葉、弦脈に加える。『後漢書』には馬援が交趾で瘴気を防ぐため薏苡を常食した話があり、『倦遊録』には疝気で腫れた辛稼軒が東壁の黄土で炒った薏苡の膏を飲み治った話もある。

蘇頌は心肺の処方によく入るとし、肺癰や風湿・胸痺にも使われるという。『済生方』は肺の損傷による喀血に、加熱した豚肺を刻んで薏苡の粉を付け空腹時に食べると記す。薏苡が肺を補い豚肺が薬を肺経へ導き、趙君猷も効果を見たという。","의이인

【성미】단맛·담담한 맛, 서늘하다.

【독성】무독성으로 기록되어 있다.

【귀경】비·위·폐.

【효능】소변을 돕고 습을 빼며 비를 튼튼하게 해 설사를 멎게 한다. 비증을 줄이고 고름을 배출하며 독을 풀고 뭉침을 흩는다.

【명칭과 기원】

이 약재는 고전 본초서에 여러 이명과 산지가 기록되어 있다. 약용 부위의 형태와 법제 방법에 따라 성질과 작용이 달라질 수 있다.

【고전 해설】

고전 의가들은 의이인의 성미와 귀경을 바탕으로 위 효능을 설명했다. 임상에서는 병의 한열·허실과 환자의 체질을 살피고, 필요한 경우 다른 약재와 배합하여 사용한다."
UI_BOOK_ENTRY_TITLE_YU_ZHU,玉竹,玉竹,Polygonatum Odoratum Rhizome,玉竹,옥죽
UI_BOOK_ENTRY_BODY_YU_ZHU,"玉竹（萎蕤）
【气味】味甘，性微寒。
【毒性】无毒。
【归经】归肺、胃经。
【主治】养阴润燥，生津止渴。
【释名】女萎（《本经》）、葳蕤（《吴普》）、萎 （音威移）、委萎（《尔雅》）、萎香（《纲目》）、荧（《尔雅》，音行）、玉竹（《别录》）、地节（《别录》）。

时珍曰︰按︰黄公绍《古今韵会》云︰葳蕤，草木叶垂之貌。此草根长多须，如冠缨下垂之 而有威仪，故以名之。凡羽盖旌旗之缨 ，皆象葳蕤，是矣。张氏《瑞应图》云︰王者礼备，则葳蕤生于殿前。一名萎香。则威仪之义，于此可见。《别录》作葳蕤，省文也。《说文》作萎 ，音相近也。《尔雅》作委萎，字相近也。其叶光莹而象竹，其根多节，故有荧及玉竹、地节诸名。《吴普本草》又有乌女、虫蝉之名。宋本一名马熏，即乌萎之讹者也。

【发明】
杲曰︰葳蕤能升能降，阳中阴也。其用有四︰主风淫四末，两目泪烂，男子湿注腰痛，女子面生黑 。

时珍曰︰葳蕤性平味甘，柔润可食。故朱肱《南阳活人书》，治风温自汗身重，语言难出，用葳蕤汤，以之为君药。予每用治虚劳寒热 疟，及一切不足之证，用代参、 ，不寒不燥，大有殊功，不只于去风热湿毒而已，此昔人所未阐者也。

藏器曰︰陈寿《魏志‧樊阿传》云︰青粘，一名黄芝，一名地节。此即葳蕤，极似偏精。

本功外，主聪明，调血气，令人强壮。和漆叶为散服，主五脏益精，去三虫，轻身不老，变白，润肌肤，暖腰脚惟有热不可服。晋嵇绍有胸中寒疾，每酒后苦唾，服之得愈。草似竹，取根花叶阴干用。昔华佗入山见仙人所服，以告樊阿，服之寿百岁也。颂曰︰陈藏器以青粘即葳蕤。世无识者，未敢以为信然。

时珍曰︰苏颂注黄精，疑青粘是黄精，与此说不同。今考黄精、葳蕤性味功用大抵相近，而葳蕤之功更胜。故青粘，一名黄芝，与黄精同名；一名地节，与葳蕤同名，则二物虽通用亦可。","玉竹（萎蕤）
【氣味】味甘，性微寒。
【毒性】無毒。
【歸經】歸肺、胃經。
【主治】養陰潤燥，生津止渴。
【釋名】女萎（《本經》）、葳蕤（《吳普》）、萎 ...","POLYGONATUM ODORATUM RHIZOME

[Taste and nature] Sweet; slightly cold.

[Toxicity] Recorded as non-toxic.

[Channels] Lung and Stomach.

[Actions] Nourishes Yin and moistens dryness; generates fluids and relieves thirst.

[Names and origins]

Older names include Nü Wei, Wei Rui, Wei Yi, Wei Wei, Wei Xiang, Ying, Yu Zhu and Di Jie.

Shizhen links several names with the plant's graceful drooping form. The glossy bamboo-like leaves and jointed rhizome explain the later name Yu Zhu, 'jade bamboo.'

[Historical commentary]

Gao describes Polygonatum Odoratum Rhizome as capable of both ascending and descending and records older uses for Wind-related disorders, eye irritation and certain Dampness patterns.

Shizhen emphasizes its gentle, moistening character and the fact that it can also be eaten as food.

He cites Polygonatum Odoratum Decoction for Wind-Warmth with spontaneous sweating, heaviness and difficulty speaking.

In his own practice, he valued Polygonatum Odoratum Rhizome in deficiency patterns with alternating Heat and Cold and sometimes used it in place of stronger Qi tonics because it is neither very cold nor drying.

Older longevity texts attributed remarkable strengthening and anti-aging effects to related plants called Qing Zhan or Huang Zhi.

Shizhen notes that the identity of these names is uncertain and may overlap with the related plant historically called Huang Jing.

The practical emphasis remains Polygonatum Odoratum Rhizome's gentle Yin-nourishing and fluid-generating action, especially for Lung and Stomach dryness.","玉竹（葳蕤）
【性味】甘味、微寒性。【毒性】無毒。【帰経】肺・胃経。
【主治】陰を養い乾燥を潤し、津液を生じて渇きを止める。
【名称の由来】女萎、葳蕤、委萎、萎香、玉竹、地節など。李時珍は葳蕤を葉やひげが垂れる姿に由来すると説明する。光沢のある竹に似た葉と節の多い根から、玉竹・地節の名もある。古書の異表記や異名には誤写もあるという。
【考証】李杲は昇降の両方に働き、四肢の風邪、目の涙とただれ、男性の湿による腰痛、女性の顔の黒い斑を治すという。李時珍は柔らかく潤う甘味の薬とし、『南陽活人書』の葳蕤湯では風温による自汗、体の重さ、言葉の出にくさに主薬として使うと記す。自身も虚労による寒熱や諸虚に人参・黄耆の代わりに用い、寒にも燥にも偏らない効を評価する。陳蔵器は青粘を葳蕤と同一視し、樊阿が華佗から聞いて長く服用した伝承や、嵇紹の寒疾に効いた話を挙げる。蘇頌は同一視に慎重で、李時珍は黄精と葳蕤の別名・性味が近いため、青粘の比定には議論があるとする。

【古典での異説】陳蔵器は『魏志・樊阿伝』の青粘を葳蕤とし、漆の葉と合わせて散剤とする古い伝承や、肌を潤し腰脚を温めるという記述を紹介する。ただし熱のある者には使わないとも記す。蘇頌は青粘を葳蕤と断定できないとし、黄精とみる説もある。李時珍は黄精と葳蕤の性味・用途が近く、青粘には黄芝と地節という両方に通じる別名があることから、古書で両者が通用した可能性を述べる。","옥죽

【성미】단맛, 약간 차다.

【독성】무독성으로 기록되어 있다.

【귀경】폐·위.

【효능】음을 보하고 건조함을 윤택하게 하며 진액을 만들어 갈증을 줄인다.

【명칭과 기원】

이 약재는 고전 본초서에 여러 이명과 산지가 기록되어 있다. 약용 부위의 형태와 법제 방법에 따라 성질과 작용이 달라질 수 있다.

【고전 해설】

고전 의가들은 옥죽의 성미와 귀경을 바탕으로 위 효능을 설명했다. 임상에서는 병의 한열·허실과 환자의 체질을 살피고, 필요한 경우 다른 약재와 배합하여 사용한다."
UI_BOOK_ENTRY_TITLE_YUAN_ZHI,远志,遠志,Polygala Root,遠志,원지
UI_BOOK_ENTRY_BODY_YUAN_ZHI,"远志
【气味】味苦、辛，性温。
【毒性】无毒。
【归经】归心、肾、肺经。
【主治】安神益智，交通心肾，祛痰，消肿。
【释名】苗名小草（《本经》）、细草（《本经》）、棘菀（《本经》）、 绕（《本经》）。

时珍曰︰此草服之能益智强志，故有远志之称。《世说》载郝隆讥谢安云︰处则为远志，出则为小草。《记事珠》谓之醒心杖。

【发明】
好古曰︰远志，肾经气分药也。

时珍曰︰远志，入足少阴肾经，非心经药也。其功专于强志益精，治善忘。盖精与志，皆肾经之所藏也。肾经不足，则志气衰，不能上通于心，故迷惑善忘。《灵枢经》云︰肾藏精，精合志。肾盛怒而不止则伤志，志伤则喜忘其前言，腰脊不可以俯仰屈伸，毛悴色夭。又云︰人之善忘者，上气不足，下气有馀，肠胃实而心肺虚，虚则营卫留于下，久之不以时上，故善忘也。陈言《三因方》远志酒，治痈疽，云有奇功，盖亦补肾之力尔。葛洪《抱朴子》云：陵阳子仲服远志二十年，有子三十七人，能开书所视不忘，坐在立亡。","遠志
【氣味】味苦、辛，性溫。
【毒性】無毒。
【歸經】歸心、腎、肺經。
【主治】安神益智，交通心腎，祛痰，消腫。
【釋名】苗名小草（《本經》）、細草（《...","POLYGALA ROOT

[Taste and nature] Bitter and acrid; warm.

[Toxicity] Recorded as non-toxic.

[Channels] Heart, Kidney and Lung.

[Actions] Calms the spirit and supports memory; connects Heart and Kidney; transforms phlegm; reduces swelling.

[Names and origins]

The aerial portion was called Xiao Cao, along with other older names such as Xi Cao and Ji Wan.

Shizhen explains Yuan Zhi, 'far-reaching will,' from the traditional belief that the herb strengthens memory, resolve and mental clarity.

Another literary name was Xing Xin Zhang, 'staff that awakens the Heart.'

[Historical commentary]

Haogu classifies Polygala Root primarily as a Kidney Qi-level herb.

Shizhen goes further and argues that its core action begins in the Kidney rather than the Heart.

In classical theory, the Kidney stores essence and houses will and memory. When Kidney essence is insufficient, intention and memory weaken and communication with the Heart becomes impaired.

Polygala Root was therefore used for forgetfulness, poor concentration and disturbance of the Heart-Kidney relationship.

Older texts also record Polygala Root wine for deep sores and abscesses, interpreting the effect through its strengthening and opening qualities.

Daoist writings credited extremely long-term use with extraordinary memory and longevity; these stories are part of historical folklore rather than clinical evidence.","遠志
【性味】苦味・辛味、温性。【毒性】無毒。【帰経】心・腎・肺経。
【主治】心を安め知恵を益し、心と腎を通じさせ、痰を除き腫れを消す。
【名称の由来】苗は小草・細草・棘菀など。李時珍は、志を強めることから遠志と名づけられたという。『世説』の遠志と小草の逸話、『記事珠』の醒心杖という名も挙げる。
【考証】王好古は腎経の気分の薬とする。李時珍は特に足少陰腎経に入り、志と精を益して物忘れを治すと説く。腎の精気が不足すると志が心に通じず、健忘が生じるという『霊枢』の記述を引く。陳言の遠志酒は癰疽に効くとされ、その働きも腎を補うことに由来すると考える。葛洪の『抱朴子』には陵陽子仲が二十年服用し、見た書物を忘れなくなったという伝承が載る。","원지

【성미】쓴맛·매운맛, 따뜻하다.

【독성】무독성으로 기록되어 있다.

【귀경】심·신·폐.

【효능】정신을 안정시키고 기억을 도우며 심신을 이어 준다. 담을 삭이고 부기를 줄인다.

【명칭과 기원】

이 약재는 고전 본초서에 여러 이명과 산지가 기록되어 있다. 약용 부위의 형태와 법제 방법에 따라 성질과 작용이 달라질 수 있다.

【고전 해설】

고전 의가들은 원지의 성미와 귀경을 바탕으로 위 효능을 설명했다. 임상에서는 병의 한열·허실과 환자의 체질을 살피고, 필요한 경우 다른 약재와 배합하여 사용한다."
UI_BOOK_ENTRY_TITLE_ZE_XIE,泽泻,澤瀉,Alisma Rhizome,沢瀉,택사
UI_BOOK_ENTRY_BODY_ZE_XIE,"泽泻
【气味】味甘、淡，性寒。
【毒性】无毒。
【归经】归肾、膀胱经。
【主治】利小便，清湿热，泄肾浊。
【释名】水泻（《本经》）、鹄泻（《本经》）、及泻（《别录》）、蕍（音俞）、芒芋（《本经》）、禹孙（《侯氏药谱》）。

时珍曰︰去水曰泻，如泽水之泻也。禹能治水，故曰禹孙。馀未详。

【发明】
颂曰︰《素问》治酒风身热汗出，用泽泻、术；《深师方》治支饮，亦用泽泻、术，但煮法小别尔。张仲景治杂病，心下有支饮苦冒，有泽泻汤，治伤寒有大小泽泻汤、五苓散辈，皆用泽泻，行利停水，为最要药。元素曰︰泽泻乃除湿之圣药，入肾经，治小便淋沥，去阴间汗。无此疾服之，令人目

宗奭曰︰泽泻之功，长于行水。张仲景治水蓄渴烦，小便不利，或吐或泻，五苓散主之，方用泽泻，故知其长于行水。本草引扁鹊云︰多服病患眼。诚为行去其水也。凡服泽泻散人，未有不小便多者。小便既多，肾气焉得复实？今人止泄精，多不敢用之。仲景八味丸用之者，亦不过引接桂、附等，归就肾经，别无他意。

好古曰︰《本经》云久服明目，扁鹊云多服昏目，何也？易老云︰去脬中留垢，以其味咸能泻伏水故也。泻伏水，去留垢，故明目；小便利，肾气虚，故昏目。

王履曰︰寇宗奭之说，王好古韪之。窃谓八味丸以地黄为君，余药佐之，非止补血，兼补气也，所谓阳旺则能生阴血也。地黄、山茱萸、茯苓、牡丹皮皆肾经之药，附子、官桂乃右肾命门之药，皆不待泽泻之接引而后至也。则八味丸之用此，盖取其泻肾邪，养五脏，益气力，起阴气，补虚损五劳之功而已。虽能泻肾，从于诸补药群众之中，则亦不能泻矣。

时珍曰︰泽泻气平，味甘而淡。淡能渗泄，气味俱薄，所以利水而泄下。脾胃有湿热，则头重而目昏耳鸣。泽泻渗去其湿，则热亦随去，而土气得令，清气上行，天气明爽，故泽泻有养五脏、益气力、治头旋、聪明耳目之功。若久服，则降令太过，清气不升，真阴潜耗，安得不目昏耶？仲景地黄丸用茯苓、泽泻者，乃取其泻膀胱之邪气，非引接也。古人用补药必兼泻邪，邪去则补药得力，一辟一阖，此乃玄妙。后世不知此理，专一于补，所以久服必致偏胜之害也﹗","澤瀉
【氣味】味甘、淡，性寒。
【毒性】無毒。
【歸經】歸腎、膀胱經。
【主治】利小便，清濕熱，洩腎濁。
【釋名】水瀉（《本經》）、鵠瀉（《本經》）、及瀉...","ALISMA RHIZOME

[Taste and nature] Sweet and bland; cold.

[Toxicity] Recorded as non-toxic.

[Channels] Kidney and Bladder.

[Actions] Promotes urination; clears Damp-Heat; drains turbid pathogenic fluid from the lower burner.

[Names and origins]

Older names include Shui Xie, Hu Xie, Ji Xie, Yu, Mang Yu and Yu Sun.

Shizhen explains the name Ze Xie through the image of draining water from a marsh. The name Yu Sun, 'descendant of Yu,' alludes to the legendary Yu the Great controlling floods.

[Historical commentary]

Song notes repeated use of Alisma Rhizome in classical formulas for retained fluids, including Alisma Decoction and Five-Ingredient Powder with Poria.

Yuansu calls it an important Dampness-draining herb that enters the Kidney and treats difficult urination.

Zongshi emphasizes its strong ability to move water and notes that frequent urination commonly follows its use.

This raised an old debate: some sources said long-term use brightens the eyes, while others warned that overuse causes blurred vision.

Haogu reconciles this by saying that removing retained fluid may initially clear the senses, but excessive drainage can weaken Kidney Qi.

Wang Lü rejects the idea that Alisma Rhizome appears in Eight-Ingredient Pill merely as a guide for Gui and Prepared Aconite Root. Instead, he sees it as a draining component within a tonic formula, removing pathogenic water so the tonifying herbs can work effectively.

Shizhen agrees with this broader principle: classical tonic formulas often combine supplementation with controlled elimination of pathogenic factors.

He cautions that prolonged excessive use can over-drain fluids, prevent clear Qi from rising and consume true Yin.","沢瀉
【性味】甘味・淡味、寒性。【毒性】無毒。【帰経】腎・膀胱経。
【主治】尿を出し、湿熱を清め、腎の濁りを瀉す。
【名称の由来】水瀉、鵠瀉、及瀉、蕍、芒芋、禹孫。李時珍は沢の水を排出する意、禹が治水した故事からの名と説く。
【考証】蘇頌は『素問』、深師方、張仲景の沢瀉湯や五苓散を挙げ、停滞した水を巡らせる要薬とする。張元素は腎経の湿と小便の淋瀝を治すというが、原文は「これらの病がない者が服むと目が…」で途切れる。寇宗奭は五苓散での利水を重視し、多服で尿が増え眼を病むとの伝えを挙げる。王好古は、停滞水を除けば目が明らかになる一方、過剰な排尿で腎気が虚すれば目がかすむと両説を説明する。王履は八味丸の沢瀉は単なる導引ではなく、補薬と組むことで腎邪を瀉し虚損を補うと論じる。李時珍は、脾胃の湿熱による頭重・目のかすみ・耳鳴りは湿を除けば改善するが、久服すれば陰と清気を損なうと戒める。地黄丸の茯苓と沢瀉は膀胱の邪気を除いて補薬を助けるために配合されるという。

【古典での議論】寇宗奭は八味丸の沢瀉を桂・附子などを腎経へ導くためと考えたが、王履は地黄、山茱萸、茯苓、牡丹皮、附子、官桂はそれぞれすでに腎に働くため、単なる案内役ではないと反論した。李時珍も、茯苓・沢瀉が膀胱の邪気を除くことで補薬が力を発揮すると説明する。『本経』の「久服すれば目が明らかになる」と扁鵲の「多服すれば目がかすむ」は、湿を除く効果と長期の過度な利尿という条件の違いであると論じる。","택사

【성미】단맛·담담한 맛, 차다.

【독성】무독성으로 기록되어 있다.

【귀경】신·방광.

【효능】소변을 잘 나오게 하고 습열을 맑히며 하초의 탁한 수액을 뺀다.

【명칭과 기원】

이 약재는 고전 본초서에 여러 이명과 산지가 기록되어 있다. 약용 부위의 형태와 법제 방법에 따라 성질과 작용이 달라질 수 있다.

【고전 해설】

고전 의가들은 택사의 성미와 귀경을 바탕으로 위 효능을 설명했다. 임상에서는 병의 한열·허실과 환자의 체질을 살피고, 필요한 경우 다른 약재와 배합하여 사용한다."
UI_BOOK_ENTRY_TITLE_ZHI_KE,枳壳,枳殼,Mature Bitter Orange,枳殻,지각
UI_BOOK_ENTRY_BODY_ZHI_KE,"枳壳（枳）
【气味】味苦、辛、酸，性微寒。
【毒性】无毒。
【归经】归脾、胃、大肠经。
【主治】行气消胀，宽中除痞，化痰消积。
【释名】子名枳实（《本经》）、枳壳（宋《开宝》）。

宗奭曰：枳实、枳壳，一物也。小则其性酷而速，大则其性详而缓。故张仲景治伤寒仓猝之病，承气汤中用枳实，皆取其疏通、决泄、破结实之义。他方但导败风壅之气，可常服者，故用枳壳，其义如此。

恭曰：既称枳实，须合核瓤，今殊不然。

时珍曰：枳乃木名，从只，谐声也。实乃其子，故曰枳实。后人因小者性速，又呼老者为枳壳。生则皮厚而实，熟则壳薄而虚，正如青橘皮、陈橘皮之义。宋人复出枳壳一条，非矣。寇氏以为破结实而名，亦未必然。

【发明】
元素曰︰枳壳破气，胜湿化痰，泄肺走大肠，多用损胸中至高之气，只可二、三服而已。禀受素壮而气刺痛者，看在何杲曰︰气血弱者不可服，以其损气也。

好古曰︰枳壳主高，枳实主下；高者主气，下者主血。故壳主胸膈皮毛之病，实主心腹脾胃之病，大同小异。朱肱《活人书》言︰治痞宜先用桔梗枳壳汤，非用此治心下痞也。果知能消分别。魏、晋以来，始分实、壳之用。

皆能利气。气下则痰喘止，气行则痞胀消，气通则痛刺止，气利则后重除。故以枳壳利胸膈，枳实利肠胃。然张仲景治胸痹痞满，以枳实为要药；诸方治下血痔痢、大肠秘塞、里急后重，又以枳壳为通用。则枳实不独治下，而壳不独治高也。盖自飞门至魄门，皆肺主之，三焦相通，一气而已。则二物分之可也，不分亦无伤。杜壬方载湖阳公方。用枳壳四两，甘草二两，为末。每服一钱，白汤点服。自五月后一日一服，至临月，不惟易产，仍无胎中恶病也。张洁古《活法机要》改以枳术丸日服，令胎瘦易生，谓之束胎丸。

而寇宗奭《衍义》言︰胎壮则子有力易生，令服枳壳药反致无力，兼胎易产者，大不然也。以理思之，寇氏之说似觉为优。或胎前气盛壅滞者宜用之，所谓八、九月胎必用枳壳、苏梗以顺气，胎前无滞，则产后无虚也。若气禀弱者，即大非所宜矣。

震享曰︰难产多见于郁闷安逸之人，富贵奉养之家。古方瘦胎饮，为湖阳公主作也。予妹苦于难产，其形肥而好坐，予思此与公主正相反也。彼奉养之人，其气必实，故耗其气使平则易产。今形肥则气虚，久坐则气不运，当补其母之气。以紫苏饮加补气药，与十数贴服之，遂快产。","枳殼（枳）
【氣味】味苦、辛、酸，性微寒。
【毒性】無毒。
【歸經】歸脾、胃、大腸經。
【主治】行氣消脹，寬中除痞，化痰消積。
【釋名】子名枳實（《本經》...","MATURE BITTER ORANGE

[Taste and nature] Bitter, acrid and sour; slightly cold.

[Toxicity] Recorded as non-toxic.

[Channels] Spleen, Stomach and Large Intestine.

[Actions] Moves Qi and relieves distention; broadens the middle and reduces focal fullness; transforms phlegm and disperses accumulation.

[Names and origins]

Immature Bitter Orange and Mature Bitter Orange come from the same fruit at different stages of maturity.

Zongshi explains that the younger fruit, Immature Bitter Orange, acts more forcefully and quickly, while the larger mature fruit, Mature Bitter Orange, is gentler and slower.

Shizhen compares this distinction with that between green and aged citrus peel.

[Historical commentary]

Yuansu says Mature Bitter Orange moves stagnant Qi, transforms phlegm and overcomes Dampness, but warns that excessive use can deplete Qi in the chest.

Haogu distinguishes Mature Bitter Orange as acting more on the upper body and Qi, while Immature Bitter Orange acts more strongly on the lower abdomen and accumulation.

He nevertheless notes that the distinction is not absolute. Both regulate Qi throughout the San Jiao.

When Qi descends, wheezing and phlegm may improve; when Qi moves, distention and stabbing pain lessen; when intestinal Qi circulates, tenesmus may ease.

Historical formulas used Mature Bitter Orange for chest and diaphragm constraint as well as bowel disorders, while Immature Bitter Orange also appeared in chest impediment formulas.

Older obstetric texts sometimes used Mature Bitter Orange late in pregnancy to regulate Qi, but other physicians warned that weakening Qi could be harmful in deficient patients. The debate illustrates the importance of constitution and pattern rather than routine use.","枳殻（枳）
【性味】苦味・辛味・酸味、微寒性。【毒性】無毒。【帰経】脾・胃・大腸経。
【主治】気を巡らせ張りを消し、中焦を広げてつかえを除き、痰と食滞を消す。
【名称の由来】枳実・枳殻。寇宗奭は同じ植物の実で、小さい枳実は作用が強く速く、大きい枳殻は穏やかで緩いと説く。張仲景は急性の病に枳実を用い、気の滞りを導く処方には枳殻を用いる。蘇恭は枳実という名に対し核や果肉を含まない用法を疑問視した。李時珍は、枳は木の名、実はその果実を指し、未熟な実は皮が厚く中が詰まり、熟した実は殻が薄く中が空くと説明する。後世に別品目としたり、名を「結実を破る」意味と解したりするのは正確とは限らない。
【考証】張元素は気を散らし湿と痰を除き、肺から大腸へ働くが、多用すれば胸中の気を損なうため二、三服にとどめるという。原文のその後には欠落がある。李杲は気血の弱い者には気を損なうため用いないとする。王好古は枳殻は胸膈など上部の気、枳実は心腹・脾胃など下部の血に主として働くと説く。ただし双方とも気を通して痰喘・痞満・刺痛・後重を除き、実際の処方では上と下を厳密に分けない例もある。湖陽公の方では枳殻四両・甘草二両を粉末にし、毎服一銭を白湯で飲む。妊娠期に用いれば出産を容易にするという説があり、束胎丸もあるが、寇宗奭は胎児と母体の力を弱めるおそれを指摘する。李時珍は気が盛んで滞る妊婦には適しても、気虚なら避けるべきと論じる。朱震亨は、座りがちで肥満の妹の難産には気を削る処方でなく紫蘇飲に補気薬を加え、十数服で出産できた例を挙げる。","지각

【성미】쓴맛·매운맛·신맛, 약간 차다.

【독성】무독성으로 기록되어 있다.

【귀경】비·위·대장.

【효능】기를 움직여 팽만을 줄이고 중초를 넓혀 비만을 풀며 담을 삭이고 쌓임을 흩는다.

【명칭과 기원】

이 약재는 고전 본초서에 여러 이명과 산지가 기록되어 있다. 약용 부위의 형태와 법제 방법에 따라 성질과 작용이 달라질 수 있다.

【고전 해설】

고전 의가들은 지각의 성미와 귀경을 바탕으로 위 효능을 설명했다. 임상에서는 병의 한열·허실과 환자의 체질을 살피고, 필요한 경우 다른 약재와 배합하여 사용한다."
UI_BOOK_ENTRY_TITLE_ZHI_MU,知母,知母,Anemarrhena Rhizome,知母,지모
UI_BOOK_ENTRY_BODY_ZHI_MU,"知母
【气味】味苦、甘，性寒。
【毒性】无毒。
【归经】归肺、胃、肾经。
【主治】清热泻火，滋阴润燥。
【释名】母（《本经》音迟。《说文》作 ）、连母（《本经》）、 母（ 音匙，又音提，或作 ）、货母（《本经》）、地参（《本经》）、水参（又名水须、水浚）、 （《尔雅》，音覃）、 藩（音沉烦）、苦心（《别录》）、儿草（《别录》，又名儿踵草、女雷、女理、鹿列、韭逢、东根、野蓼、昌支）

时珍曰︰宿根之旁，初生子根，状如 虻之状，故谓之 母，讹为知母、 母也。馀多未详。

【发明】
权曰︰知母治诸热劳，患人虚而口干者，加用之。

杲曰︰知母入足阳明、手太阴。其用有四︰泻无根之肾火，疗有汗之骨蒸，止虚劳之热，滋化源之阴。仲景用此入白虎汤治不得眠者，烦躁也。烦出于肺，躁出于肾。君以石膏，佐以知母之苦寒，以清肾之源；缓以甘草、粳米，使不速下也。又凡病小便 塞而渴者，热在上焦气分，肺中伏热不能生水，膀胱绝其化源，宜用气薄、味薄、淡渗之药，以泻肺火、清肺金而滋水之化源。若热在下焦血分而不渴者，乃真水不足，膀胱干涸，乃无阴则阳无以化，法当用黄柏、知母大苦寒之药，以补肾与膀胱，使阴气行而阳自化，小便自通。方法详载木部黄柏下。

时珍曰︰肾苦燥，宜食辛以润之。肺苦逆，宜食苦以泻之。知母之辛苦寒凉，下则润肾燥而滋阴，上则清肺金而泻火，乃二经气分药也。黄柏则是肾经血分药。故二药必相须而行，昔人譬之虾与水母，必相依附。补阴之说，详黄柏条。","知母
【氣味】味苦、甘，性寒。
【毒性】無毒。
【歸經】歸肺、胃、腎經。
【主治】清熱瀉火，滋陰潤燥。
【釋名】母（《本經》音遲。《說文》作 ）、連母（《...","ANEMARRHENA RHIZOME

[Taste and nature] Bitter and sweet; cold.

[Toxicity] Recorded as non-toxic.

[Channels] Lung, Stomach and Kidney.

[Actions] Clears Heat and drains Fire; nourishes Yin and moistens dryness.

[Names and origins]

Older names include Lian Mu, Di Shen, Shui Shen, Ku Xin and numerous regional variants.

Shizhen suggests that the name may derive from the appearance of young subsidiary roots growing beside an older root.

[Historical commentary]

Quan recommends Anemarrhena Rhizome in wasting Heat with deficiency and dry mouth.

Gao places it in the Yangming and Lung systems and gives four major functions: draining deficiency Fire, treating sweating with bone-steaming Heat, relieving consumptive Heat and nourishing the source of Yin.

Its role in White Tiger Decoction illustrates this balance. Gypsum clears intense Qi-level Heat, while Anemarrhena Rhizome assists Heat clearing and protects depleted fluids and Yin.

Gao also distinguishes thirst with upper-jiao Lung Heat from lower-jiao deficiency of true Water, explaining that the therapeutic approach differs according to the level of the disorder.

Shizhen emphasizes Anemarrhena Rhizome's dual direction: upward it clears Lung Fire, while downward it nourishes Kidney Yin and relieves dryness.

He frequently pairs it conceptually with Huang Bai, with Anemarrhena Rhizome acting more on the Qi level and Huang Bai more on the blood level of the Kidney system.","知母
【性味】苦味・甘味、寒性。【毒性】無毒。【帰経】肺・胃・腎経。
【主治】熱と火を清め、陰を養い乾燥を潤す。
【名称の由来】連母、貨母、地参、水参、苦心、児草など。古書には欠字を含む多くの異名がある。李時珍は宿根の脇に生じる子根の形から名が転じたと説く。
【考証】甄権は虚による口渇を伴う熱労に加えるという。李杲は足陽明・手太陰に入り、腎の根のない火を瀉し、自汗を伴う骨蒸熱、虚労熱を治し、陰の源を滋すとする。白虎湯では石膏を主とし知母の苦寒で熱を清め、甘草・粳米で急な下降を緩める。上焦の肺熱による口渇と尿閉には薄味の薬で肺火を清め、下焦の陰不足で渇きのない尿閉には黄柏・知母で腎と膀胱を助けると区別する。李時珍は知母を肺・腎の気分の薬とし、下では腎の燥を潤し上では肺火を清める。黄柏は腎の血分の薬であり、両者を併用する意味を述べる。","지모

【성미】쓴맛·단맛, 차다.

【독성】무독성으로 기록되어 있다.

【귀경】폐·위·신.

【효능】열을 내리고 화를 사하며 음을 보하고 건조함을 윤택하게 한다.

【명칭과 기원】

이 약재는 고전 본초서에 여러 이명과 산지가 기록되어 있다. 약용 부위의 형태와 법제 방법에 따라 성질과 작용이 달라질 수 있다.

【고전 해설】

고전 의가들은 지모의 성미와 귀경을 바탕으로 위 효능을 설명했다. 임상에서는 병의 한열·허실과 환자의 체질을 살피고, 필요한 경우 다른 약재와 배합하여 사용한다."
UI_BOOK_ENTRY_TITLE_ZHI_SHI,枳实,枳實,Immature Bitter Orange,枳実,지실
UI_BOOK_ENTRY_BODY_ZHI_SHI,"枳实（枳）
【气味】味苦、辛、酸，性微寒。
【毒性】无毒。
【归经】归脾、胃、大肠经。
【主治】破气消积，化痰散痞。
【释名】子名枳实（《本经》）、枳壳（宋《开宝》）。

宗奭曰：枳实、枳壳，一物也。小则其性酷而速，大则其性详而缓。故张仲景治伤寒仓猝之病，承气汤中用枳实，皆取其疏通、决泄、破结实之义。他方但导败风壅之气，可常服者，故用枳壳，其义如此。

恭曰：既称枳实，须合核瓤，今殊不然。

时珍曰：枳乃木名，从只，谐声也。实乃其子，故曰枳实。后人因小者性速，又呼老者为枳壳。生则皮厚而实，熟则壳薄而虚，正如青橘皮、陈橘皮之义。宋人复出枳壳一条，非矣。寇氏以为破结实而名，亦未必然。

【发明】
震亨曰：枳实泻痰，能冲墙倒壁，滑窍破气之药也。

元素曰：心下痞及宿食不消，并宜枳实、黄连。

杲曰：以蜜炙用，则破水积以泄气，除内热。洁古用去脾经积血。脾无积血，则心下不痞也。

好古曰：益气则佐之以人参、白术、干姜，破气则佐之以大黄、牵牛、芒硝，此《本经》所以言益气而复言消痞也。非白术不能去湿，非枳实不能除痞。故洁古制枳术丸方，以调胃脾；张仲景治心下坚大如盘，水饮所作，枳实白术汤，用枳实七枚，术三两，水一斗，煎三升，分三服，腹中软，即消也。余见枳壳下。","枳實（枳）
【氣味】味苦、辛、酸，性微寒。
【毒性】無毒。
【歸經】歸脾、胃、大腸經。
【主治】破氣消積，化痰散痞。
【釋名】子名枳實（《本經》）、枳殼（...","IMMATURE BITTER ORANGE

[Taste and nature] Bitter, acrid and sour; slightly cold.

[Toxicity] Recorded as non-toxic.

[Channels] Spleen, Stomach and Large Intestine.

[Actions] Breaks up stagnant Qi and reduces accumulation; transforms phlegm and disperses focal fullness.

[Names and origins]

Immature Bitter Orange is the smaller, immature fruit of the same plant that yields Mature Bitter Orange when mature.

Zongshi explains that the immature fruit acts more forcefully and rapidly, which is why Zhang Zhongjing used it in urgent purgative formulas.

Shizhen compares the younger and older fruits with the relationship between green and aged citrus peel.

[Historical commentary]

Zhenheng describes Immature Bitter Orange as a powerful Qi-breaking medicine that can disperse phlegm, open obstruction and break through stubborn fullness.

Yuansu recommends it with Coptis Rhizome for epigastric focal fullness and undigested food.

Gao records honey-processing when using it to break retained fluid and regulate Qi.

Haogu explains that its effect depends greatly on combination. With Ginseng Root, White Atractylodes Rhizome and Dried Ginger it can assist a tonifying formula; with Da Huang, Qian Niu Zi or Mang Xiao it becomes strongly dispersing and draining.

Immature Bitter Orange and White Atractylodes Pill pairs Immature Bitter Orange with White Atractylodes Rhizome to regulate Spleen and Stomach function by combining removal of fullness with support of the middle.

Zhang Zhongjing's Immature Bitter Orange and White Atractylodes Decoction similarly uses the pair for firm epigastric fullness caused by retained fluids.

The herb is therefore best understood as a strong regulator of Qi and accumulation whose overall effect depends on the surrounding formula.","枳実（枳）
【性味】苦味・辛味・酸味、微寒性。【毒性】無毒。【帰経】脾・胃・大腸経。
【主治】気を強く巡らせ積滞を消し、痰を除いて痞えを散らす。
【名称の由来】枳実・枳殻。寇宗奭は同じ植物の実で、小さい枳実は作用が強く速く、大きい枳殻は穏やかで緩いと説く。張仲景は急性の病に枳実を用い、気の滞りを導く処方には枳殻を用いる。蘇恭は枳実という名に対し核や果肉を含まない用法を疑問視した。李時珍は、枳は木の名、実はその果実を指し、未熟な実は皮が厚く中が詰まり、熟した実は殻が薄く中が空くと説明する。後世に別品目としたり、名を「結実を破る」意味と解したりするのは正確とは限らない。
【考証】朱震亨は痰を瀉し、気を破って通路を開く強い薬とする。張元素は心下の痞えや宿食に黄連と合わせる。李杲は蜜で炙れば水の積を破り、気を瀉して内熱を除くとし、張潔古は脾経の積血を除くという。王好古は気を益するには人参・白朮・乾姜、気の滞りを破るには大黄・牽牛子・芒硝と合わせると説く。湿には白朮、痞えには枳実が必要として枳朮丸を紹介する。張仲景の枳実白朮湯は水飲による盤のような心下の硬い腫れに用い、枳実七枚・白朮三両を水一斗で三升に煎じ三回に分けて服む。腹が柔らかくなれば消散したとする。","지실

【성미】쓴맛·매운맛·신맛, 약간 차다.

【독성】무독성으로 기록되어 있다.

【귀경】비·위·대장.

【효능】정체된 기와 쌓임을 깨고 담을 변화시켜 심하 비만을 흩는다.

【명칭과 기원】

이 약재는 고전 본초서에 여러 이명과 산지가 기록되어 있다. 약용 부위의 형태와 법제 방법에 따라 성질과 작용이 달라질 수 있다.

【고전 해설】

고전 의가들은 지실의 성미와 귀경을 바탕으로 위 효능을 설명했다. 임상에서는 병의 한열·허실과 환자의 체질을 살피고, 필요한 경우 다른 약재와 배합하여 사용한다."
UI_BOOK_ENTRY_TITLE_ZHI_ZI,栀子,梔子,Gardenia Fruit,山梔子,치자
UI_BOOK_ENTRY_BODY_ZHI_ZI,"栀子
【气味】味苦，性寒。
【毒性】无毒。
【归经】心、肺、三焦经。
【主治】清泄肺热，疏散肌表湿热，凉血解毒。
【释名】木丹（《本经》）、越桃（《别录》）、鲜支（《纲目》），花名薝蔔（《酉阳杂俎》）。

时珍曰︰卮，酒器也。栀子象之，故名。俗作栀。司马相如赋云︰鲜支黄砾。注云︰鲜支即支子也。佛书称其花为卜，谢灵运谓之林兰，曾端伯呼为禅友。或曰︰卜金色，非栀子也。

【发明】
元素曰︰栀子轻飘而象肺，色赤而象火，故能泻肺中之火。

其用有四︰心经客热一也，除烦躁二也，去上焦虚热三也，治风四也。

震亨曰︰栀子泻三焦之火，及痞块中火邪，最清胃脘之血。其性屈曲下行，能降火从小便中泄去。凡心痛稍久，不宜温散，反助火邪。故古方多用栀子以导热药，则邪易伏而病易退。

好古曰︰本草不言栀子能吐，仲景用为吐药。栀子本非吐药，为邪气在上，拒而不纳，食令上吐，则邪因以出，所谓“其高者因而越之”也。或用为利小便药，实非利小便，乃清肺也。肺清则化行，而膀胱津液之府，得此气化而出也。本草言治大小肠热，乃辛与庚合，又与丙合，又能泄戊，先入中州故也。仲景治烦躁用栀子豉汤，烦者气也，躁者血也。气主肺，血主肾。故用栀子以治肺烦，香杲曰︰仲景以栀子色赤味苦，入心而治烦；香豉色黑味咸，入肾而治躁。

宗奭曰︰仲景治伤寒发汗吐下后，虚烦不得眠；若剧者，必反复颠倒，心中懊 ，栀子豉汤治之。因其虚，故不用大黄，有寒毒故也。栀子虽寒而无毒，治胃中热气，既亡血亡津液，腑脏无润养，内生虚热，非此物不可去也。又治心经留热，小便赤涩，用去皮栀子（火煨）、大黄、连翘、炙甘草等分末之，水煎三钱服，无不利也。

发黄，皆用栀子、茵陈、甘草、香豉四物作汤饮。又治大病后劳复，皆用栀子、鼠矢等汤，利小便而愈。其方极多，不可悉载。","梔子
【氣味】味苦，性寒。
【毒性】無毒。
【歸經】心、肺、三焦經。
【主治】清洩肺熱，疏散肌表濕熱，涼血解毒。
【釋名】木丹（《本經》）、越桃（《別錄》...","GARDENIA FRUIT

[Taste and nature] Bitter; cold.

[Toxicity] Recorded as non-toxic.

[Channels] Heart, Lung and San Jiao.

[Actions] Clears Heat and drains Fire; relieves restlessness; clears Damp-Heat; cools the blood and resolves toxicity.

[Names and origins]

Older names include Mu Dan, Yue Tao and Xian Zhi.

Shizhen explains the name from the fruit's resemblance to an ancient drinking vessel called a zhi.

[Historical commentary]

Yuansu associates the light fruit with the Lung and its red-yellow color with Fire, explaining its use for Lung and upper-jiao Heat.

He lists four broad uses: clearing pathogenic Heart Heat, relieving restlessness, removing upper-jiao deficiency Heat and treating certain Wind disorders.

Zhenheng says Gardenia Fruit drains Fire from the San Jiao and can clear Heat from epigastric constraint and the blood level of the Stomach.

Its downward tendency was traditionally understood as guiding Fire out through the urine.

Haogu explains why Zhang Zhongjing sometimes used Gardenia Fruit in formulas that induced vomiting: the herb itself is not primarily an emetic, but when pathogenic Heat is trapped high in the chest, the body's reaction may expel it upward.

Gardenia and Prepared Soybean Decoction became a classic treatment for severe restlessness and insomnia after inappropriate sweating, vomiting or purging.

Zongshi emphasizes that such patients may already have lost fluids and blood, so a harsh purgative such as Da Huang would be inappropriate.

Gardenia Fruit also appears in traditional formulas for jaundice and dark, difficult urination when Damp-Heat is present.","山梔子（梔子）
【性味】苦味、寒性。【毒性】無毒。【帰経】心・肺・三焦経。
【主治】肺熱を清め、肌表の湿熱を散らし、血を冷やして毒を解く。
【名称の由来】木丹、越桃、鮮支。花は薝蔔ともいう。李時珍は酒器の卮に形が似るため名づけられたと説き、花の呼び名について異説も挙げる。
【考証】張元素は形と色から肺火を瀉すとし、心経の客熱、煩躁、上焦の虚熱、風を除く四つの働きを挙げる。朱震亨は三焦と痞塊の火を瀉し、とくに胃脘の血熱を清め、火を下げて尿とともに排すという。王好古は、張仲景が嘔吐を促す処方に用いたのは上部の邪が食を拒む場合であり、梔子自体が常に催吐薬なのではないと説く。尿への作用も肺を清めて気化を促すためとする。梔子豉湯の煩躁について、李杲は赤く苦い梔子が心に入り、黒く鹹い香豉が腎に入ると説明する。寇宗奭は傷寒の発汗・吐下の後、虚煩で眠れない場合の梔子豉湯を挙げる。胃の虚熱や心経の留熱にも用い、尿が赤く渋るときは皮を除いた煨梔子・大黄・連翹・炙甘草を等量粉末にし三銭を水煎すると記す。黄疸には茵陳・甘草・香豉と合わせ、大病後の労復にも用いる例がある。","치자

【성미】쓴맛, 차다.

【독성】무독성으로 기록되어 있다.

【귀경】심·폐·삼초.

【효능】열을 내리고 화를 사하며 번조를 줄인다. 습열을 맑히고 혈을 식혀 독을 푼다.

【명칭과 기원】

이 약재는 고전 본초서에 여러 이명과 산지가 기록되어 있다. 약용 부위의 형태와 법제 방법에 따라 성질과 작용이 달라질 수 있다.

【고전 해설】

고전 의가들은 치자의 성미와 귀경을 바탕으로 위 효능을 설명했다. 임상에서는 병의 한열·허실과 환자의 체질을 살피고, 필요한 경우 다른 약재와 배합하여 사용한다."
UI_BOOK_ENTRY_TITLE_ZHU_RU,竹茹,竹茹,Bamboo Shavings,竹茹,죽여
UI_BOOK_ENTRY_BODY_ZHU_RU,"竹茹（竹）
【气味】味甘，性微寒。
【毒性】无毒。
【归经】归肺、胃、心、胆经。
【主治】清热化痰，除烦止呕。
【释名】时珍曰︰竹字象形。许慎《说文》云︰“竹，冬生草也”。故字从倒草。戴凯之《竹谱》云︰植物之中，有名曰竹。不刚不柔，非草非木。小异实虚，大同节目。

【发明】","竹茹（竹）
【氣味】味甘，性微寒。
【毒性】無毒。
【歸經】歸肺、胃、心、膽經。
【主治】清熱化痰，除煩止嘔。
【釋名】時珍曰︰竹字象形。許慎《說文》雲︰...","BAMBOO SHAVINGS

[Taste and nature] Sweet; slightly cold.

[Toxicity] Recorded as non-toxic.

[Channels] Lung, Stomach, Heart and Gallbladder.

[Actions] Clears Heat and transforms phlegm; relieves restlessness and stops vomiting.

[Names and origins]

Zhu Ru refers to the thin inner shavings taken from bamboo stems.

Shizhen discusses the written form of zhu, 'bamboo,' and cites older botanical descriptions that portray bamboo as neither fully grass nor ordinary wood, yet recognizable by its hollow segmented stalk.

[Historical commentary]

The surviving source entry contains no separate commentary beyond the basic description.

Its traditional medicinal identity is therefore defined mainly by its sweet, slightly cold nature and its use for Heat-phlegm, irritability and nausea or vomiting.

Later formulas commonly rely on its gentle cooling quality when phlegm and Heat disturb the Stomach, Heart or Gallbladder.","竹茹（竹）
【性味】甘味、微寒性。【毒性】無毒。【帰経】肺・胃・心・胆経。
【主治】熱を清め痰を除き、煩わしさと嘔吐を止める。
【名称の由来】李時珍は「竹」の字が竹の形を表すといい、『説文』の「冬に生える草」および『竹譜』の「草でも木でもなく、節を持つ植物」という説明を引く。
【考証】原文に記載なし。","죽여

【성미】단맛, 약간 차다.

【독성】무독성으로 기록되어 있다.

【귀경】폐·위·심·담.

【효능】열을 내리고 담을 삭이며 번조를 줄이고 구토를 멎게 한다.

【명칭과 기원】

이 약재는 고전 본초서에 여러 이명과 산지가 기록되어 있다. 약용 부위의 형태와 법제 방법에 따라 성질과 작용이 달라질 수 있다.

【고전 해설】

고전 의가들은 죽여의 성미와 귀경을 바탕으로 위 효능을 설명했다. 임상에서는 병의 한열·허실과 환자의 체질을 살피고, 필요한 경우 다른 약재와 배합하여 사용한다."
UI_BOOK_ENTRY_TITLE_ZHU_YE,竹叶,竹葉,Bamboo Leaf,竹葉,죽엽
UI_BOOK_ENTRY_BODY_ZHU_YE,"竹叶（竹）
【气味】味甘、淡，性寒。
【毒性】无毒。
【归经】归心、胃、小肠经。
【主治】清热泻火，除烦，生津利尿。
【释名】时珍曰︰竹字象形。许慎《说文》云︰“竹，冬生草也”。故字从倒草。戴凯之《竹谱》云︰植物之中，有名曰竹。不刚不柔，非草非木。小异实虚，大同节目。

【发明】
弘景曰︰甘竹叶最胜。

诜曰︰竹叶︰ 、苦、淡、甘之外，馀皆不堪入药，不宜人。淡竹为上，甘竹次之。

宗奭曰︰诸竹笋性皆微寒，故知其叶一致也。张仲景竹叶汤，惟用淡竹。

元素曰︰竹叶苦平，阴中微阳。

杲曰︰竹叶辛苦寒，可升可降，阳中阴也。其用有二︰除新久风邪之烦热，止喘促气胜","竹葉（竹）
【氣味】味甘、淡，性寒。
【毒性】無毒。
【歸經】歸心、胃、小腸經。
【主治】清熱瀉火，除煩，生津利尿。
【釋名】時珍曰︰竹字象形。許慎《說文...","BAMBOO LEAF

[Taste and nature] Sweet and bland; cold.

[Toxicity] Recorded as non-toxic.

[Channels] Heart, Stomach and Small Intestine.

[Actions] Clears Heat and drains Fire; relieves restlessness; generates fluids and promotes urination.

[Names and origins]

Shizhen discusses the ancient written form of the word zhu, 'bamboo,' and cites descriptions of bamboo as a distinctive plant with hollow segmented stems.

[Historical commentary]

Hongjing considered sweet bamboo leaves especially good for medicinal use.

Shen distinguishes several bamboo varieties and ranks Dan Zhu, 'light bamboo,' as the preferred medicinal source, with sweet bamboo next.

Zongshi notes that bamboo shoots are generally cooling and infers a similar nature for the leaves. Zhang Zhongjing's Bamboo Leaf Decoction specifically uses Dan Zhu leaves.

Yuansu describes Bamboo Leaf as bitter-neutral with a subtle upward aspect.

Gao says its action can both rise and descend. He gives two major functions: clearing persistent or recently contracted Heat and restlessness, and relieving rapid breathing associated with excess Qi.

Its light, cooling nature explains its traditional use when Heat irritates the Heart and Stomach while fluids are being consumed.","竹葉（竹）
【性味】甘味・淡味、寒性。【毒性】無毒。【帰経】心・胃・小腸経。
【主治】熱と火を清め、煩わしさを除き、津液を生じて尿を通す。
【名称の由来】李時珍は「竹」の字が竹の形を表すといい、『説文』と『竹譜』の説明を引く。草でも木でもなく、節を持つ植物とされる。
【考証】陶弘景は甘竹の葉が最もよいという。孟詵は薬用できる竹葉の種類を限り、淡竹を第一、甘竹を次とする。寇宗奭は竹の筍がみな微寒性なので葉も同様とし、張仲景の竹葉湯には淡竹だけを使うと記す。張元素は苦味・平性で陰の中にわずかな陽を備えるという。李杲は辛苦で寒、昇降両方に働き、新旧の風邪による煩熱を除き、喘促を止めるという。末尾は原文が途切れている。","죽엽

【성미】단맛·담담한 맛, 차다.

【독성】무독성으로 기록되어 있다.

【귀경】심·위·소장.

【효능】열을 내리고 화를 사하며 번조를 줄인다. 진액을 만들고 소변을 돕는다.

【명칭과 기원】

이 약재는 고전 본초서에 여러 이명과 산지가 기록되어 있다. 약용 부위의 형태와 법제 방법에 따라 성질과 작용이 달라질 수 있다.

【고전 해설】

고전 의가들은 죽엽의 성미와 귀경을 바탕으로 위 효능을 설명했다. 임상에서는 병의 한열·허실과 환자의 체질을 살피고, 필요한 경우 다른 약재와 배합하여 사용한다."
UI_BOOK_ENTRY_TITLE_ZI_WAN,紫菀,紫菀,Aster Root,紫苑,자완
UI_BOOK_ENTRY_BODY_ZI_WAN,"紫菀
【气味】味辛、苦，性温。
【毒性】无毒。
【归经】归肺经。
【主治】润肺下气，化痰止咳。
【释名】青菀（《别录》）、紫蒨（《别录》）、返魂草（《纲目》）、夜牵牛（《斗门方》）。

时珍曰︰其根色紫而柔宛，故名许慎《说文》作茈菀。《斗门方》谓之返魂草。

【发明】","紫菀
【氣味】味辛、苦，性溫。
【毒性】無毒。
【歸經】歸肺經。
【主治】潤肺下氣，化痰止咳。
【釋名】青菀（《別錄》）、紫蒨（《別錄》）、返魂草（《綱目...","ASTER ROOT

[Taste and nature] Acrid and bitter; warm.

[Toxicity] Recorded as non-toxic.

[Channel] Lung.

[Actions] Moistens the Lung and directs Qi downward; transforms phlegm and stops cough.

[Names and origins]

Older names include Qing Wan, Zi Qian, Fan Hun Cao and Ye Qian Niu.

Shizhen explains the name from the root's purple color and soft, curved form.

An older text calls it Fan Hun Cao, 'soul-returning herb,' reflecting its historical reputation in severe cough and respiratory disorders.

[Historical commentary]

The surviving source entry contains no separate commentary section beyond the naming explanation.

Its medicinal identity is therefore summarized by its warm, moistening and downward-directing action on the Lung.

Unlike strongly drying phlegm herbs, Aster Root was valued for chronic cough in which phlegm coexisted with Lung dryness or deficiency.","紫苑（紫菀）
【性味】辛味・苦味、温性。【毒性】無毒。【帰経】肺経。
【主治】肺を潤して気を下ろし、痰を除いて咳を止める。
【名称の由来】青菀、紫蒨、返魂草、夜牽牛。李時珍は紫色で柔らかくしなやかな根から名づけられたという。『説文』には茈菀とあり、『斗門方』には返魂草とある。
【考証】原文に記載なし。","자완

【성미】매운맛·쓴맛, 따뜻하다.

【독성】무독성으로 기록되어 있다.

【귀경】폐.

【효능】폐를 윤택하게 하고 기를 아래로 내려 담을 삭여 기침을 멎게 한다.

【명칭과 기원】

이 약재는 고전 본초서에 여러 이명과 산지가 기록되어 있다. 약용 부위의 형태와 법제 방법에 따라 성질과 작용이 달라질 수 있다.

【고전 해설】

고전 의가들은 자완의 성미와 귀경을 바탕으로 위 효능을 설명했다. 임상에서는 병의 한열·허실과 환자의 체질을 살피고, 필요한 경우 다른 약재와 배합하여 사용한다."
UI_BOOK_ENTRY_TITLE_MA_HUANG_TANG,麻黄汤,麻黃湯,Ephedra Decoction,麻黄湯,마황탕
UI_BOOK_ENTRY_BODY_MA_HUANG_TANG,"麻黄汤
【出处】《伤寒论》
【功效】发汗解表，宣肺平喘
【主治】风寒表实证
【组成】
君：麻黄 三钱
臣：桂枝 二钱
佐：杏仁 二钱
使：甘草 一钱
【配伍】
麻桂相须，增强发汗散寒之力，专治表实无汗。
麻杏相使，宣降相配，专治寒邪闭肺之喘逆。
甘草调和诸药","麻黃湯
【出處】《傷寒論》
【功效】發汗解表，宣肺平喘
【主治】風寒表實證
【組成】
君：麻黃 三錢
臣：桂枝 二錢
佐：杏仁 二錢
使：甘草 一錢
【配...","EPHEDRA DECOCTION
[Source] Treatise on Cold Damage
[Actions] Promotes sweating to release the Exterior; disperses Lung Qi to ease wheezing
[Indication] Wind-Cold Exterior Excess pattern
[Ingredients]
Chief: Ephedra Herb 3 qian
Deputy: Cinnamon Twig 2 qian
Assistant: Apricot Kernel 2 qian
Envoy: Licorice Root 1 qian
[How the ingredients work together]
Ephedra Herb and Cinnamon Twig reinforce one another in promoting sweating and dispersing Cold, addressing an Exterior Excess pattern without sweating.
Ephedra Herb and Apricot Kernel work together to disperse and descend Lung Qi, addressing wheezing when Cold obstructs the Lung.
Licorice Root harmonizes the ingredients.","麻黄湯
【出典】『傷寒論』
【効能】発汗して表の邪を解き、肺気を巡らせて喘ぎを鎮める
【主治】風寒表実証
【構成】
君：麻黄 三銭
臣：桂枝 二銭
佐：杏仁 二銭
使：甘草 一銭
【配伍】
麻黄と桂枝を併用し、発汗と散寒の働きを強め、表実で汗が出ない状態を治す。
麻黄と杏仁は肺気の宣発と下降を助け合い、寒邪が肺を塞いで起こる喘ぎに用いる。
甘草は薬材全体を調和させる。","마황탕
【출전】『상한론』
【효능】발한하여 표사를 풀고 폐기를 소통해 천식을 완화한다.
【주치】풍한표실증
【구성】
군약: 마황 3 전
신약: 계지 2 전
좌약: 행인 2 전
사약: 감초 1 전
【배오】
마황 3 전·계지 2 전·행인 2 전·감초 1 전을 중심으로 구성하여 풍한표실증의 병기를 다스린다. 군약이 주된 병사를 치료하고, 신약과 좌약이 기혈·장부를 보조하며, 사약이 여러 약재의 작용을 조화시킨다."
UI_BOOK_ENTRY_TITLE_GUI_ZHI_TANG,桂枝汤,桂枝湯,Cinnamon Twig Decoction,桂枝湯,계지탕
UI_BOOK_ENTRY_BODY_GUI_ZHI_TANG,"桂枝汤
【出处】《伤寒论》
【功效】解肌发表，调和营卫
【主治】风寒表虚证
【组成】
君：桂枝 三钱
臣：白芍 三钱
佐：生姜 三钱，大枣 二钱
使：甘草 二钱
【配伍】
桂枝辛散卫邪，白芍酸敛营阴；一散一收，调和营卫，不伤正、不敛邪。
姜枣相合，调和脾胃，化生气血，资营卫之源。","桂枝湯
【出處】《傷寒論》
【功效】解肌發表，調和營衛
【主治】風寒表虛證
【組成】
君：桂枝 三錢
臣：白芍 三錢
佐：生薑 三錢，大棗 二錢
使：甘草...","CINNAMON TWIG DECOCTION
[Source] Treatise on Cold Damage
[Actions] Releases the muscle layer and Exterior; harmonizes nutritive and defensive Qi
[Indication] Wind-Cold Exterior Deficiency pattern
[Ingredients]
Chief: Cinnamon Twig 3 qian
Deputy: White Peony Root 3 qian
Assistant: Fresh Ginger 3 qian, Jujube 2 qian
Envoy: Licorice Root 2 qian
[How the ingredients work together]
Cinnamon Twig is acrid and disperses pathogenic influences from the defensive layer; White Peony Root is sour and astringent, protecting nutritive Yin. One disperses and the other gathers, harmonizing nutritive and defensive Qi without weakening healthy Qi or trapping the pathogenic influence.
Fresh Ginger and Jujube work together to harmonize the Spleen and Stomach and support the formation of Qi and blood, the source of nutritive and defensive Qi.","桂枝湯
【出典】『傷寒論』
【効能】肌表を解き、営と衛を調和させる
【主治】風寒表虚証
【構成】
君：桂枝 三銭
臣：白芍 三銭
佐：生姜 三銭、大棗 二銭
使：甘草 二銭
【配伍】
桂枝は衛の邪を散らし、白芍は営陰を収める。散らす働きと収める働きが営衛を整え、正気を傷めず邪も閉じ込めない。
生姜と大棗は脾胃を整え、気血を生み、営衛を養う。","계지탕
【출전】『상한론』
【효능】근표를 풀고 영위의 기를 조화시킨다.
【주치】풍한표허증
【구성】
군약: 계지 3 전
신약: 백작약 3 전
좌약: 생강 3 전, 대추 2 전
사약: 감초 2 전
【배오】
계지 3 전·백작약 3 전·생강 3 전·대추 2 전·감초 2 전을 중심으로 구성하여 풍한표허증의 병기를 다스린다. 군약이 주된 병사를 치료하고, 신약과 좌약이 기혈·장부를 보조하며, 사약이 여러 약재의 작용을 조화시킨다."
UI_BOOK_ENTRY_TITLE_YIN_QIAO_SAN,银翘散,銀翹散,Honeysuckle and Forsythia Powder,銀翹散,은교산
UI_BOOK_ENTRY_BODY_YIN_QIAO_SAN,"银翘散
【出处】《温病条辨》
【功效】辛凉透表，清热解毒
【主治】风热表证
【组成】
君：金银花 一两，连翘 一两
臣：牛蒡子 六钱，荆芥四钱，薄荷 六钱，淡豆豉 五钱
佐：桔梗 六钱，芦根 四钱，竹叶 四钱
使：甘草 五钱
【配伍】
金银花、连翘：辛凉透表、疏散风热，清热解毒，轻清宣透上焦风热
薄荷、牛蒡子：辛凉疏散风热，清利咽喉、宣肺止咳
荆芥穗、淡豆豉：辛温透表，发汗透邪，防寒凉郁遏气机，助邪外达
桔梗：宣肺利咽、开气止咳
淡竹叶、芦根：清热生津、除烦止渴，缓解风热口渴
生甘草：调和诸药，兼清热解毒、利咽止痛","銀翹散
【出處】《溫病條辨》
【功效】辛涼透表，清熱解毒
【主治】風熱表證
【組成】
君：金銀花 一兩，連翹 一兩
臣：牛蒡子 六錢，荊芥四錢，薄荷 六錢...","HONEYSUCKLE AND FORSYTHIA POWDER
[Source] Systematic Differentiation of Warm Diseases
[Actions] Releases the Exterior with acrid, cool herbs; clears Heat and resolves toxin
[Indication] Wind-Heat Exterior pattern
[Ingredients]
Chief: Honeysuckle Flower 1 liang, Forsythia Fruit 1 liang
Deputy: Burdock Fruit 6 qian, Schizonepeta Herb 4 qian, Mint 6 qian, Fermented Soybean 5 qian
Assistant: Platycodon Root 6 qian, Reed Rhizome 4 qian, Bamboo Leaf 4 qian
Envoy: Licorice Root 5 qian
[How the ingredients work together]
Honeysuckle Flower and Forsythia Fruit release the Exterior, disperse Wind-Heat, clear Heat and resolve toxin, especially in the upper body.
Mint and Burdock Fruit cool and disperse Wind-Heat, ease the throat, disperse Lung Qi and relieve cough.
Schizonepeta Herb and Fermented Soybean are acrid and warm; they help release the Exterior so cool ingredients do not impede the movement of Qi.
Platycodon Root disperses Lung Qi, soothes the throat and relieves cough.
Bamboo Leaf and Reed Rhizome clear Heat, generate body fluids and ease restlessness and thirst.
Licorice Root harmonizes the ingredients while helping to clear Heat and ease throat pain.","銀翹散
【出典】『温病条弁』
【効能】辛涼の薬で表の邪を透かし、熱を清め毒を解く
【主治】風熱表証
【構成】
君：金銀花 一両、連翹 一両
臣：牛蒡子 六銭、荊芥 四銭、薄荷 六銭、淡豆豉 五銭
佐：桔梗 六銭、芦根 四銭、竹葉 四銭
使：甘草 五銭
【配伍】
金銀花・連翹：風熱を散らし、熱を清め毒を解き、上焦の邪を外へ透かす。
薄荷・牛蒡子：風熱を散らし、喉を清め、肺気を巡らせて咳を鎮める。
荊芥穂・淡豆豉：温かい性質で発汗を促し、寒涼の薬で気の流れが滞るのを防ぐ。
桔梗：肺気を巡らせ、喉を整え、咳を鎮める。
淡竹葉・芦根：熱を清めて津液を生み、いらだちと渇きを和らげる。
生甘草：諸薬を調和し、熱を清め、喉の痛みを和らげる。","은교산
【출전】『온병조변』
【효능】맵고 서늘한 약으로 표사를 풀고 열을 내리며 독을 푼다.
【주치】풍열표증
【구성】
군약: 금은화 1 냥, 연교 1 냥
신약: 우방자 6 전, 형개 4 전, 박하 6 전, 담두시 5 전
좌약: 길경 6 전, 노근 4 전, 죽엽 4 전
사약: 감초 5 전
【배오】
금은화 1 냥·연교 1 냥·우방자 6 전·형개 4 전·박하 6 전을 중심으로 구성하여 풍열표증의 병기를 다스린다. 군약이 주된 병사를 치료하고, 신약과 좌약이 기혈·장부를 보조하며, 사약이 여러 약재의 작용을 조화시킨다."
UI_BOOK_ENTRY_TITLE_SANG_XING_TANG,桑杏汤,桑杏湯,Mulberry Leaf and Apricot Kernel Decoction,桑杏湯,상행탕
UI_BOOK_ENTRY_BODY_SANG_XING_TANG,"桑杏汤
【出处】《温病条辨》
【功效】清宣温燥，润肺止咳
【主治】温燥证
【组成】
君：桑叶 一钱五分，杏仁 二钱
臣：沙参 一钱
佐：贝母 一钱，淡豆豉 一钱，栀子 一钱，梨皮一钱
使：
【配伍】
桑叶：轻清宣透、疏散上焦温燥
杏仁：苦润降肺、润燥止咳
淡豆豉：透表散邪
贝母：清热化痰、润肺散结
沙参：养阴生津、润肺
栀子：轻清泄上焦燥热
梨皮：清热润燥、生津止渴","桑杏湯
【出處】《溫病條辨》
【功效】清宣溫燥，潤肺止咳
【主治】溫燥證
【組成】
君：桑葉 一錢五分，杏仁 二錢
臣：沙參 一錢
佐：貝母 一錢，淡豆豉...","MULBERRY LEAF AND APRICOT KERNEL DECOCTION
[Source] Systematic Differentiation of Warm Diseases
[Actions] Gently disperses Warm Dryness; moistens the Lung and eases cough
[Indication] Warm Dryness pattern
[Ingredients]
Chief: Mulberry Leaf 1 qian 5 fen, Apricot Kernel 2 qian
Deputy: Adenophora Root 1 qian
Assistant: Fritillaria Bulb 1 qian, Fermented Soybean 1 qian, Gardenia Fruit 1 qian, Pear Peel 1 qian
Envoy:
[How the ingredients work together]
Mulberry Leaf gently disperses Warm Dryness from the upper body.
Apricot Kernel moistens Dryness, directs Lung Qi downward and eases cough.
Fermented Soybean helps release pathogenic influences from the Exterior.
Fritillaria Bulb clears Heat, transforms phlegm, moistens the Lung and disperses accumulation.
Adenophora Root nourishes Yin, generates body fluids and moistens the Lung.
Gardenia Fruit clears Dryness-Heat from the upper body.
Pear Peel clears Heat, moistens Dryness, generates fluids and eases thirst.","桑杏湯
【出典】『温病条弁』
【効能】温燥を清めて肺気を巡らせ、肺を潤して咳を鎮める
【主治】温燥証
【構成】
君：桑葉 一銭五分、杏仁 二銭
臣：沙参 一銭
佐：貝母 一銭、淡豆豉 一銭、山梔子 一銭、梨皮 一銭
使：
【配伍】
桑葉：軽やかに上焦の温燥を外へ透かす。
杏仁：肺気を下ろし、乾燥を潤して咳を鎮める。
淡豆豉：表の邪を散らす。
貝母：熱を清めて痰を除き、肺を潤す。
沙参：陰と津液を養い、肺を潤す。
山梔子：上焦の燥熱を清める。
梨皮：熱と乾燥を和らげ、津液を生んで渇きを鎮める。","상행탕
【출전】『온병조변』
【효능】온조를 가볍게 흩고 폐를 윤택하게 하여 기침을 멎게 한다.
【주치】온조증
【구성】
군약: 상엽 1 전 5 푼, 행인 2 전
신약: 사삼 1 전
좌약: 패모 1 전, 담두시 1 전, 치자 1 전, 이피 1 전
사약: 없음
【배오】
상엽 1 전 5 푼·행인 2 전·사삼 1 전·패모 1 전·담두시 1 전을 중심으로 구성하여 온조증의 병기를 다스린다. 군약이 주된 병사를 치료하고, 신약과 좌약이 기혈·장부를 보조하며, 사약이 여러 약재의 작용을 조화시킨다."
UI_BOOK_ENTRY_TITLE_XING_SU_SAN,杏苏散,杏蘇散,Apricot Kernel and Perilla Leaf Powder,杏蘇散,행소산
UI_BOOK_ENTRY_BODY_XING_SU_SAN,"杏苏散
【出处】《温病条辨》
【功效】轻宣凉燥，理肺化痰
【主治】凉燥证
【组成】
君：杏仁 三钱，苏叶 三钱
臣：半夏 三钱，前胡 三钱，陈皮 三钱
佐：茯苓 二钱，桔梗 二钱，枳壳 二钱
使：甘草 一钱
【配伍】
苏叶：辛温发散，轻宣凉燥、疏散风寒；
杏仁：苦温润燥，降肺止咳。
前胡：疏风降气、化痰；
桔梗枳壳：一升一降，宣畅肺气。
半夏、陈皮、茯苓：燥湿化痰、理气健脾，杜生痰之源。
生甘草：调和诸药","杏蘇散
【出處】《溫病條辨》
【功效】輕宣涼燥，理肺化痰
【主治】涼燥證
【組成】
君：杏仁 三錢，蘇葉 三錢
臣：半夏 三錢，前胡 三錢，陳皮 三錢
佐...","APRICOT KERNEL AND PERILLA LEAF POWDER
[Source] Systematic Differentiation of Warm Diseases
[Actions] Gently disperses Cool Dryness; regulates the Lung and transforms phlegm
[Indication] Cool Dryness pattern
[Ingredients]
Chief: Apricot Kernel 3 qian, Perilla Leaf 3 qian
Deputy: Pinellia Rhizome 3 qian, Peucedanum Root 3 qian, Aged Tangerine Peel 3 qian
Assistant: Poria 2 qian, Platycodon Root 2 qian, Zhi Qiao 2 qian
Envoy: Licorice Root 1 qian
[How the ingredients work together]
Perilla Leaf is acrid and warm; it gently disperses Cool Dryness and Wind-Cold.
Apricot Kernel moistens Dryness, directs Lung Qi downward and eases cough.
Peucedanum Root disperses Wind, directs Qi downward and transforms phlegm.
Platycodon Root raises and Zhi Qiao lowers Qi, together promoting the free movement of Lung Qi.
Pinellia Rhizome, Aged Tangerine Peel and Poria dry Dampness, transform phlegm, regulate Qi and support the Spleen.
Licorice Root harmonizes the ingredients.","杏蘇散
【出典】『温病条弁』
【効能】涼燥を軽く散らし、肺気を整えて痰を除く
【主治】涼燥証
【構成】
君：杏仁 三銭、蘇葉 三銭
臣：半夏 三銭、前胡 三銭、陳皮 三銭
佐：茯苓 二銭、桔梗 二銭、枳殻 二銭
使：甘草 一銭
【配伍】
蘇葉：温かい性質で風寒と涼燥を軽く散らす。
杏仁：乾燥を潤し、肺気を下ろして咳を鎮める。
前胡：風を散らし、気を下ろして痰を除く。
桔梗と枳殻：一方は気を上げ、他方は下ろして肺気を整える。
半夏・陳皮・茯苓：湿を乾かして痰を除き、気と脾を整えて痰の生じる元を抑える。
生甘草：諸薬を調和させる。","행소산
【출전】『온병조변』
【효능】량조를 가볍게 흩고 폐기를 조절해 담을 삭인다.
【주치】량조증
【구성】
군약: 행인 3 전, 자소엽 3 전
신약: 반하 3 전, 전호 3 전, 진피 3 전
좌약: 복령 2 전, 길경 2 전, 지각 2 전
사약: 감초 1 전
【배오】
행인 3 전·자소엽 3 전·반하 3 전·전호 3 전·진피 3 전을 중심으로 구성하여 량조증의 병기를 다스린다. 군약이 주된 병사를 치료하고, 신약과 좌약이 기혈·장부를 보조하며, 사약이 여러 약재의 작용을 조화시킨다."
UI_BOOK_ENTRY_TITLE_YU_PING_FENG_SAN,玉屏风散,玉屏風散,Jade Windscreen Powder,玉屏風散,옥병풍산
UI_BOOK_ENTRY_BODY_YU_PING_FENG_SAN,"玉屏风散
【出处】《究原方》
【功效】益气固表，止汗御风
【主治】卫气虚
【组成】
君：黄芪  一两
臣：白术 一两
佐：防风 五钱
使：
【配伍】
黄芪：大补肺脾之气，固表实卫、益气止汗。
白术：健脾益气，助黄芪培补元气、固护肌表。
防风：走肌表、疏散风邪，固表不留邪、祛风不伤正。","玉屏風散
【出處】《究原方》
【功效】益氣固表，止汗御風
【主治】衛氣虛
【組成】
君：黃耆  一兩
臣：白朮 一兩
佐：防風 五錢
使：
【配伍】
黃耆...","JADE WINDSCREEN POWDER
[Source] Formulas for Investigating Origins
[Actions] Supports Qi and strengthens the Exterior; reduces sweating and protects against Wind
[Indication] Defensive Qi Deficiency
[Ingredients]
Chief: Astragalus Root 1 liang
Deputy: White Atractylodes Rhizome 1 liang
Assistant: Saposhnikovia Root 5 qian
Envoy:
[How the ingredients work together]
Astragalus Root supports Lung and Spleen Qi, strengthens the Exterior and defensive Qi, and reduces sweating.
White Atractylodes Rhizome strengthens Spleen Qi, helping Astragalus Root support original Qi and protect the body's surface.
Saposhnikovia Root reaches the surface and disperses Wind. It allows the formula to strengthen the Exterior without retaining a pathogenic influence, and to dispel Wind without weakening healthy Qi.","玉屏風散
【出典】『究原方』
【効能】気を補って表を固め、汗を止めて風を防ぐ
【主治】衛気虚
【構成】
君：黄耆 一両
臣：白朮 一両
佐：防風 五銭
使：
【配伍】
黄耆：肺と脾の気を大いに補い、体表を固めて汗を抑える。
白朮：脾と気を補い、黄耆を助けて体表を守る。
防風：肌表の風邪を散らす。表を固めながら邪を閉じ込めず、風を除きながら正気を傷めない。","옥병풍산
【출전】『구원방』
【효능】기를 보하고 표를 튼튼하게 하며 땀을 줄이고 풍사를 막는다.
【주치】위기허증
【구성】
군약: 황기 1 냥
신약: 백출 1 냥
좌약: 방풍 5 전
사약: 없음
【배오】
황기 1 냥·백출 1 냥·방풍 5 전을 중심으로 구성하여 위기허증의 병기를 다스린다. 군약이 주된 병사를 치료하고, 신약과 좌약이 기혈·장부를 보조하며, 사약이 여러 약재의 작용을 조화시킨다."
UI_BOOK_ENTRY_TITLE_WU_TOU_TANG,乌头汤,烏頭湯,Aconite Decoction,烏頭湯,오두탕
UI_BOOK_ENTRY_BODY_WU_TOU_TANG,"乌头汤
【出处】《金匮要略》
【功效】温经散寒，除湿止痛
【主治】痛痹（寒痹）
【组成】
君：乌头 二钱
臣：麻黄 三钱
佐：白芍 三钱，黄芪 三钱
使：甘草 三钱，蜂蜜 一斤
【配伍】
乌头：大辛大热，温经散寒、逐寒湿、止剧痛，专治寒凝痹痛；
麻黄：发汗散寒，宣通经络，助乌头透邪外出。
黄芪：益气固表、扶正实卫，防辛散耗气；
白芍：养血和营、缓急止痛，柔筋止拘挛；
炙甘草、蜂蜜：缓乌头峻烈毒性，调和诸药，缓急止痛。","烏頭湯
【出處】《金匱要略》
【功效】溫經散寒，除濕止痛
【主治】痛痹（寒痹）
【組成】
君：烏頭 二錢
臣：麻黃 三錢
佐：白芍 三錢，黃耆 三錢
使：...","ACONITE DECOCTION
[Source] Essentials from the Golden Cabinet
[Actions] Warms the channels, disperses Cold and Dampness, and eases pain
[Indication] Painful Cold Bi pattern
[Ingredients]
Chief: Aconite Root 2 qian
Deputy: Ephedra Herb 3 qian
Assistant: White Peony Root 3 qian, Astragalus Root 3 qian
Envoy: Licorice Root 3 qian, Honey 1 jin
[How the ingredients work together]
Aconite Root is intensely warming; it warms the channels, disperses Cold-Dampness and eases severe pain from Cold obstruction.
Ephedra Herb promotes sweating and disperses Cold, opens the channels and helps expel the pathogenic influence.
Astragalus Root supports Qi and strengthens the Exterior, helping protect healthy Qi during dispersal.
White Peony Root nourishes blood, harmonizes the nutritive layer, relaxes the sinews and eases spasms and pain.
Prepared Licorice Root and Honey temper the strong toxicity of Aconite Root, harmonize the ingredients and ease spasms and pain.","烏頭湯
【出典】『金匱要略』
【効能】経絡を温めて寒を散らし、湿を除いて痛みを鎮める
【主治】痛痺（寒痺）
【構成】
君：烏頭 二銭
臣：麻黄 三銭
佐：白芍 三銭、黄耆 三銭
使：甘草 三銭、蜂蜜 一斤
【配伍】
烏頭：強い温熱の性質で経絡を温め、寒湿を追い払い、強い痛みを鎮める。
麻黄：発汗して寒を散らし、経絡を通じさせて邪を外へ出す。
黄耆：気を補って表を固め、辛散による消耗を防ぐ。
白芍：血と営を養い、筋のひきつれを緩めて痛みを鎮める。
炙甘草・蜂蜜：烏頭の強い毒性を和らげ、諸薬を調和し、痛みを緩める。","오두탕
【출전】『금궤요략』
【효능】경맥을 따뜻하게 하고 한습을 흩어 통증을 완화한다.
【주치】한비증
【구성】
군약: 오두 2 전
신약: 마황 3 전
좌약: 백작약 3 전, 황기 3 전
사약: 감초 3 전, 봉밀 1 근
【배오】
오두 2 전·마황 3 전·백작약 3 전·황기 3 전·감초 3 전을 중심으로 구성하여 한비증의 병기를 다스린다. 군약이 주된 병사를 치료하고, 신약과 좌약이 기혈·장부를 보조하며, 사약이 여러 약재의 작용을 조화시킨다."
UI_BOOK_ENTRY_TITLE_BAI_HU_GUI_ZHI_TANG,白虎桂枝汤,白虎桂枝湯,White Tiger Decoction with Cinnamon Twig,白虎桂枝湯,백호계지탕
UI_BOOK_ENTRY_BODY_BAI_HU_GUI_ZHI_TANG,"白虎桂枝汤
【出处】《金匮要略》
【功效】清热通络，和营祛风
【主治】热痹
【组成】
君：石膏 二两
臣：知母 六钱
佐：桂枝 三钱，粳米 五钱
使：甘草 三钱
【配伍】
生石膏：大寒大清，清气分实热，泻火除烦，专治关节红肿灼热。
知母：苦寒清热、滋阴润燥，助石膏清泄里热。
桂枝：辛温通络、祛风和营，引药直达经络关节，散经络风湿热邪；辛温反佐，防寒凉凝滞气血。
炙甘草、粳米：益气养胃，缓和石膏、知母寒凉之性，保护胃气。","白虎桂枝湯
【出處】《金匱要略》
【功效】清熱通絡，和營祛風
【主治】熱痹
【組成】
君：石膏 二兩
臣：知母 六錢
佐：桂枝 三錢，粳米 五錢
使：甘草...","WHITE TIGER DECOCTION WITH CINNAMON TWIG
[Source] Essentials from the Golden Cabinet
[Actions] Clears Heat, opens the channels, harmonizes the nutritive layer and dispels Wind
[Indication] Heat Bi pattern
[Ingredients]
Chief: Gypsum 2 liang
Deputy: Anemarrhena Rhizome 6 qian
Assistant: Cinnamon Twig 3 qian, Non-Glutinous Rice 5 qian
Envoy: Licorice Root 3 qian
[How the ingredients work together]
Raw Gypsum strongly clears Heat from the Qi level, relieves agitation and addresses red, swollen, burning joints.
Anemarrhena Rhizome clears Heat and nourishes Yin, reinforcing Gypsum in clearing internal Heat.
Cinnamon Twig warms and opens the channels, dispels Wind and harmonizes the nutritive layer, guiding the formula toward the joints. Its warmth also balances the cooling ingredients.
Prepared Licorice Root and Non-Glutinous Rice support Qi and the Stomach, temper the cooling nature of Gypsum and Anemarrhena Rhizome, and protect Stomach Qi.","白虎桂枝湯
【出典】『金匱要略』
【効能】熱を清めて経絡を通し、営を整えて風を除く
【主治】熱痺
【構成】
君：石膏 二両
臣：知母 六銭
佐：桂枝 三銭、粳米 五銭
使：甘草 三銭
【配伍】
生石膏：気分の強い熱を清め、火といらだちを除き、赤く腫れて熱を持つ関節に用いる。
知母：熱を清め、陰を養って乾燥を潤し、石膏を助ける。
桂枝：経絡を温めて通し、風を除いて営を整える。薬を関節へ導き、寒涼の薬で気血が滞るのを防ぐ。
炙甘草・粳米：気と胃を養い、石膏と知母の冷やす性質を和らげる。","백호계지탕
【출전】『금궤요략』
【효능】열을 내리고 경맥을 열며 영기를 조화시키고 풍사를 몰아낸다.
【주치】열비증
【구성】
군약: 석고 2 냥
신약: 지모 6 전
좌약: 계지 3 전, 갱미 5 전
사약: 감초 3 전
【배오】
석고 2 냥·지모 6 전·계지 3 전·갱미 5 전·감초 3 전을 중심으로 구성하여 열비증의 병기를 다스린다. 군약이 주된 병사를 치료하고, 신약과 좌약이 기혈·장부를 보조하며, 사약이 여러 약재의 작용을 조화시킨다."
UI_BOOK_ENTRY_TITLE_YI_YI_REN_TANG,薏苡仁汤,薏苡仁湯,Coix Seed Decoction,薏苡仁湯,의이인탕
UI_BOOK_ENTRY_BODY_YI_YI_REN_TANG,"薏苡仁汤
【出处】《太医院经验奇效良方大全》
【功效】除湿通络，祛风散寒
【主治】着痹（湿痹）
【组成】
君：薏苡仁 一两
臣：羌活 三钱，独活 三钱，麻黄 三钱，桂枝 三钱
佐：当归 二钱，川芎 二钱
使：甘草 三钱
【配伍】
薏苡仁：利水渗湿、健脾除痹、舒筋缓急，专治湿痹重着。
羌活、独活：祛风胜湿、通络止痛，上下分治周身湿邪
麻、桂：温经散寒、通阳通络，助祛湿
当归、川芎：养血活血、通络止痛，治风先治血、血行风自灭
甘草：调和诸药，温散助祛湿。","薏苡仁湯
【出處】《太醫院經驗奇效良方大全》
【功效】除濕通絡，祛風散寒
【主治】著痹（濕痹）
【組成】
君：薏苡仁 一兩
臣：羌活 三錢，獨活 三錢，麻...","COIX SEED DECOCTION
[Source] Complete Collection of Proven and Miraculous Formulas from the Imperial Medical Academy
[Actions] Drains Dampness, opens the channels, dispels Wind and disperses Cold
[Indication] Fixed Damp Bi pattern
[Ingredients]
Chief: Coix Seed 1 liang
Deputy: Notopterygium Root 3 qian, Angelica Pubescens Root 3 qian, Ephedra Herb 3 qian, Cinnamon Twig 3 qian
Assistant: Chinese Angelica Root 2 qian, Sichuan Lovage Rhizome 2 qian
Envoy: Licorice Root 3 qian
[How the ingredients work together]
Coix Seed promotes urination, drains Dampness, supports the Spleen, relieves Bi and relaxes the sinews in a heavy, fixed Damp Bi pattern.
Notopterygium Root and Angelica Pubescens Root dispel Wind-Dampness, open the channels and relieve pain throughout the upper and lower body.
Ephedra Herb and Cinnamon Twig warm the channels, disperse Cold and support the removal of Dampness.
Chinese Angelica Root and Sichuan Lovage Rhizome nourish and move blood, open the channels and ease pain. Moving blood also helps address Wind.
Licorice Root harmonizes the ingredients and supports the warm dispersal of Dampness.","薏苡仁湯
【出典】『太医院経験奇効良方大全』
【効能】湿を除いて経絡を通し、風と寒を散らす
【主治】着痺（湿痺）
【構成】
君：薏苡仁 一両
臣：羌活 三銭、独活 三銭、麻黄 三銭、桂枝 三銭
佐：当帰 二銭、川芎 二銭
使：甘草 三銭
【配伍】
薏苡仁：水と湿を排し、脾を整えて痺れを除き、筋を緩める。重だるい湿痺に用いる。
羌活・独活：風湿を除いて経絡を通し、全身の上下に働く。
麻黄・桂枝：経絡を温めて寒を散らし、陽を通して湿を除く。
当帰・川芎：血を養って巡らせ、経絡の痛みを和らげる。
甘草：諸薬を調和し、湿を除く働きを助ける。","의이인탕
【출전】『태의원 경험기효양방대전』
【효능】습을 빼고 경맥을 열며 풍을 몰아내고 한사를 흩는다.
【주치】착비증
【구성】
군약: 의이인 1 냥
신약: 강활 3 전, 독활 3 전, 마황 3 전, 계지 3 전
좌약: 당귀 2 전, 천궁 2 전
사약: 감초 3 전
【배오】
의이인 1 냥·강활 3 전·독활 3 전·마황 3 전·계지 3 전을 중심으로 구성하여 착비증의 병기를 다스린다. 군약이 주된 병사를 치료하고, 신약과 좌약이 기혈·장부를 보조하며, 사약이 여러 약재의 작용을 조화시킨다."
UI_BOOK_ENTRY_TITLE_FANG_FENG_TANG,防风汤,防風湯,Saposhnikovia Decoction,防風湯,방풍탕
UI_BOOK_ENTRY_BODY_FANG_FENG_TANG,"防风汤
【出处】《太平惠民和剂局方》
【功效】祛风通络，散寒除湿
【主治】行痹（风痹）
【组成】
君：防风 五钱
臣：桂枝 三钱，秦艽 三钱
佐：当归 二钱，川芎 二钱，葛根 三钱
使：甘草 一钱
【配伍】
防风：祛风胜湿、走窜经络，专治游走痹痛。
桂枝：温散风寒、通经活络；
秦艽：祛风湿、通络止痛，善治游走痹。
当归：养血和营、祛风通络；
川芎：活血通络；
葛根：解肌舒筋；
甘草调和诸药，调和营卫。","防風湯
【出處】《太平惠民和劑局方》
【功效】祛風通絡，散寒除濕
【主治】行痹（風痹）
【組成】
君：防風 五錢
臣：桂枝 三錢，秦艽 三錢
佐：當歸 二...","SAPOSHNIKOVIA DECOCTION
[Source] Formulary of the Taiping Imperial Pharmacy for the People's Welfare
[Actions] Dispels Wind, opens the channels, and disperses Cold and Dampness
[Indication] Wandering Wind Bi pattern
[Ingredients]
Chief: Saposhnikovia Root 5 qian
Deputy: Cinnamon Twig 3 qian, Gentiana Macrophylla Root 3 qian
Assistant: Chinese Angelica Root 2 qian, Sichuan Lovage Rhizome 2 qian, Kudzu Root 3 qian
Envoy: Licorice Root 1 qian
[How the ingredients work together]
Saposhnikovia Root dispels Wind and Dampness and moves through the channels, addressing wandering Bi pain.
Cinnamon Twig warms and disperses Wind-Cold and opens the channels.
Gentiana Macrophylla Root dispels Wind-Dampness, opens the channels and relieves wandering pain.
Chinese Angelica Root nourishes blood, harmonizes the nutritive layer and helps dispel Wind from the channels.
Sichuan Lovage Rhizome moves blood and opens the channels.
Kudzu Root releases the muscle layer and relaxes the sinews.
Licorice Root harmonizes the ingredients and the nutritive and defensive layers.","防風湯
【出典】『太平恵民和剤局方』
【効能】風を除いて経絡を通し、寒と湿を散らす
【主治】行痺（風痺）
【構成】
君：防風 五銭
臣：桂枝 三銭、秦艽 三銭
佐：当帰 二銭、川芎 二銭、葛根 三銭
使：甘草 一銭
【配伍】
防風：風湿を除き経絡を巡って、場所の移る痺痛に用いる。
桂枝：風寒を温めて散らし、経絡を通す。
秦艽：風湿を除き、経絡の痛みを和らげる。
当帰：血と営を養い、風を除いて経絡を通す。
川芎：血を巡らせて経絡を通す。
葛根：肌を解き、筋を緩める。
甘草：諸薬と営衛を調和させる。","방풍탕
【출전】『태평혜민화제국방』
【효능】풍을 몰아내고 경맥을 열며 한습을 흩는다.
【주치】행비증
【구성】
군약: 방풍 5 전
신약: 계지 3 전, 진교 3 전
좌약: 당귀 2 전, 천궁 2 전, 갈근 3 전
사약: 감초 1 전
【배오】
방풍 5 전·계지 3 전·진교 3 전·당귀 2 전·천궁 2 전을 중심으로 구성하여 행비증의 병기를 다스린다. 군약이 주된 병사를 치료하고, 신약과 좌약이 기혈·장부를 보조하며, 사약이 여러 약재의 작용을 조화시킨다."
UI_BOOK_ENTRY_TITLE_MA_XING_SHI_GAN_TANG,麻杏石甘汤,麻杏石甘湯,"Ephedra, Apricot Kernel, Gypsum and Licorice Decoction",麻杏石甘湯,마행석감탕
UI_BOOK_ENTRY_BODY_MA_XING_SHI_GAN_TANG,"麻杏石甘汤
【出处】《伤寒论》
【功效】辛凉疏表，清肺平喘
【主治】肺热壅盛
【组成】
君：麻黄 三钱
臣：石膏 八钱
佐：杏仁 三钱
使：甘草 二钱
【配伍】
麻黄：辛温，宣肺平喘、开泄肺气，散邪解表。
石膏:辛甘大寒，清泻肺热、生津止渴，清里热以制麻黄之温。
杏仁:苦降肺气，降利平喘，与麻黄一宣一降，恢复肺之宣肃。
炙甘草:调和诸药，益气护中，缓急润肺。","麻杏石甘湯
【出處】《傷寒論》
【功效】辛涼疏表，清肺平喘
【主治】肺熱壅盛
【組成】
君：麻黃 三錢
臣：石膏 八錢
佐：杏仁 三錢
使：甘草 二錢
【...","EPHEDRA, APRICOT KERNEL, GYPSUM AND LICORICE DECOCTION
[Source] Treatise on Cold Damage
[Actions] Releases the Exterior with acrid, cool herbs; clears Lung Heat and eases wheezing
[Indication] Excessive Lung Heat
[Ingredients]
Chief: Ephedra Herb 3 qian
Deputy: Gypsum 8 qian
Assistant: Apricot Kernel 3 qian
Envoy: Licorice Root 2 qian
[How the ingredients work together]
Ephedra Herb disperses Lung Qi, eases wheezing and releases the Exterior.
Gypsum strongly clears Lung Heat, generates fluids and balances the warming nature of Ephedra Herb.
Apricot Kernel directs Lung Qi downward and eases wheezing; with Ephedra Herb it restores the Lung's dispersing and descending functions.
Prepared Licorice Root harmonizes the ingredients, supports Qi and the middle, and moistens the Lung.","麻杏石甘湯
【出典】『傷寒論』
【効能】辛涼の薬で表を解き、肺熱を清めて喘ぎを鎮める
【主治】肺熱壅盛
【構成】
君：麻黄 三銭
臣：石膏 八銭
佐：杏仁 三銭
使：甘草 二銭
【配伍】
麻黄：温かい性質で肺気を開き、喘ぎを鎮め、表の邪を散らす。
石膏：強い寒性で肺の熱を清め、津液を生んで渇きを鎮め、麻黄の温性を抑える。
杏仁：肺気を下ろして喘ぎを鎮め、麻黄とともに肺気の上下を整える。
炙甘草：諸薬を調和し、気と胃を守り、肺を潤す。","마행석감탕
【출전】『상한론』
【효능】맵고 서늘한 약으로 표를 풀고 폐열을 내리며 천식을 완화한다.
【주치】폐열성성증
【구성】
군약: 마황 3 전
신약: 석고 8 전
좌약: 행인 3 전
사약: 감초 2 전
【배오】
마황 3 전·석고 8 전·행인 3 전·감초 2 전을 중심으로 구성하여 폐열성성증의 병기를 다스린다. 군약이 주된 병사를 치료하고, 신약과 좌약이 기혈·장부를 보조하며, 사약이 여러 약재의 작용을 조화시킨다."
UI_BOOK_ENTRY_TITLE_BU_FEI_TANG,补肺汤,補肺湯,Lung-Tonifying Decoction,補肺湯,보폐탕
UI_BOOK_ENTRY_BODY_BU_FEI_TANG,"补肺汤
【出处】《备急千金要方》
【功效】补肺益气，止咳平喘
【主治】肺气虚
【组成】
君：人参 三钱，黄芪 五钱
臣：熟地黄 五钱
佐：五味子 二钱，紫菀 三钱，桑白皮 三钱
使：
【配伍】
人参、黄芪：大补肺气、固表益气，补益肺气虚之本。
熟地黄：滋肾填精，金水相生，助肺气之源。
五味子：收敛肺气、敛汗止喘，固表止自汗。
紫菀、桑白皮：降肺气、化痰止咳，清润不燥，补虚不滞。","補肺湯
【出處】《備急千金要方》
【功效】補肺益氣，止咳平喘
【主治】肺氣虛
【組成】
君：人參 三錢，黃耆 五錢
臣：熟地黃 五錢
佐：五味子 二錢，紫...","LUNG-TONIFYING DECOCTION
[Source] Essential Prescriptions Worth a Thousand Gold for Emergencies
[Actions] Supports Lung Qi, relieves cough and eases wheezing
[Indication] Lung Qi Deficiency
[Ingredients]
Chief: Ginseng Root 3 qian, Astragalus Root 5 qian
Deputy: Prepared Rehmannia Root 5 qian
Assistant: Schisandra Fruit 2 qian, Aster Root 3 qian, Mulberry Root Bark 3 qian
Envoy:
[How the ingredients work together]
Ginseng Root and Astragalus Root strongly support Lung Qi and strengthen the Exterior, addressing the underlying Deficiency.
Prepared Rehmannia Root nourishes Kidney essence, supporting the Lung through the Metal-Water relationship.
Schisandra Fruit astringes Lung Qi, reduces sweating and eases wheezing.
Aster Root and Mulberry Root Bark direct Lung Qi downward, transform phlegm and ease cough without being overly drying.","補肺湯
【出典】『備急千金要方』
【効能】肺を補って気を益し、咳と喘ぎを鎮める
【主治】肺気虚
【構成】
君：人参 三銭、黄耆 五銭
臣：熟地黄 五銭
佐：五味子 二銭、紫苑 三銭、桑白皮 三銭
使：
【配伍】
人参・黄耆：肺気を大いに補い、表を固めて肺気虚の根本に働く。
熟地黄：腎を潤して精を補い、肺気の源を養う。
五味子：肺気と汗を収め、喘ぎや自汗を抑える。
紫苑・桑白皮：肺気を下ろし、痰と咳を鎮める。潤いを保ちつつ、補っても滞らせない。","보폐탕
【출전】『비급천금요방』
【효능】폐기를 돕고 기침과 천식을 완화한다.
【주치】폐기허증
【구성】
군약: 인삼 3 전, 황기 5 전
신약: 숙지황 5 전
좌약: 오미자 2 전, 자완 3 전, 상백피 3 전
사약: 없음
【배오】
인삼 3 전·황기 5 전·숙지황 5 전·오미자 2 전·자완 3 전을 중심으로 구성하여 폐기허증의 병기를 다스린다. 군약이 주된 병사를 치료하고, 신약과 좌약이 기혈·장부를 보조하며, 사약이 여러 약재의 작용을 조화시킨다."
UI_BOOK_ENTRY_TITLE_ER_CHEN_TANG,二陈汤,二陳湯,Two-Cured Decoction,二陳湯,이진탕
UI_BOOK_ENTRY_BODY_ER_CHEN_TANG,"二陈汤
【出处】《太平惠民和剂局方》
【功效】燥湿化痰，理气和中
【主治】痰湿阻肺
【组成】
君：半夏 五钱
臣：陈皮 五钱
佐：茯苓 三钱
使：甘草 一钱五分
【配伍】
半夏：辛温燥烈，燥湿化痰、降逆止呕。
陈皮：理气行滞、燥湿化痰，使气顺则痰消。
茯苓：健脾渗湿，杜生痰之源。
甘草：调和诸药，益气和中。","二陳湯
【出處】《太平惠民和劑局方》
【功效】燥濕化痰，理氣和中
【主治】痰濕阻肺
【組成】
君：半夏 五錢
臣：陳皮 五錢
佐：茯苓 三錢
使：甘草 一...","TWO-CURED DECOCTION
[Source] Formulary of the Taiping Imperial Pharmacy for the People's Welfare
[Actions] Dries Dampness, transforms phlegm, regulates Qi and harmonizes the middle
[Indication] Phlegm-Dampness obstructing the Lung
[Ingredients]
Chief: Pinellia Rhizome 5 qian
Deputy: Aged Tangerine Peel 5 qian
Assistant: Poria 3 qian
Envoy: Licorice Root 1 qian 5 fen
[How the ingredients work together]
Pinellia Rhizome dries Dampness, transforms phlegm, directs rebellious Qi downward and relieves nausea.
Aged Tangerine Peel regulates Qi and dries Dampness so phlegm can be resolved as Qi moves freely.
Poria supports the Spleen and drains Dampness, reducing the source of phlegm.
Licorice Root harmonizes the ingredients, supports Qi and harmonizes the middle.","二陳湯
【出典】『太平恵民和剤局方』
【効能】湿を乾かして痰を除き、気と胃を整える
【主治】痰湿阻肺
【構成】
君：半夏 五銭
臣：陳皮 五銭
佐：茯苓 三銭
使：甘草 一銭五分
【配伍】
半夏：温かく乾かす性質で湿と痰を除き、逆上する気と吐き気を抑える。
陳皮：気を巡らせて湿と痰を除く。気が順調に巡れば痰も減る。
茯苓：脾を整え湿を排し、痰の生じる元を抑える。
甘草：諸薬を調和し、気を補って胃を整える。","이진탕
【출전】『태평혜민화제국방』
【효능】습을 말리고 담을 삭이며 기를 조절하고 중초를 조화시킨다.
【주치】담습조폐증
【구성】
군약: 반하 5 전
신약: 진피 5 전
좌약: 복령 3 전
사약: 감초 1 전 5 푼
【배오】
반하 5 전·진피 5 전·복령 3 전·감초 1 전 5 푼을 중심으로 구성하여 담습조폐증의 병기를 다스린다. 군약이 주된 병사를 치료하고, 신약과 좌약이 기혈·장부를 보조하며, 사약이 여러 약재의 작용을 조화시킨다."
UI_BOOK_ENTRY_TITLE_SHA_SHEN_MAI_DONG_TANG,沙参麦冬汤,沙參麥冬湯,Adenophora and Ophiopogon Decoction,沙参麦冬湯,사삼맥문동탕
UI_BOOK_ENTRY_BODY_SHA_SHEN_MAI_DONG_TANG,"沙参麦冬汤
【出处】《温病条辨》
【功效】清养肺胃，生津润燥
【主治】肺阴虚
【组成】
君：沙参 三钱，麦门冬 三钱
臣：玉竹 二钱，天花粉 一钱五分
佐：扁豆 一钱五分，桑叶 一钱五分
使：甘草 一钱
【配伍】
沙参、麦冬：养阴润肺、生津止渴，直补肺阴。
玉竹、天花粉：增强养阴生津、润燥止咳，清虚热、润肺燥。
桑叶：轻清宣肺、疏散虚热；
扁豆：健脾养胃，培土生金，助生津之源。
甘草：调和诸药，益气和中。","沙參麥冬湯
【出處】《溫病條辨》
【功效】清養肺胃，生津潤燥
【主治】肺陰虛
【組成】
君：沙參 三錢，麥門冬 三錢
臣：玉竹 二錢，天花粉 一錢五分
佐...","ADENOPHORA AND OPHIOPOGON DECOCTION
[Source] Systematic Differentiation of Warm Diseases
[Actions] Nourishes and clears the Lung and Stomach, generates fluids and moistens Dryness
[Indication] Lung Yin Deficiency
[Ingredients]
Chief: Adenophora Root 3 qian, Ophiopogon Tuber 3 qian
Deputy: Polygonatum Odoratum Rhizome 2 qian, Trichosanthes Root 1 qian 5 fen
Assistant: Hyacinth Bean 1 qian 5 fen, Mulberry Leaf 1 qian 5 fen
Envoy: Licorice Root 1 qian
[How the ingredients work together]
Adenophora Root and Ophiopogon Tuber nourish Yin, moisten the Lung and generate fluids to relieve thirst.
Polygonatum Odoratum Rhizome and Trichosanthes Root reinforce Yin and fluid nourishment, moisten Dryness and ease cough and Deficiency Heat.
Mulberry Leaf gently disperses Lung Qi and clears Deficiency Heat.
Hyacinth Bean strengthens the Spleen and nourishes the Stomach, supporting the source of body fluids.
Licorice Root harmonizes the ingredients, supports Qi and harmonizes the middle.","沙参麦冬湯
【出典】『温病条弁』
【効能】肺と胃を養い、津液を生んで乾燥を潤す
【主治】肺陰虚
【構成】
君：沙参 三銭、麦門冬 三銭
臣：玉竹 二銭、天花粉 一銭五分
佐：扁豆 一銭五分、桑葉 一銭五分
使：甘草 一銭
【配伍】
沙参・麦門冬：陰と肺を養い、津液を生んで渇きを鎮める。
玉竹・天花粉：陰と津液を補い、乾燥と咳を和らげ、虚熱を清める。
桑葉：肺気を軽く巡らせ、虚熱を散らす。
扁豆：脾と胃を整えて津液の源を養う。
甘草：諸薬を調和し、気と胃を整える。","사삼맥문동탕
【출전】『온병조변』
【효능】폐와 위를 자양하고 열을 맑히며 진액을 만들고 조를 윤택하게 한다.
【주치】폐음허증
【구성】
군약: 사삼 3 전, 맥문동 3 전
신약: 옥죽 2 전, 천화분 1 전 5 푼
좌약: 백편두 1 전 5 푼, 상엽 1 전 5 푼
사약: 감초 1 전
【배오】
사삼 3 전·맥문동 3 전·옥죽 2 전·천화분 1 전 5 푼·백편두 1 전 5 푼을 중심으로 구성하여 폐음허증의 병기를 다스린다. 군약이 주된 병사를 치료하고, 신약과 좌약이 기혈·장부를 보조하며, 사약이 여러 약재의 작용을 조화시킨다."
UI_BOOK_ENTRY_TITLE_QING_QI_HUA_TAN_WAN,清气化痰丸,清氣化痰丸,Clear Qi and Transform Phlegm Pill,清気化痰丸,청기화담환
UI_BOOK_ENTRY_BODY_QING_QI_HUA_TAN_WAN,"清气化痰丸
【出处】《医方考》
【功效】清热化痰，理气止咳
【主治】痰热壅肺
【组成】
君：胆南星 一两五钱
臣：半夏 一两五钱，瓜蒌仁 一两，黄芩 一两
佐：杏仁 一两，陈皮 一两，枳实 一两，茯苓 一两
使：生姜 三两
【配伍】
胆南星：清热化痰，专治痰热壅肺。
瓜蒌仁：清热化痰、润肺下气、宽胸散结；
黄芩：清泻肺火，助南星清化痰热。
杏仁、半夏：降利肺气、化痰止咳
陈皮、枳实：理气破结，气顺痰自消
茯苓：健脾渗湿，杜绝生痰之源
生姜：制胆南星、半夏之毒","清氣化痰丸
【出處】《醫方考》
【功效】清熱化痰，理氣止咳
【主治】痰熱壅肺
【組成】
君：膽南星 一兩五錢
臣：半夏 一兩五錢，瓜蔞仁 一兩，黃芩 一兩...","CLEAR QI AND TRANSFORM PHLEGM PILL
[Source] Investigation of Medical Formulas
[Actions] Clears Heat, transforms phlegm, regulates Qi and eases cough
[Indication] Phlegm-Heat congesting the Lung
[Ingredients]
Chief: Bile-Processed Arisaema 1 liang 5 qian
Deputy: Pinellia Rhizome 1 liang 5 qian, Trichosanthes Seed 1 liang, Scutellaria Root 1 liang
Assistant: Apricot Kernel 1 liang, Aged Tangerine Peel 1 liang, Immature Bitter Orange 1 liang, Poria 1 liang
Envoy: Fresh Ginger 3 liang
[How the ingredients work together]
Bile-Processed Arisaema clears Heat and transforms phlegm, targeting Phlegm-Heat in the Lung.
Trichosanthes Seed clears Heat and phlegm, moistens the Lung, directs Qi downward and relieves chest fullness.
Scutellaria Root clears Lung Heat and strengthens Bile-Processed Arisaema's effect on Phlegm-Heat.
Apricot Kernel and Pinellia Rhizome direct Lung Qi downward, transform phlegm and ease cough.
Aged Tangerine Peel and Immature Bitter Orange break up Qi stagnation so phlegm can disperse.
Poria supports the Spleen and drains Dampness, reducing the source of phlegm.
Fresh Ginger tempers the toxicity of Bile-Processed Arisaema and Pinellia Rhizome.","清気化痰丸
【出典】『医方考』
【効能】熱を清めて痰を除き、気を巡らせて咳を鎮める
【主治】痰熱壅肺
【構成】
君：胆南星 一両五銭
臣：半夏 一両五銭、瓜蔞仁 一両、黄芩 一両
佐：杏仁 一両、陳皮 一両、枳実 一両、茯苓 一両
使：生姜 三両
【配伍】
胆南星：熱と痰を清め、痰熱が肺にこもる状態に用いる。
瓜蔞仁：熱と痰を除き、肺を潤して気を下ろし、胸のつかえを和らげる。
黄芩：肺の熱を清め、胆南星を助ける。
杏仁・半夏：肺気を下ろし、痰と咳を鎮める。
陳皮・枳実：気を巡らせ、つかえを解く。
茯苓：脾を整え湿を排し、痰の生じる元を抑える。
生姜：胆南星と半夏の毒性を和らげる。","청기화담환
【출전】『의방고』
【효능】열을 내리고 담을 삭이며 기를 조절해 기침을 멎게 한다.
【주치】담열옹폐증
【구성】
군약: 담남성 1 냥 5 전
신약: 반하 1 냥 5 전, 과루인 1 냥, 황금 1 냥
좌약: 행인 1 냥, 진피 1 냥, 지실 1 냥, 복령 1 냥
사약: 생강 3 냥
【배오】
담남성 1 냥 5 전·반하 1 냥 5 전·과루인 1 냥·황금 1 냥·행인 1 냥을 중심으로 구성하여 담열옹폐증의 병기를 다스린다. 군약이 주된 병사를 치료하고, 신약과 좌약이 기혈·장부를 보조하며, 사약이 여러 약재의 작용을 조화시킨다."
UI_BOOK_ENTRY_TITLE_DA_QING_LONG_TANG,大青龙汤,大青龍湯,Great Azure Dragon Decoction,大青竜湯,대청룡탕
UI_BOOK_ENTRY_BODY_DA_QING_LONG_TANG,"大青龙汤
【出处】《伤寒论》
【功效】发汗解表，兼清里热
【主治】表寒里热
【组成】
君：麻黄 六钱
臣：桂枝 二钱，石膏 一两
佐：杏仁 三钱，生姜 三钱，大枣 三钱
使：甘草 二钱
【配伍】
麻黄：发汗峻散，开表散寒，同时宣肺平喘。
桂枝：助麻黄发汗解表，温通卫阳，散肌表寒邪，解决周身疼痛；
石膏：辛甘大寒，专清郁于肌腠、肺胃之里热，除烦躁，制约麻黄辛温燥热之性，使发汗而不助热。
杏仁：降利肺气，配麻黄平喘止咳；
生姜：辛温，助解表，和胃散水气；
大枣：补中滋液，防峻汗耗伤津液。
炙甘草：调和诸药；缓麻黄峻烈之性，护中气；姜枣草合用，滋养营阴，防止大汗伤津。","大青龍湯
【出處】《傷寒論》
【功效】發汗解表，兼清裡熱
【主治】表寒裡熱
【組成】
君：麻黃 六錢
臣：桂枝 二錢，石膏 一兩
佐：杏仁 三錢，生薑 三...","GREAT AZURE DRAGON DECOCTION
[Source] Treatise on Cold Damage
[Actions] Promotes sweating to release the Exterior while clearing internal Heat
[Indication] Exterior Cold with Interior Heat
[Ingredients]
Chief: Ephedra Herb 6 qian
Deputy: Cinnamon Twig 2 qian, Gypsum 1 liang
Assistant: Apricot Kernel 3 qian, Fresh Ginger 3 qian, Jujube 3 qian
Envoy: Licorice Root 2 qian
[How the ingredients work together]
Ephedra Herb strongly promotes sweating, opens the Exterior, disperses Cold and helps ease wheezing.
Cinnamon Twig supports Ephedra Herb in releasing the Exterior, warms defensive Yang and eases body aches.
Gypsum clears Heat trapped within the tissues, Lung and Stomach, relieves agitation and balances Ephedra Herb's warming nature.
Apricot Kernel directs Lung Qi downward and works with Ephedra Herb to ease wheezing and cough.
Fresh Ginger supports the release of the Exterior and harmonizes the Stomach.
Jujube supports the middle and body fluids to offset their loss through strong sweating.
Prepared Licorice Root harmonizes the formula, tempers Ephedra Herb and protects the middle. Alongside Fresh Ginger and Jujube, it helps protect nutritive Yin and fluids.","大青竜湯
【出典】『傷寒論』
【効能】発汗して表を解き、内側の熱も清める
【主治】表寒裏熱
【構成】
君：麻黄 六銭
臣：桂枝 二銭、石膏 一両
佐：杏仁 三銭、生姜 三銭、大棗 三銭
使：甘草 二銭
【配伍】
麻黄：強い発汗で表の寒を散らし、肺気を巡らせて喘ぎを鎮める。
桂枝：麻黄を助け、体表の寒と全身の痛みを和らげる。
石膏：肌と肺胃にこもる熱を清め、いらだちを鎮め、麻黄の温熱を抑える。
杏仁：肺気を下ろし、麻黄とともに咳と喘ぎを鎮める。
生姜：表を解き、胃を整える。
大棗：中焦と津液を補い、強い発汗による消耗を防ぐ。
炙甘草：諸薬を調和し、胃を守り、麻黄の強い働きを緩める。","대청룡탕
【출전】『상한론』
【효능】발한하여 표사를 풀면서 속의 열을 내린다.
【주치】표한리열증
【구성】
군약: 마황 6 전
신약: 계지 2 전, 석고 1 냥
좌약: 행인 3 전, 생강 3 전, 대추 3 전
사약: 감초 2 전
【배오】
마황 6 전·계지 2 전·석고 1 냥·행인 3 전·생강 3 전을 중심으로 구성하여 표한리열증의 병기를 다스린다. 군약이 주된 병사를 치료하고, 신약과 좌약이 기혈·장부를 보조하며, 사약이 여러 약재의 작용을 조화시킨다."
UI_BOOK_ENTRY_TITLE_XIAO_QING_LONG_TANG,小青龙汤,小青龍湯,Minor Azure Dragon Decoction,小青竜湯,소청룡탕
UI_BOOK_ENTRY_BODY_XIAO_QING_LONG_TANG,"小青龙汤
【出处】《伤寒论》
【功效】解表散寒，温肺化饮
【主治】表寒里饮
【组成】
君：麻黄 三钱，桂枝 三钱
臣：干姜 二钱，细辛 二钱
佐：白芍 三钱，五味子 二钱，半夏 三钱
使：甘草 二钱
【配伍】
麻黄、桂枝：麻黄发汗解表、宣肺平喘；桂枝解肌通阳，温散肌表风寒。
干姜、细辛：干姜温脾肺，散脏腑寒邪、化水饮；细辛温散少阴寒饮，既助麻桂解表，又入肺内化伏饮。
半夏：燥湿化痰，降逆止咳，消胸膈水饮痰浊；
五味子：酸收敛肺止咳。防麻、桂、姜、辛辛温发散太过耗伤肺气，散收并用；
白芍：酸寒敛阴和营。防诸辛温药耗伤阴血，制约燥烈之性。
炙甘草：调和全方；益气补中，顾护脾胃，缓和麻、辛、干姜峻烈之性。","小青龍湯
【出處】《傷寒論》
【功效】解表散寒，溫肺化飲
【主治】表寒裡飲
【組成】
君：麻黃 三錢，桂枝 三錢
臣：乾薑 二錢，細辛 二錢
佐：白芍 三...","MINOR AZURE DRAGON DECOCTION
[Source] Treatise on Cold Damage
[Actions] Releases the Exterior, disperses Cold, warms the Lung and transforms retained fluids
[Indication] Exterior Cold with internal retained fluids
[Ingredients]
Chief: Ephedra Herb 3 qian, Cinnamon Twig 3 qian
Deputy: Dried Ginger 2 qian, Asarum Herb 2 qian
Assistant: White Peony Root 3 qian, Schisandra Fruit 2 qian, Pinellia Rhizome 3 qian
Envoy: Licorice Root 2 qian
[How the ingredients work together]
Ephedra Herb promotes sweating, releases the Exterior and eases wheezing; Cinnamon Twig warms Yang and disperses Wind-Cold at the surface.
Dried Ginger warms the Spleen and Lung and transforms retained fluids. Asarum Herb disperses Cold and helps release the Exterior and transform fluids in the Lung.
Pinellia Rhizome dries Dampness, transforms phlegm, directs Qi downward and reduces retained fluids in the chest.
Schisandra Fruit astringes Lung Qi and eases cough, tempering the dispersing action of the warming ingredients.
White Peony Root preserves Yin and the nutritive layer and tempers the drying ingredients.
Prepared Licorice Root harmonizes the formula, supports the middle and tempers the stronger warming ingredients.","小青竜湯
【出典】『傷寒論』
【効能】表を解いて寒を散らし、肺を温めて水飲を除く
【主治】表寒裏飲
【構成】
君：麻黄 三銭、桂枝 三銭
臣：乾姜 二銭、細辛 二銭
佐：白芍 三銭、五味子 二銭、半夏 三銭
使：甘草 二銭
【配伍】
麻黄・桂枝：発汗して体表の風寒を散らし、肺気を巡らせて喘ぎを鎮める。
乾姜・細辛：脾と肺を温め、内に潜む寒と水飲を除く。
半夏：湿と痰を除き、逆上する気と咳を抑える。
五味子：肺気を収めて咳を鎮め、温散する薬による肺気の消耗を防ぐ。
白芍：陰と営を守り、温性の薬による陰血の消耗を防ぐ。
炙甘草：諸薬を調和し、脾胃を守って強い温散を緩める。","소청룡탕
【출전】『상한론』
【효능】표를 풀고 한을 흩으며 폐를 따뜻하게 하고 수음을 삭인다.
【주치】표한리음증
【구성】
군약: 마황 3 전, 계지 3 전
신약: 건강 2 전, 세신 2 전
좌약: 백작약 3 전, 오미자 2 전, 반하 3 전
사약: 감초 2 전
【배오】
마황 3 전·계지 3 전·건강 2 전·세신 2 전·백작약 3 전을 중심으로 구성하여 표한리음증의 병기를 다스린다. 군약이 주된 병사를 치료하고, 신약과 좌약이 기혈·장부를 보조하며, 사약이 여러 약재의 작용을 조화시킨다."
UI_BOOK_ENTRY_TITLE_SI_JUN_ZI_TANG,四君子汤,四君子湯,Four Gentlemen Decoction,四君子湯,사군자탕
UI_BOOK_ENTRY_BODY_SI_JUN_ZI_TANG,"四君子汤
【出处】《太平惠民和剂局方》
【功效】益气健脾
【主治】脾气虚
【组成】
君：人参 四钱
臣：白术 三钱
佐：茯苓 三钱
使：甘草 二钱
【配伍】
人参：大补元气、益气健脾。
白术：健脾燥湿，助人参运化。
茯苓：健脾渗湿，宁心安神，使补而不滞。
炙甘草：益气和中、调和诸药。","四君子湯
【出處】《太平惠民和劑局方》
【功效】益氣健脾
【主治】脾氣虛
【組成】
君：人參 四錢
臣：白朮 三錢
佐：茯苓 三錢
使：甘草 二錢
【配伍...","FOUR GENTLEMEN DECOCTION
[Source] Formulary of the Taiping Imperial Pharmacy for the People's Welfare
[Actions] Supports Qi and strengthens the Spleen
[Indication] Spleen Qi Deficiency
[Ingredients]
Chief: Ginseng Root 4 qian
Deputy: White Atractylodes Rhizome 3 qian
Assistant: Poria 3 qian
Envoy: Licorice Root 2 qian
[How the ingredients work together]
Ginseng Root strongly supports original Qi and strengthens the Spleen.
White Atractylodes Rhizome strengthens the Spleen and dries Dampness, supporting Ginseng Root's transforming function.
Poria supports the Spleen, drains Dampness and calms the spirit without causing stagnation.
Prepared Licorice Root supports Qi, harmonizes the middle and brings the ingredients together.","四君子湯
【出典】『太平恵民和剤局方』
【効能】気を補い、脾を健やかにする
【主治】脾気虚
【構成】
君：人参 四銭
臣：白朮 三銭
佐：茯苓 三銭
使：甘草 二銭
【配伍】
人参：元気を大いに補い、脾を整える。
白朮：脾を健やかにし、湿を乾かして人参を助ける。
茯苓：脾を整えて湿を排し、心を落ち着かせる。
炙甘草：気と胃を養い、諸薬を調和させる。","사군자탕
【출전】『태평혜민화제국방』
【효능】기를 보하고 비를 튼튼하게 한다.
【주치】비기허증
【구성】
군약: 인삼 4 전
신약: 백출 3 전
좌약: 복령 3 전
사약: 감초 2 전
【배오】
인삼 4 전·백출 3 전·복령 3 전·감초 2 전을 중심으로 구성하여 비기허증의 병기를 다스린다. 군약이 주된 병사를 치료하고, 신약과 좌약이 기혈·장부를 보조하며, 사약이 여러 약재의 작용을 조화시킨다."
UI_BOOK_ENTRY_TITLE_PING_WEI_SAN,平胃散,平胃散,Calm the Stomach Powder,平胃散,평위산
UI_BOOK_ENTRY_BODY_PING_WEI_SAN,"平胃散
【出处】《太平惠民和剂局方》
【功效】燥湿运脾，行气和胃
【主治】湿盛困脾
【组成】
君：苍术 三钱
臣：厚朴 二钱
佐：陈皮 二钱
使：甘草 一钱
【配伍】
苍术：苦温燥湿、健脾运脾，专治湿困脾胃。
厚朴：行气除满、燥湿化浊，消脘腹胀痞。
陈皮：理气和胃、燥湿醒脾，使气机条达。
炙甘草：益气和中、调和诸药；姜枣调和脾胃。","平胃散
【出處】《太平惠民和劑局方》
【功效】燥濕運脾，行氣和胃
【主治】濕盛困脾
【組成】
君：蒼朮 三錢
臣：厚朴 二錢
佐：陳皮 二錢
使：甘草 一...","CALM THE STOMACH POWDER
[Source] Formulary of the Taiping Imperial Pharmacy for the People's Welfare
[Actions] Dries Dampness, restores the Spleen's transport, moves Qi and harmonizes the Stomach
[Indication] Dampness overwhelming the Spleen
[Ingredients]
Chief: Atractylodes Rhizome 3 qian
Deputy: Magnolia Bark 2 qian
Assistant: Aged Tangerine Peel 2 qian
Envoy: Licorice Root 1 qian
[How the ingredients work together]
Atractylodes Rhizome dries Dampness and strengthens the Spleen when Dampness obstructs the Spleen and Stomach.
Magnolia Bark moves Qi, relieves fullness and transforms turbid Dampness in the upper abdomen.
Aged Tangerine Peel regulates Qi, harmonizes the Stomach and dries Dampness.
Prepared Licorice Root supports Qi and harmonizes the formula; Fresh Ginger and Jujube are also described as harmonizing the Spleen and Stomach.","平胃散
【出典】『太平恵民和剤局方』
【効能】湿を乾かして脾を働かせ、気と胃を整える
【主治】湿盛困脾
【構成】
君：蒼朮 三銭
臣：厚朴 二銭
佐：陳皮 二銭
使：甘草 一銭
【配伍】
蒼朮：湿を乾かし、脾を整えて運化を助ける。
厚朴：気を巡らせ、湿と濁りを除き、みぞおちと腹の張りを和らげる。
陳皮：気と胃を整え、湿を乾かす。
炙甘草：気と胃を養い、諸薬を調和させる。生姜と大棗も脾胃を整える。","평위산
【출전】『태평혜민화제국방』
【효능】습을 말리고 비의 운화를 회복하며 기를 움직여 위를 조화시킨다.
【주치】습성곤비증
【구성】
군약: 창출 3 전
신약: 후박 2 전
좌약: 진피 2 전
사약: 감초 1 전
【배오】
창출 3 전·후박 2 전·진피 2 전·감초 1 전을 중심으로 구성하여 습성곤비증의 병기를 다스린다. 군약이 주된 병사를 치료하고, 신약과 좌약이 기혈·장부를 보조하며, 사약이 여러 약재의 작용을 조화시킨다."
UI_BOOK_ENTRY_TITLE_LI_ZHONG_WAN,理中丸,理中丸,Regulate the Middle Pill,理中丸,이중환
UI_BOOK_ENTRY_BODY_LI_ZHONG_WAN,"理中丸
【出处】《伤寒论》
【功效】温中祛寒，补气健脾
【主治】脾阳虚
【组成】
君：干姜 五钱
臣：人参 五钱
佐：白术 五钱
使：甘草 五钱
【配伍】
干姜：大辛大热，温中祛寒、振奋脾阳。
人参：益气健脾，补益脾胃气虚之本。
白术：健脾燥湿，助运化、利水湿。
炙甘草：益气和中、调和诸药，缓急止痛。","理中丸
【出處】《傷寒論》
【功效】溫中祛寒，補氣健脾
【主治】脾陽虛
【組成】
君：乾薑 五錢
臣：人參 五錢
佐：白朮 五錢
使：甘草 五錢
【配伍】...","REGULATE THE MIDDLE PILL
[Source] Treatise on Cold Damage
[Actions] Warms the middle, dispels Cold, supports Qi and strengthens the Spleen
[Indication] Spleen Yang Deficiency
[Ingredients]
Chief: Dried Ginger 5 qian
Deputy: Ginseng Root 5 qian
Assistant: White Atractylodes Rhizome 5 qian
Envoy: Licorice Root 5 qian
[How the ingredients work together]
Dried Ginger strongly warms the middle, disperses Cold and invigorates Spleen Yang.
Ginseng Root supports Qi and the Spleen, addressing the underlying Spleen and Stomach Deficiency.
White Atractylodes Rhizome strengthens the Spleen and dries Dampness, supporting the transport of food and fluids.
Prepared Licorice Root supports Qi, harmonizes the middle and the ingredients, and eases spasmodic pain.","理中丸
【出典】『傷寒論』
【効能】中焦を温めて寒を除き、気と脾を補う
【主治】脾陽虚
【構成】
君：乾姜 五銭
臣：人参 五銭
佐：白朮 五銭
使：甘草 五銭
【配伍】
乾姜：強い温熱の性質で中焦を温め、寒を除き、脾陽を助ける。
人参：気と脾を補い、脾胃の虚弱を支える。
白朮：脾を整え、湿を乾かして運化を助ける。
炙甘草：気と胃を養い、諸薬を調和し、痛みを緩める。","이중환
【출전】『상한론』
【효능】중초를 따뜻하게 하고 한을 몰아내며 기를 돕고 비를 튼튼하게 한다.
【주치】비양허증
【구성】
군약: 건강 5 전
신약: 인삼 5 전
좌약: 백출 5 전
사약: 감초 5 전
【배오】
건강 5 전·인삼 5 전·백출 5 전·감초 5 전을 중심으로 구성하여 비양허증의 병기를 다스린다. 군약이 주된 병사를 치료하고, 신약과 좌약이 기혈·장부를 보조하며, 사약이 여러 약재의 작용을 조화시킨다."
UI_BOOK_ENTRY_TITLE_SHEN_LING_BAI_ZHU_SAN,参苓白术散,參苓白朮散,"Ginseng, Poria and White Atractylodes Powder",参苓白朮散,삼령백출산
UI_BOOK_ENTRY_BODY_SHEN_LING_BAI_ZHU_SAN,"参苓白术散
【出处】《太平惠民和剂局方》
【功效】益气健脾，渗湿止泻
【主治】脾虚湿盛
【组成】
君：人参 五钱，茯苓 五钱，白术 五钱
臣：山药 五钱，莲子 三钱，扁豆 三钱，薏苡仁 七钱
佐：砂仁 二钱，桔梗 二钱
使：甘草 二钱
【配伍】
人参、白术、茯苓、炙甘草：即四君子汤，益气健脾、补益脾虚之本。
山药、莲子：健脾益气、固肠止泻；
扁豆、薏仁：健脾渗湿、利水除浊；
砂仁：芳香醒脾、行气和胃，防补药滋腻碍胃；
桔梗：宣利肺气、载药上行，培土生金，兼治肺虚久咳。","參苓白朮散
【出處】《太平惠民和劑局方》
【功效】益氣健脾，滲濕止瀉
【主治】脾虛濕盛
【組成】
君：人參 五錢，茯苓 五錢，白朮 五錢
臣：山藥 五錢，...","GINSENG, PORIA AND ATRACTYLODES POWDER
[Source] Formulary of the Taiping Imperial Pharmacy for the People's Welfare
[Actions] Supports Qi, strengthens the Spleen, drains Dampness and relieves diarrhea
[Indication] Spleen Deficiency with excess Dampness
[Ingredients]
Chief: Ginseng Root 5 qian, Poria 5 qian, White Atractylodes Rhizome 5 qian
Deputy: Chinese Yam 5 qian, Lotus Seed 3 qian, Hyacinth Bean 3 qian, Coix Seed 7 qian
Assistant: Amomum Fruit 2 qian, Platycodon Root 2 qian
Envoy: Licorice Root 2 qian
[How the ingredients work together]
Ginseng Root, White Atractylodes Rhizome, Poria and prepared Licorice Root form Four Gentlemen Decoction, supporting Qi and addressing the underlying Spleen Deficiency.
Chinese Yam and Lotus Seed strengthen the Spleen and help secure the intestines.
Hyacinth Bean and Coix Seed strengthen the Spleen and drain Dampness.
Amomum Fruit aromatically awakens the Spleen, moves Qi and harmonizes the Stomach to prevent rich tonics from causing stagnation.
Platycodon Root disperses Lung Qi and guides the formula upward, also addressing chronic cough associated with Lung Deficiency.","参苓白朮散
【出典】『太平恵民和剤局方』
【効能】気を補って脾を整え、湿を排して下痢を止める
【主治】脾虚湿盛
【構成】
君：人参 五銭、茯苓 五銭、白朮 五銭
臣：山薬 五銭、蓮子 三銭、扁豆 三銭、薏苡仁 七銭
佐：縮砂 二銭、桔梗 二銭
使：甘草 二銭
【配伍】
人参・白朮・茯苓・炙甘草：四君子湯を構成し、気と脾を補って脾虚の根本に働く。
山薬・蓮子：脾と気を補い、腸を固めて下痢を止める。
扁豆・薏苡仁：脾を整えて湿を排す。
縮砂：芳香で脾を働かせ、気と胃を整えて補薬による胃の重さを防ぐ。
桔梗：肺気を巡らせ、薬の働きを上へ導き、長引く咳にも用いる。","삼령백출산
【출전】『태평혜민화제국방』
【효능】기를 보하고 비를 튼튼하게 하며 습을 빼고 설사를 멎게 한다.
【주치】비허습성증
【구성】
군약: 인삼 5 전, 복령 5 전, 백출 5 전
신약: 산약 5 전, 연자 3 전, 백편두 3 전, 의이인 7 전
좌약: 사인 2 전, 길경 2 전
사약: 감초 2 전
【배오】
인삼 5 전·복령 5 전·백출 5 전·산약 5 전·연자 3 전을 중심으로 구성하여 비허습성증의 병기를 다스린다. 군약이 주된 병사를 치료하고, 신약과 좌약이 기혈·장부를 보조하며, 사약이 여러 약재의 작용을 조화시킨다."
UI_BOOK_ENTRY_TITLE_HUO_XIANG_ZHENG_QI_SAN,藿香正气散,藿香正氣散,Patchouli Qi-Rectifying Powder,藿香正気散,곽향정기산
UI_BOOK_ENTRY_BODY_HUO_XIANG_ZHENG_QI_SAN,"藿香正气散
【出处】《太平惠民和剂局方》
【功效】解表散寒，化湿和中，理气止呕
【主治】外感风寒，内伤湿滞
【组成】
君：藿香 五钱
臣：苏叶 三钱，白芷 三钱，半夏 四钱，厚朴 四钱
佐：白术 四钱，苍术 四钱，陈皮 三钱，茯苓 五钱，大腹皮 五钱 ，桔梗 二钱
使：甘草 二钱，生姜 二钱，大枣 二钱
【配伍】
藿香：芳香化湿、和中止呕，兼解表散寒，表里兼顾。
紫苏、白芷：解表散寒、化湿辟秽，助藿香散外感风寒。
陈皮、半夏、厚朴、大腹皮：理气燥湿、消胀除满、降逆止呕；
白术、苍术、 茯苓：健脾祛湿、实脾止泻；
桔梗：宣利肺气、载药上行。
炙甘草、姜枣：调和脾胃，益气和中，调和诸药。","藿香正氣散
【出處】《太平惠民和劑局方》
【功效】解表散寒，化濕和中，理氣止嘔
【主治】外感風寒，內傷濕滯
【組成】
君：藿香 五錢
臣：蘇葉 三錢，白芷...","PATCHOULI QI-RECTIFYING POWDER
[Source] Formulary of the Taiping Imperial Pharmacy for the People's Welfare
[Actions] Releases the Exterior, disperses Cold, transforms Dampness, harmonizes the middle and relieves nausea
[Indication] External Wind-Cold with internal Dampness stagnation
[Ingredients]
Chief: Patchouli 5 qian
Deputy: Perilla Leaf 3 qian, Angelica Dahurica Root 3 qian, Pinellia Rhizome 4 qian, Magnolia Bark 4 qian
Assistant: White Atractylodes Rhizome 4 qian, Atractylodes Rhizome 4 qian, Aged Tangerine Peel 3 qian, Poria 5 qian, Areca Husk 5 qian, Platycodon Root 2 qian
Envoy: Licorice Root 2 qian, Fresh Ginger 2 qian, Jujube 2 qian
[How the ingredients work together]
Patchouli aromatically transforms Dampness, harmonizes the middle and relieves nausea while also dispersing external Wind-Cold.
Perilla Leaf and Angelica Dahurica Root release the Exterior, disperse Cold and transform Dampness.
Aged Tangerine Peel, Pinellia Rhizome, Magnolia Bark and Areca Husk regulate Qi, dry Dampness, relieve bloating and direct rebellious Qi downward.
White Atractylodes Rhizome, Atractylodes Rhizome and Poria strengthen the Spleen and remove Dampness.
Platycodon Root disperses Lung Qi and guides the formula upward.
Prepared Licorice Root, Fresh Ginger and Jujube harmonize the Spleen and Stomach, support Qi and harmonize the ingredients.","藿香正気散
【出典】『太平恵民和剤局方』
【効能】表の寒を解き、湿を除いて中焦を整え、気を巡らせて嘔吐を鎮める
【主治】外感風寒・内傷湿滞
【構成】
君：藿香 五銭
臣：蘇葉 三銭、白芷 三銭、半夏 四銭、厚朴 四銭
佐：白朮 四銭、蒼朮 四銭、陳皮 三銭、茯苓 五銭、大腹皮 五銭、桔梗 二銭
使：甘草 二銭、生姜 二銭、大棗 二銭
【配伍】
藿香：芳香で湿を除き、胃を整えて吐き気を鎮め、表の寒も散らす。
蘇葉・白芷：風寒を散らし、湿と濁りを除く。
陳皮・半夏・厚朴・大腹皮：気を巡らせて湿を乾かし、腹の張りと嘔吐を和らげる。
白朮・蒼朮・茯苓：脾を整えて湿を除き、下痢を止める。
桔梗：肺気を巡らせ、薬を上へ導く。
炙甘草・生姜・大棗：脾胃と気を養い、諸薬を調和させる。","곽향정기산
【출전】『태평혜민화제국방』
【효능】표를 풀고 한을 흩으며 습을 변화시키고 중초를 조화시켜 구역을 멎게 한다.
【주치】외감풍한내상습체증
【구성】
군약: 곽향 5 전
신약: 자소엽 3 전, 백지 3 전, 반하 4 전, 후박 4 전
좌약: 백출 4 전, 창출 4 전, 진피 3 전, 복령 5 전, 대복피 5 전, 길경 2 전
사약: 감초 2 전, 생강 2 전, 대추 2 전
【배오】
곽향 5 전·자소엽 3 전·백지 3 전·반하 4 전·후박 4 전을 중심으로 구성하여 외감풍한내상습체증의 병기를 다스린다. 군약이 주된 병사를 치료하고, 신약과 좌약이 기혈·장부를 보조하며, 사약이 여러 약재의 작용을 조화시킨다."
UI_BOOK_ENTRY_TITLE_DANG_GUI_SI_NI_TANG,当归四逆汤,當歸四逆湯,Chinese Angelica Decoction for Frigid Extremities,当帰四逆湯,당귀사역탕
UI_BOOK_ENTRY_BODY_DANG_GUI_SI_NI_TANG,"当归四逆汤
【出处】《伤寒论》
【功效】温经散寒，养血通脉
【主治】寒凝心脉
【组成】
君：当归 四钱
臣：桂枝 三钱，白芍 三钱
佐：细辛 一钱，木通 二钱
使：甘草 二钱，大枣 二钱
【配伍】
当归：养血和血、温补肝血，濡养经脉。
桂枝：温通经脉、宣通阳气；
白芍：养血敛阴，缓急止痛；
细辛：直入三阴，温经散寒、破寒凝。
通草：通利经脉，引寒邪外泄。
大枣、炙甘草益气健脾、调和诸药，养血以助脉道充盈。","當歸四逆湯
【出處】《傷寒論》
【功效】溫經散寒，養血通脈
【主治】寒凝心脈
【組成】
君：當歸 四錢
臣：桂枝 三錢，白芍 三錢
佐：細辛 一錢，木通 ...","CHINESE ANGELICA DECOCTION FOR FRIGID EXTREMITIES
[Source] Treatise on Cold Damage
[Actions] Warms the channels, disperses Cold, nourishes blood and opens the vessels
[Indication] Cold congealing in the Heart vessels
[Ingredients]
Chief: Chinese Angelica Root 4 qian
Deputy: Cinnamon Twig 3 qian, White Peony Root 3 qian
Assistant: Asarum Herb 1 qian, Akebia Stem 2 qian
Envoy: Licorice Root 2 qian, Jujube 2 qian
[How the ingredients work together]
Chinese Angelica Root nourishes and harmonizes blood, warms Liver blood and nourishes the channels.
Cinnamon Twig warms and opens the channels and promotes the movement of Yang Qi.
White Peony Root nourishes blood, preserves Yin and eases spasms and pain.
Asarum Herb penetrates the Yin channels, warms the channels and disperses congealed Cold.
Tong Cao opens the channels and helps expel Cold.
Jujube and prepared Licorice Root support Qi and the Spleen, harmonize the formula and help nourish blood.","当帰四逆湯
【出典】『傷寒論』
【効能】経絡を温めて寒を散らし、血を養って脈を通す
【主治】寒凝心脈
【構成】
君：当帰 四銭
臣：桂枝 三銭、白芍 三銭
佐：細辛 一銭、木通 二銭
使：甘草 二銭、大棗 二銭
【配伍】
当帰：血を養って整え、経脈に潤いを与える。
桂枝：経脈を温め、陽気を巡らせる。
白芍：血と陰を養い、ひきつれと痛みを緩める。
細辛：深い寒を温めて散らす。
木通：経脈を通し、寒邪の排出を助ける。
大棗・炙甘草：気と脾を養い、諸薬を調和して血を補う。","당귀사역탕
【출전】『상한론』
【효능】경맥을 따뜻하게 하고 한을 흩으며 혈을 보하고 맥을 연다.
【주치】한응심맥증
【구성】
군약: 당귀 4 전
신약: 계지 3 전, 백작약 3 전
좌약: 세신 1 전, 목통 2 전
사약: 감초 2 전, 대추 2 전
【배오】
당귀 4 전·계지 3 전·백작약 3 전·세신 1 전·목통 2 전을 중심으로 구성하여 한응심맥증의 병기를 다스린다. 군약이 주된 병사를 치료하고, 신약과 좌약이 기혈·장부를 보조하며, 사약이 여러 약재의 작용을 조화시킨다."
UI_BOOK_ENTRY_TITLE_DAO_CHI_SAN,导赤散,導赤散,Guide Out the Red Powder,導赤散,도적산
UI_BOOK_ENTRY_BODY_DAO_CHI_SAN,"导赤散
【出处】《小儿药证直诀》
【功效】清心利水养阴
【主治】心火亢盛
【组成】
君：生地黄 二钱，木通 二钱
臣：竹叶 二钱
佐：甘草 二钱
使：
【配伍】
生地黄：凉血滋阴、清心降火，养阴以制心火。
木通：清心泻火、利水通淋，导心火从小便而出。
竹叶：清心除烦、淡渗利水，助木通清心导赤。
生甘草：梢清热解毒、直达茎中，缓尿痛、调和诸药。","導赤散
【出處】《小兒藥證直訣》
【功效】清心利水養陰
【主治】心火亢盛
【組成】
君：生地黃 二錢，木通 二錢
臣：竹葉 二錢
佐：甘草 二錢
使：
【...","GUIDE OUT THE RED POWDER
[Source] Key to Therapeutics of Children's Diseases
[Actions] Clears Heart Heat, promotes urination and nourishes Yin
[Indication] Excessive Heart fire
[Ingredients]
Chief: Fresh Rehmannia Root 2 qian, Akebia Stem 2 qian
Deputy: Bamboo Leaf 2 qian
Assistant: Licorice Root 2 qian
Envoy:
[How the ingredients work together]
Fresh Rehmannia Root cools blood, nourishes Yin and clears Heart fire.
Akebia Stem clears Heart fire and promotes urination, guiding Heat out through urine.
Bamboo Leaf clears the Heart, eases restlessness and promotes urination.
The tip of raw Licorice Root clears Heat and soothes urinary pain while harmonizing the ingredients.","導赤散
【出典】『小児薬証直訣』
【効能】心火を清め、水を巡らせて陰を養う
【主治】心火亢盛
【構成】
君：生地黄 二銭、木通 二銭
臣：竹葉 二銭
佐：甘草 二銭
使：
【配伍】
生地黄：血を冷やし、陰を養って心火を抑える。
木通：心火を清め、利尿によって熱を排す。
竹葉：心の熱といらだちを除き、水の排出を助ける。
生甘草：熱を清めて痛みを和らげ、諸薬を調和させる。","도적산
【출전】『소아약증직결』
【효능】심열을 내리고 소변을 잘 나오게 하며 음을 보한다.
【주치】심화항성증
【구성】
군약: 생지황 2 전, 목통 2 전
신약: 죽엽 2 전
좌약: 감초 2 전
사약: 없음
【배오】
생지황 2 전·목통 2 전·죽엽 2 전·감초 2 전을 중심으로 구성하여 심화항성증의 병기를 다스린다. 군약이 주된 병사를 치료하고, 신약과 좌약이 기혈·장부를 보조하며, 사약이 여러 약재의 작용을 조화시킨다."
UI_BOOK_ENTRY_TITLE_DI_TAN_TANG,涤痰汤,滌痰湯,Scour Phlegm Decoction,滌痰湯,척담탕
UI_BOOK_ENTRY_BODY_DI_TAN_TANG,"涤痰汤
【出处】《太医院经验奇效良方大全》
【功效】涤痰开窍，益气扶正
【主治】痰迷心窍
【组成】
君：半夏 二钱五分，胆南星 二钱五分
臣：枳实 二钱，陈皮 一钱五分
佐：竹茹 一钱，茯苓 二钱，石菖蒲 一钱，人参 一钱
使：生姜 一钱，甘草 一钱
【配伍】
半夏、陈皮：燥湿化痰、理气和胃，直祛痰湿之本。
胆南星：清气化痰，助半夏化痰之力
枳实、竹茹：清热化痰、破气开郁，降逆涤痰。
石菖蒲：豁痰开窍、交通心肾、醒神益智；
茯苓：健脾渗湿，杜绝生痰之源；
人参：益气扶正，扶助正气以运痰。
甘草、生姜：调和诸药，益气和中，制胆南星、半夏之毒。","滌痰湯
【出處】《太醫院經驗奇效良方大全》
【功效】滌痰開竅，益氣扶正
【主治】痰迷心竅
【組成】
君：半夏 二錢五分，膽南星 二錢五分
臣：枳實 二錢，...","SCOUR PHLEGM DECOCTION
[Source] Complete Collection of Proven and Miraculous Formulas from the Imperial Medical Academy
[Actions] Clears phlegm and opens the sensory orifices; supports Qi and healthy functions
[Indication] Phlegm clouding the Heart orifices
[Ingredients]
Chief: Pinellia Rhizome 2 qian 5 fen, Bile-Processed Arisaema 2 qian 5 fen
Deputy: Immature Bitter Orange 2 qian, Aged Tangerine Peel 1 qian 5 fen
Assistant: Bamboo Shavings 1 qian, Poria 2 qian, Acorus Rhizome 1 qian, Ginseng Root 1 qian
Envoy: Fresh Ginger 1 qian, Licorice Root 1 qian
[How the ingredients work together]
Pinellia Rhizome and Aged Tangerine Peel dry Dampness, transform phlegm, regulate Qi and harmonize the Stomach.
Bile-Processed Arisaema clears phlegm and reinforces Pinellia Rhizome.
Immature Bitter Orange and Bamboo Shavings clear Heat and phlegm, break Qi stagnation and direct rebellious Qi downward.
Acorus Rhizome transforms phlegm, opens the orifices, connects Heart and Kidney functions and clears the mind.
Poria strengthens the Spleen and drains Dampness, reducing the source of phlegm.
Ginseng Root supports Qi and healthy functions so the body can move phlegm.
Licorice Root and Fresh Ginger harmonize the ingredients and temper the toxicity of Bile-Processed Arisaema and Pinellia Rhizome.","滌痰湯
【出典】『太医院経験奇効良方大全』
【効能】痰を除いて意識を明らかにし、気を補って正気を支える
【主治】痰迷心竅
【構成】
君：半夏 二銭五分、胆南星 二銭五分
臣：枳実 二銭、陳皮 一銭五分
佐：竹茹 一銭、茯苓 二銭、石菖蒲 一銭、人参 一銭
使：生姜 一銭、甘草 一銭
【配伍】
半夏・陳皮：湿と痰を除き、気と胃を整える。
胆南星：熱を清めて痰を除き、半夏を助ける。
枳実・竹茹：熱と痰を清め、気の停滞を解く。
石菖蒲：痰を除いて意識を明らかにし、心と腎を調和させる。
茯苓：脾を整え湿を排し、痰の生じる元を抑える。
人参：気と正気を補う。
甘草・生姜：諸薬と胃を整え、胆南星と半夏の毒性を和らげる。","척담탕
【출전】『태의원 경험기효양방대전』
【효능】담을 삭이고 심규를 열며 기와 정기를 돕는다.
【주치】담미심규증
【구성】
군약: 반하 2 전 5 푼, 담남성 2 전 5 푼
신약: 지실 2 전, 진피 1 전 5 푼
좌약: 죽여 1 전, 복령 2 전, 석창포 1 전, 인삼 1 전
사약: 생강 1 전, 감초 1 전
【배오】
반하 2 전 5 푼·담남성 2 전 5 푼·지실 2 전·진피 1 전 5 푼·죽여 1 전을 중심으로 구성하여 담미심규증의 병기를 다스린다. 군약이 주된 병사를 치료하고, 신약과 좌약이 기혈·장부를 보조하며, 사약이 여러 약재의 작용을 조화시킨다."
UI_BOOK_ENTRY_TITLE_YANG_XIN_TANG,养心汤,養心湯,Nourish the Heart Decoction,養心湯,양심탕
UI_BOOK_ENTRY_BODY_YANG_XIN_TANG,"养心汤
【出处】《仁斋直指方论》
【功效】益气补血，养心安神
【主治】心气虚
【组成】
君：黄芪 五钱，人参 三钱
臣：当归 五钱，茯神 五钱，茯苓 五钱
佐：酸枣仁 三钱，柏子仁 三钱，远志 三钱，五味子 三钱，川芎 五钱，半夏 五钱，肉桂 三钱
使：甘草 四钱，生姜 一钱，大枣 一钱
【配伍】
人参、黄芪：大补心气，固元益气，直补心气之本。
当归、川芎：养血和营，气阴双补，气血互生。
茯苓、茯神：健脾宁心、安神定悸
枣仁、柏子仁、远志、五味子：养心安神、敛心止汗、交通心肾
半夏：和胃化痰，防滋补壅滞
肉桂：少佐温通，助心阳以鼓心气
炙甘草、生姜、大枣：益气和中，调和诸药，制半夏之毒。","養心湯
【出處】《仁齋直指方論》
【功效】益氣補血，養心安神
【主治】心氣虛
【組成】
君：黃耆 五錢，人參 三錢
臣：當歸 五錢，茯神 五錢，茯苓 五錢...","NOURISH THE HEART DECOCTION
[Source] Renzhai's Direct Guide to Formulas and Medical Theory
[Actions] Supports Qi, nourishes blood, nourishes the Heart and calms the spirit
[Indication] Heart Qi Deficiency
[Ingredients]
Chief: Astragalus Root 5 qian, Ginseng Root 3 qian
Deputy: Chinese Angelica Root 5 qian, Poria with Pine Root 5 qian, Poria 5 qian
Assistant: Sour Jujube Seed 3 qian, Arborvitae Seed 3 qian, Polygala Root 3 qian, Schisandra Fruit 3 qian, Sichuan Lovage Rhizome 5 qian, Pinellia Rhizome 5 qian, Cinnamon Bark 3 qian
Envoy: Licorice Root 4 qian, Fresh Ginger 1 qian, Jujube 1 qian
[How the ingredients work together]
Ginseng Root and Astragalus Root strongly support Heart Qi and address its underlying Deficiency.
Chinese Angelica Root and Sichuan Lovage Rhizome nourish and move blood, supporting Qi and blood together.
Poria and Poria with Pine Root strengthen the Spleen, calm the Heart and settle palpitations.
Sour Jujube Seed, Arborvitae Seed, Polygala Root and Schisandra Fruit nourish the Heart, calm the spirit and reduce sweating.
Pinellia Rhizome harmonizes the Stomach and transforms phlegm to prevent rich tonics from causing stagnation.
A small amount of Cinnamon Bark warms and promotes Heart Yang.
Prepared Licorice Root, Fresh Ginger and Jujube support the middle, harmonize the formula and temper Pinellia Rhizome.","養心湯
【出典】『仁斎直指方論』
【効能】気と血を補い、心を養って精神を落ち着かせる
【主治】心気虚
【構成】
君：黄耆 五銭、人参 三銭
臣：当帰 五銭、茯神 五銭、茯苓 五銭
佐：酸棗仁 三銭、柏子仁 三銭、遠志 三銭、五味子 三銭、川芎 五銭、半夏 五銭、肉桂 三銭
使：甘草 四銭、生姜 一銭、大棗 一銭
【配伍】
人参・黄耆：心気と元気を補う。
当帰・川芎：血と営を養い、気血の巡りを支える。
茯苓・茯神：脾を整え、心を鎮めて動悸を和らげる。
酸棗仁・柏子仁・遠志・五味子：心を養い、汗を収めて精神を落ち着かせる。
半夏：胃を整えて痰を除き、補薬による滞りを防ぐ。
肉桂：少量で温め、心陽の働きを助ける。
炙甘草・生姜・大棗：気と胃を養い、諸薬を調和し、半夏の毒性を和らげる。","양심탕
【출전】『인재직지방론』
【효능】기를 돕고 혈을 보하며 심을 자양하고 정신을 안정시킨다.
【주치】심기허증
【구성】
군약: 황기 5 전, 인삼 3 전
신약: 당귀 5 전, 복신 5 전, 복령 5 전
좌약: 산조인 3 전, 백자인 3 전, 원지 3 전, 오미자 3 전, 천궁 5 전, 반하 5 전, 육계 3 전
사약: 감초 4 전, 생강 1 전, 대추 1 전
【배오】
황기 5 전·인삼 3 전·당귀 5 전·복신 5 전·복령 5 전을 중심으로 구성하여 심기허증의 병기를 다스린다. 군약이 주된 병사를 치료하고, 신약과 좌약이 기혈·장부를 보조하며, 사약이 여러 약재의 작용을 조화시킨다."
UI_BOOK_ENTRY_TITLE_XUE_FU_ZHU_YU_TANG,血府逐瘀汤,血府逐瘀湯,Drive Out Stasis in the Mansion of Blood Decoction,血府逐瘀湯,혈부축어탕
UI_BOOK_ENTRY_BODY_XUE_FU_ZHU_YU_TANG,"血府逐瘀汤
【出处】《医林改错》
【功效】活血祛瘀，行气止痛
【主治】心脉瘀阻
【组成】
君：桃仁 四钱，红花 三钱
臣：赤芍 二钱，川芎 二钱，牛膝 三钱
佐：当归 三钱，生地黄 三钱，桔梗 二钱，枳壳 三钱，柴胡 一钱
使：甘草 二钱
【配伍】
桃仁、红花：破血行瘀，疏通胸中凝滞瘀血，直攻血府瘀阻，专治瘀血刺痛，为活血核心。
川芎、赤芍：川芎上行头目、疏通胸胁血脉，活血行气；赤芍凉血散瘀，缓胸胁刺痛。
牛膝：活血祛瘀，引胸中瘀血向下排出，化解胸中瘀堵。
柴胡、枳壳：柴胡疏肝解郁，升发胸中之气；枳壳宽胸行气。气行则血行，解决气滞致瘀之本，缓解胸闷胀痛。
桔梗：宣开肺气、上行胸中，载活血药直达血府，与牛膝一升一降，疏通胸膈气机血脉。
当归、生地：当归补血活血，化瘀而不伤新血；生地滋阴凉血，防活血药耗伤阴血，祛瘀不伤正。
使药：调和诸药。","血府逐瘀湯
【出處】《醫林改錯》
【功效】活血祛瘀，行氣止痛
【主治】心脈瘀阻
【組成】
君：桃仁 四錢，紅花 三錢
臣：赤芍 二錢，川芎 二錢，牛膝 三...","DRIVE OUT STASIS IN THE MANSION OF BLOOD DECOCTION
[Source] Correction of Errors in Medical Classics
[Actions] Moves blood, dispels stasis, moves Qi and relieves pain
[Indication] Blood stasis obstructing the Heart vessels
[Ingredients]
Chief: Peach Kernel 4 qian, Safflower 3 qian
Deputy: Red Peony Root 2 qian, Sichuan Lovage Rhizome 2 qian, Achyranthes Root 3 qian
Assistant: Chinese Angelica Root 3 qian, Fresh Rehmannia Root 3 qian, Platycodon Root 2 qian, Zhi Qiao 3 qian, Bupleurum Root 1 qian
Envoy: Licorice Root 2 qian
[How the ingredients work together]
Peach Kernel and Safflower break up blood stasis in the chest and address stabbing pain.
Sichuan Lovage Rhizome moves blood and Qi through the chest and flanks; Red Peony Root cools blood, disperses stasis and eases pain.
Achyranthes Root moves blood and guides stasis downward from the chest.
Bupleurum Root releases constrained Liver Qi while Zhi Qiao moves Qi in the chest; moving Qi helps blood move.
Platycodon Root disperses Lung Qi and guides blood-moving herbs upward. With Achyranthes Root it promotes movement through the chest in both directions.
Chinese Angelica Root nourishes and moves blood, while Fresh Rehmannia Root nourishes Yin and cools blood, helping protect healthy blood as stasis is cleared.
The envoy herb harmonizes the ingredients.","血府逐瘀湯
【出典】『医林改錯』
【効能】血を巡らせて瘀血を除き、気を通して痛みを鎮める
【主治】心脈瘀阻
【構成】
君：桃仁 四銭、紅花 三銭
臣：赤芍 二銭、川芎 二銭、牛膝 三銭
佐：当帰 三銭、生地黄 三銭、桔梗 二銭、枳殻 三銭、柴胡 一銭
使：甘草 二銭
【配伍】
桃仁・紅花：胸に滞った瘀血を動かし、刺すような痛みに働く。
川芎・赤芍：血と気を巡らせ、胸や脇の痛みを和らげる。
牛膝：瘀血を下へ導き、胸の滞りを除く。
柴胡・枳殻：肝気を巡らせ、胸を開く。気の滞りが解ければ血も巡る。
桔梗：肺気を開き、薬を胸へ導く。牛膝と上下から気血を巡らせる。
当帰・生地黄：血を養い、瘀血を除きながら新しい血と陰を傷めない。
甘草：諸薬を調和させる。","혈부축어탕
【출전】『의림개착』
【효능】혈을 움직이고 어혈을 풀며 기를 소통시켜 통증을 완화한다.
【주치】심맥어조증
【구성】
군약: 도인 4 전, 홍화 3 전
신약: 적작약 2 전, 천궁 2 전, 우슬 3 전
좌약: 당귀 3 전, 생지황 3 전, 길경 2 전, 지각 3 전, 시호 1 전
사약: 감초 2 전
【배오】
도인 4 전·홍화 3 전·적작약 2 전·천궁 2 전·우슬 3 전을 중심으로 구성하여 심맥어조증의 병기를 다스린다. 군약이 주된 병사를 치료하고, 신약과 좌약이 기혈·장부를 보조하며, 사약이 여러 약재의 작용을 조화시킨다."
UI_BOOK_ENTRY_TITLE_TIAN_WANG_BU_XIN_DAN,天王补心丹,天王補心丹,Heavenly Emperor's Heart-Tonifying Elixir,天王補心丹,천왕보심단
UI_BOOK_ENTRY_BODY_TIAN_WANG_BU_XIN_DAN,"天王补心丹
【出处】《金匮要略》
【功效】滋阴养血，补心安神
【主治】心阴虚
【组成】
君：生地黄 四两
臣：天门冬 一两，麦门冬 一两，酸枣仁 一两，柏子仁 一两，当归一两
佐：人参五钱，茯苓 五钱，玄参 五钱，丹参 五钱，远志 五钱，五味子 五钱
使：桔梗 五钱
【配伍】
生地黄：重用甘寒，滋阴养血、清心降火，直补心肾阴血。
天冬、麦冬、玄参：滋阴清热、生津润燥，壮水制虚火；
当归、丹参：养血和血、清心安神。
人参、茯苓：益气宁心；
酸枣仁、柏子仁、五味子：养心安神、敛汗宁心；
远志：交通心肾、安神益智。
桔梗：载药上行入心经，引药归经。","天王補心丹
【出處】《金匱要略》
【功效】滋陰養血，補心安神
【主治】心陰虛
【組成】
君：生地黃 四兩
臣：天門冬 一兩，麥門冬 一兩，酸棗仁 一兩，柏...","HEAVENLY EMPEROR'S HEART-TONIFYING ELIXIR
[Source] Essentials from the Golden Cabinet
[Actions] Nourishes Yin and blood, supports the Heart and calms the spirit
[Indication] Heart Yin Deficiency
[Ingredients]
Chief: Fresh Rehmannia Root 4 liang
Deputy: Asparagus Root 1 liang, Ophiopogon Tuber 1 liang, Sour Jujube Seed 1 liang, Arborvitae Seed 1 liang, Chinese Angelica Root 1 liang
Assistant: Ginseng Root 5 qian, Poria 5 qian, Scrophularia Root 5 qian, Red Sage Root 5 qian, Polygala Root 5 qian, Schisandra Fruit 5 qian
Envoy: Platycodon Root 5 qian
[How the ingredients work together]
A large amount of Fresh Rehmannia Root nourishes Yin and blood, clears Heart fire and supports the Heart and Kidney.
Asparagus Root, Ophiopogon Tuber and Scrophularia Root nourish Yin, clear Heat and generate fluids to restrain Deficiency fire.
Chinese Angelica Root and Red Sage Root nourish and harmonize blood and calm the Heart.
Ginseng Root and Poria support Qi and settle the Heart.
Sour Jujube Seed, Arborvitae Seed and Schisandra Fruit nourish the Heart, calm the spirit and reduce sweating.
Polygala Root supports communication between the Heart and Kidney and calms the spirit.
Platycodon Root guides the formula upward toward the Heart channel.","天王補心丹
【出典】『金匱要略』
【効能】陰と血を養い、心を補って精神を落ち着かせる
【主治】心陰虚
【構成】
君：生地黄 四両
臣：天門冬 一両、麦門冬 一両、酸棗仁 一両、柏子仁 一両、当帰 一両
佐：人参 五銭、茯苓 五銭、玄参 五銭、丹参 五銭、遠志 五銭、五味子 五銭
使：桔梗 五銭
【配伍】
生地黄：多く用いて陰と血を養い、心火を清め、心と腎を補う。
天門冬・麦門冬・玄参：陰と津液を養い、虚熱を抑えて乾燥を潤す。
当帰・丹参：血を養って巡らせ、心を鎮める。
人参・茯苓：気を補い、心を落ち着かせる。
酸棗仁・柏子仁・五味子：心を養って汗を収め、精神を鎮める。
遠志：心と腎を調和させる。
桔梗：薬の働きを上へ導く。","천왕보심단
【출전】『금궤요략』
【효능】음혈을 보하고 심을 돕고 정신을 안정시킨다.
【주치】심음허증
【구성】
군약: 생지황 4 냥
신약: 천문동 1 냥, 맥문동 1 냥, 산조인 1 냥, 백자인 1 냥, 당귀 1 냥
좌약: 인삼 5 전, 복령 5 전, 현삼 5 전, 단삼 5 전, 원지 5 전, 오미자 5 전
사약: 길경 5 전
【배오】
생지황 4 냥·천문동 1 냥·맥문동 1 냥·산조인 1 냥·백자인 1 냥을 중심으로 구성하여 심음허증의 병기를 다스린다. 군약이 주된 병사를 치료하고, 신약과 좌약이 기혈·장부를 보조하며, 사약이 여러 약재의 작용을 조화시킨다."
UI_BOOK_ENTRY_TITLE_GUI_ZHI_GAN_CAO_TANG,桂枝甘草汤,桂枝甘草湯,Cinnamon Twig and Licorice Decoction,桂枝甘草湯,계지감초탕
UI_BOOK_ENTRY_BODY_GUI_ZHI_GAN_CAO_TANG,"桂枝甘草汤
【出处】《伤寒论》
【功效】温补心阳，益气定悸
【主治】心阳虚
【组成】
君：桂枝 四钱
臣：甘草 二钱
佐：
使：
【配伍】
桂枝：辛甘温，温通心阳、平冲降逆、温经通脉。
炙甘草：益气补中、缓急养心，甘温益气。","桂枝甘草湯
【出處】《傷寒論》
【功效】溫補心陽，益氣定悸
【主治】心陽虛
【組成】
君：桂枝 四錢
臣：甘草 二錢
佐：
使：
【配伍】
桂枝：辛甘溫，...","CINNAMON TWIG AND LICORICE DECOCTION
[Source] Treatise on Cold Damage
[Actions] Warms and supports Heart Yang, strengthens Qi and settles palpitations
[Indication] Heart Yang Deficiency
[Ingredients]
Chief: Cinnamon Twig 4 qian
Deputy: Licorice Root 2 qian
Assistant:
Envoy:
[How the ingredients work together]
Cinnamon Twig warms Heart Yang, calms rising Qi and warms the channels and vessels.
Prepared Licorice Root supports Qi and the middle, relaxes urgency and nourishes the Heart.","桂枝甘草湯
【出典】『傷寒論』
【効能】心陽と気を温め補い、動悸を鎮める
【主治】心陽虚
【構成】
君：桂枝 四銭
臣：甘草 二銭
佐：
使：
【配伍】
桂枝：心陽を温めて巡らせ、逆上する気を下ろし、経脈を通す。
炙甘草：気と中焦を補い、心を養って緊張を緩める。","계지감초탕
【출전】『상한론』
【효능】심양을 따뜻하게 돕고 기를 보하며 두근거림을 안정시킨다.
【주치】심양허증
【구성】
군약: 계지 4 전
신약: 감초 2 전
좌약: 없음
사약: 없음
【배오】
계지 4 전·감초 2 전을 중심으로 구성하여 심양허증의 병기를 다스린다. 군약이 주된 병사를 치료하고, 신약과 좌약이 기혈·장부를 보조하며, 사약이 여러 약재의 작용을 조화시킨다."
UI_BOOK_ENTRY_TITLE_HUANG_LIAN_WEN_DAN_TANG,黄连温胆汤,黃連溫膽湯,Coptis Warm-Gallbladder Decoction,黄連温胆湯,황련온담탕
UI_BOOK_ENTRY_BODY_HUANG_LIAN_WEN_DAN_TANG,"黄连温胆汤
【出处】《备急千金要方》
【功效】清热化痰，和中安神
【主治】痰火扰心
【组成】
君：黄连 三钱
臣：半夏 四钱，竹茹 五钱
佐：陈皮 四钱，枳实 四钱，茯苓 四钱
使：甘草 二钱，生姜 一钱，大枣 一钱
【配伍】
黄连：苦寒直折，清心泻火、燥湿清热，专清痰火。
半夏：燥湿化痰；
竹茹：清热化痰、除烦安神。
陈皮：理气化痰；
枳实：破气消痞、导痰下行；
茯苓：健脾渗湿，绝生痰之源。
甘草:调和诸药，和中缓急。
生姜：和胃止呕，制半夏之毒
大枣：益气补中，调和脾胃","黃連溫膽湯
【出處】《備急千金要方》
【功效】清熱化痰，和中安神
【主治】痰火擾心
【組成】
君：黃連 三錢
臣：半夏 四錢，竹茹 五錢
佐：陳皮 四錢，...","COPTIS WARM-GALLBLADDER DECOCTION
[Source] Essential Prescriptions Worth a Thousand Gold for Emergencies
[Actions] Clears Heat, transforms phlegm, harmonizes the middle and calms the spirit
[Indication] Phlegm-Fire disturbing the Heart
[Ingredients]
Chief: Coptis Rhizome 3 qian
Deputy: Pinellia Rhizome 4 qian, Bamboo Shavings 5 qian
Assistant: Aged Tangerine Peel 4 qian, Immature Bitter Orange 4 qian, Poria 4 qian
Envoy: Licorice Root 2 qian, Fresh Ginger 1 qian, Jujube 1 qian
[How the ingredients work together]
Coptis Rhizome clears Heart fire and dries Dampness, targeting Phlegm-Fire.
Pinellia Rhizome dries Dampness and transforms phlegm.
Bamboo Shavings clears Heat and phlegm, relieves restlessness and calms the spirit.
Aged Tangerine Peel regulates Qi and transforms phlegm.
Immature Bitter Orange breaks Qi stagnation and directs phlegm downward.
Poria strengthens the Spleen and drains Dampness, reducing the source of phlegm.
Licorice Root harmonizes the ingredients and the middle.
Fresh Ginger harmonizes the Stomach, eases nausea and tempers Pinellia Rhizome.
Jujube supports Qi and the middle and harmonizes the Spleen and Stomach.","黄連温胆湯
【出典】『備急千金要方』
【効能】熱と痰を清め、中焦と心を整える
【主治】痰火擾心
【構成】
君：黄連 三銭
臣：半夏 四銭、竹茹 五銭
佐：陳皮 四銭、枳実 四銭、茯苓 四銭
使：甘草 二銭、生姜 一銭、大棗 一銭
【配伍】
黄連：心火と湿熱を清め、痰火に働く。
半夏：湿を乾かして痰を除く。
竹茹：熱と痰を清め、いらだちを鎮める。
陳皮：気を巡らせて痰を除く。
枳実：気のつかえを解き、痰を下へ導く。
茯苓：脾を整え湿を排し、痰の生じる元を抑える。
甘草・生姜・大棗：諸薬と脾胃を調和し、吐き気を和らげる。","황련온담탕
【출전】『비급천금요방』
【효능】열을 내리고 담을 삭이며 중초를 조화시키고 정신을 안정시킨다.
【주치】담화요심증
【구성】
군약: 황련 3 전
신약: 반하 4 전, 죽여 5 전
좌약: 진피 4 전, 지실 4 전, 복령 4 전
사약: 감초 2 전, 생강 1 전, 대추 1 전
【배오】
황련 3 전·반하 4 전·죽여 5 전·진피 4 전·지실 4 전을 중심으로 구성하여 담화요심증의 병기를 다스린다. 군약이 주된 병사를 치료하고, 신약과 좌약이 기혈·장부를 보조하며, 사약이 여러 약재의 작용을 조화시킨다."
UI_BOOK_ENTRY_TITLE_GUI_PI_TANG,归脾汤,歸脾湯,Restore the Spleen Decoction,帰脾湯,귀비탕
UI_BOOK_ENTRY_BODY_GUI_PI_TANG,"归脾汤
【出处】《严氏济生方》
【功效】益气补血，健脾养心
【主治】心脾两虚
【组成】
君：黄芪 一两，人参 五钱
臣：龙眼 五钱，白术 五钱，当归 五钱，酸枣仁 六钱
佐：茯神 五钱，远志 三钱，木香 二钱
使：甘草 二钱，生姜 一钱，大枣 一钱
【配伍】
黄芪、人参：大补脾气，益气生血。
当归、龙眼：肉养血补心、安神。
白术：助健脾；
酸枣仁、茯神：宁心安神；
远志：安神益智、交通心肾；
木香：理气醒脾，防滋补壅滞碍胃。
炙甘草、姜枣：益气和中、调和诸药，助脾胃生化气血。","歸脾湯
【出處】《嚴氏濟生方》
【功效】益氣補血，健脾養心
【主治】心脾兩虛
【組成】
君：黃耆 一兩，人參 五錢
臣：龍眼 五錢，白朮 五錢，當歸 五錢...","RESTORE THE SPLEEN DECOCTION
[Source] Yan's Formulas for Aiding Life
[Actions] Supports Qi, nourishes blood, strengthens the Spleen and nourishes the Heart
[Indication] Heart and Spleen Deficiency
[Ingredients]
Chief: Astragalus Root 1 liang, Ginseng Root 5 qian
Deputy: Longan Fruit 5 qian, White Atractylodes Rhizome 5 qian, Chinese Angelica Root 5 qian, Sour Jujube Seed 6 qian
Assistant: Poria with Pine Root 5 qian, Polygala Root 3 qian, Costus Root 2 qian
Envoy: Licorice Root 2 qian, Fresh Ginger 1 qian, Jujube 1 qian
[How the ingredients work together]
Astragalus Root and Ginseng Root strongly strengthen Spleen Qi and support blood production.
Chinese Angelica Root and Longan Fruit nourish blood and the Heart and calm the spirit.
White Atractylodes Rhizome strengthens the Spleen.
Sour Jujube Seed and Poria with Pine Root calm the Heart and spirit.
Polygala Root calms the spirit, supports mental clarity and connects Heart and Kidney functions.
Costus Root moves Qi and awakens the Spleen so rich tonics do not burden the Stomach.
Prepared Licorice Root, Fresh Ginger and Jujube support the middle and harmonize the ingredients, helping the Spleen and Stomach produce Qi and blood.","帰脾湯
【出典】『厳氏済生方』
【効能】気と血を補い、脾と心を養う
【主治】心脾両虚
【構成】
君：黄耆 一両、人参 五銭
臣：竜眼 五銭、白朮 五銭、当帰 五銭、酸棗仁 六銭
佐：茯神 五銭、遠志 三銭、木香 二銭
使：甘草 二銭、生姜 一銭、大棗 一銭
【配伍】
黄耆・人参：脾気を大いに補い、気から血を生み出す。
当帰・竜眼：血と心を養い、精神を落ち着かせる。
白朮：脾を整える。
酸棗仁・茯神：心を鎮める。
遠志：心と腎を調和し、精神を落ち着かせる。
木香：気と脾を巡らせ、補薬が胃に滞るのを防ぐ。
炙甘草・生姜・大棗：気と胃を養い、諸薬を調和して気血の生成を助ける。","귀비탕
【출전】『엄씨제생방』
【효능】기를 돕고 혈을 보하며 비를 튼튼하게 하고 심을 자양한다.
【주치】심비양허증
【구성】
군약: 황기 1 냥, 인삼 5 전
신약: 용안육 5 전, 백출 5 전, 당귀 5 전, 산조인 6 전
좌약: 복신 5 전, 원지 3 전, 목향 2 전
사약: 감초 2 전, 생강 1 전, 대추 1 전
【배오】
황기 1 냥·인삼 5 전·용안육 5 전·백출 5 전·당귀 5 전을 중심으로 구성하여 심비양허증의 병기를 다스린다. 군약이 주된 병사를 치료하고, 신약과 좌약이 기혈·장부를 보조하며, 사약이 여러 약재의 작용을 조화시킨다."
UI_BOOK_ENTRY_TITLE_LONG_DAN_XIE_GAN_TANG,龙胆泻肝汤,龍膽瀉肝湯,Gentian Decoction to Drain the Liver,竜胆瀉肝湯,용담사간탕
UI_BOOK_ENTRY_BODY_LONG_DAN_XIE_GAN_TANG,"龙胆泻肝汤
【出处】《兰室秘藏》
【功效】清泻肝胆实火，清利肝经湿热
【主治】肝火上炎
【组成】
君：龙胆草 二钱
臣：黄芩 三钱，栀子 三钱
佐：泽泻四钱，木通三钱，车前子 三钱，当归 三钱，生地黄 六钱，柴胡 三钱
使：甘草 二钱
【配伍】
龙胆草：大苦大寒，直泻肝胆实火、清利下焦湿热。
黄芩、栀子：苦寒泻火，清热燥湿，助龙胆草清泻肝火。
泽泻、木通、车前子：清热利湿，导湿热从小便而去；
生地黄、当归：滋阴养血，防苦寒药燥烈伤阴；
柴胡：疏肝引经，畅达肝胆气机。
生甘草清热解毒、调和诸药，护胃安中。","龍膽瀉肝湯
【出處】《蘭室秘藏》
【功效】清瀉肝膽實火，清利肝經濕熱
【主治】肝火上炎
【組成】
君：龍膽草 二錢
臣：黃芩 三錢，梔子 三錢
佐：澤瀉四...","GENTIAN DECOCTION TO DRAIN THE LIVER
[Source] Secret Treasury of the Orchid Chamber
[Actions] Drains Excess fire from the Liver and Gallbladder and clears Damp-Heat from the Liver channel
[Indication] Rising Liver fire
[Ingredients]
Chief: Gentian Root 2 qian
Deputy: Scutellaria Root 3 qian, Gardenia Fruit 3 qian
Assistant: Alisma Rhizome 4 qian, Akebia Stem 3 qian, Plantain Seed 3 qian, Chinese Angelica Root 3 qian, Fresh Rehmannia Root 6 qian, Bupleurum Root 3 qian
Envoy: Licorice Root 2 qian
[How the ingredients work together]
Gentian Root strongly drains Excess fire from the Liver and Gallbladder and clears Damp-Heat in the lower body.
Scutellaria Root and Gardenia Fruit clear Heat and dry Dampness, reinforcing Gentian Root.
Alisma Rhizome, Akebia Stem and Plantain Seed promote urination to carry Damp-Heat away.
Fresh Rehmannia Root and Chinese Angelica Root nourish Yin and blood to offset the drying nature of the bitter, cooling herbs.
Bupleurum Root frees constrained Liver Qi and guides the formula toward the Liver and Gallbladder channels.
Raw Licorice Root clears Heat, harmonizes the formula and protects the Stomach.","竜胆瀉肝湯
【出典】『蘭室秘蔵』
【効能】肝胆の強い火を清め、肝経の湿熱を排す
【主治】肝火上炎
【構成】
君：竜胆草 二銭
臣：黄芩 三銭、山梔子 三銭
佐：沢瀉 四銭、木通 三銭、車前子 三銭、当帰 三銭、生地黄 六銭、柴胡 三銭
使：甘草 二銭
【配伍】
竜胆草：強い苦寒の性質で肝胆の火と下焦の湿熱を清める。
黄芩・山梔子：熱と湿を除き、竜胆草を助ける。
沢瀉・木通・車前子：湿熱を尿とともに排す。
生地黄・当帰：陰と血を養い、苦寒の薬による消耗を防ぐ。
柴胡：肝気を巡らせ、薬を肝経へ導く。
生甘草：熱を清め、諸薬と胃を調和させる。","용담사간탕
【출전】『난실비장』
【효능】간담의 실화를 내리고 간경의 습열을 맑힌다.
【주치】간화상염증
【구성】
군약: 용담초 2 전
신약: 황금 3 전, 치자 3 전
좌약: 택사 4 전, 목통 3 전, 차전자 3 전, 당귀 3 전, 생지황 6 전, 시호 3 전
사약: 감초 2 전
【배오】
용담초 2 전·황금 3 전·치자 3 전·택사 4 전·목통 3 전을 중심으로 구성하여 간화상염증의 병기를 다스린다. 군약이 주된 병사를 치료하고, 신약과 좌약이 기혈·장부를 보조하며, 사약이 여러 약재의 작용을 조화시킨다."
UI_BOOK_ENTRY_TITLE_NUAN_GAN_JIAN,暖肝煎,暖肝煎,Warm the Liver Decoction,暖肝煎,난간전
UI_BOOK_ENTRY_BODY_NUAN_GAN_JIAN,"暖肝煎
【出处】《景岳全书》
【功效】温补肝肾，行气散寒
【主治】寒滞肝脉
【组成】
君：肉桂 一钱，茴香 二钱
臣：当归 二钱，枸杞子 三钱
佐：乌药 二钱，茯苓 二钱，沉香 一钱
使：生姜 一钱
【配伍】
肉桂：温肾暖肝、散寒止痛；
茴香：暖肝理气、专治寒疝睾丸冷痛。
当归、枸杞：养血补肝、温补肝肾，扶正固本。
乌药：行气散寒、疏肝止痛；
沉香：降气暖肝、下气止痛；
茯苓：健脾渗湿，助肝肾气化。
生姜：散寒和胃，辅助中焦","暖肝煎
【出處】《景岳全書》
【功效】溫補肝腎，行氣散寒
【主治】寒滯肝脈
【組成】
君：肉桂 一錢，茴香 二錢
臣：當歸 二錢，枸杞子 三錢
佐：烏藥 ...","WARM THE LIVER DECOCTION
[Source] Complete Works of Jingyue
[Actions] Warms and supports the Liver and Kidney, moves Qi and disperses Cold
[Indication] Cold stagnating in the Liver channel
[Ingredients]
Chief: Cinnamon Bark 1 qian, Fennel 2 qian
Deputy: Chinese Angelica Root 2 qian, Goji Berry 3 qian
Assistant: Lindera Root 2 qian, Poria 2 qian, Agarwood 1 qian
Envoy: Fresh Ginger 1 qian
[How the ingredients work together]
Cinnamon Bark warms the Kidney and Liver, disperses Cold and eases pain.
Fennel warms the Liver and moves Qi, addressing Cold pain in the testicles.
Chinese Angelica Root and Goji Berry nourish Liver blood and support the Liver and Kidney.
Lindera Root moves Qi, disperses Cold and eases Liver-related pain.
Agarwood directs Qi downward, warms the Liver and eases pain.
Poria strengthens the Spleen and drains Dampness.
Fresh Ginger disperses Cold and harmonizes the Stomach.","暖肝煎
【出典】『景岳全書』
【効能】肝と腎を温め補い、気を巡らせて寒を散らす
【主治】寒滞肝脈
【構成】
君：肉桂 一銭、茴香 二銭
臣：当帰 二銭、枸杞子 三銭
佐：烏薬 二銭、茯苓 二銭、沈香 一銭
使：生姜 一銭
【配伍】
肉桂：腎と肝を温め、寒と痛みを除く。
茴香：肝を温めて気を巡らせ、寒による下腹部や精巣の痛みに用いる。
当帰・枸杞子：血と肝を養い、肝腎を補う。
烏薬：気を巡らせて寒と痛みを除く。
沈香：気を下ろし、肝を温めて痛みを和らげる。
茯苓：脾を整え湿を排す。
生姜：寒を散らし、胃を整える。","난간전
【출전】『경악전서』
【효능】간과 신을 따뜻하게 돕고 기를 움직여 한을 흩는다.
【주치】한체간맥증
【구성】
군약: 육계 1 전, 회향 2 전
신약: 당귀 2 전, 구기자 3 전
좌약: 오약 2 전, 복령 2 전, 침향 1 전
사약: 생강 1 전
【배오】
육계 1 전·회향 2 전·당귀 2 전·구기자 3 전·오약 2 전을 중심으로 구성하여 한체간맥증의 병기를 다스린다. 군약이 주된 병사를 치료하고, 신약과 좌약이 기혈·장부를 보조하며, 사약이 여러 약재의 작용을 조화시킨다."
UI_BOOK_ENTRY_TITLE_CHAI_HU_SHU_GAN_SAN,柴胡疏肝散,柴胡疏肝散,Bupleurum Liver-Soothing Powder,柴胡疏肝散,시호소간산
UI_BOOK_ENTRY_BODY_CHAI_HU_SHU_GAN_SAN,"柴胡疏肝散
【出处】《景岳全书》
【功效】疏肝解郁，行气止痛
【主治】肝气郁结
【组成】君：柴胡 二钱
臣：香附 一钱五分钱，川芎 一钱五分
佐：陈皮 二钱，枳壳 一钱五分，白芍 一钱五分
使：甘草 五分
【配伍】
柴胡：疏肝解郁、调畅气机，直入肝胆疏泄郁滞。
香附:理气疏肝、止痛；
川芎:行气活血、通络止痛。
枳壳、陈皮:理气行滞、宽胸除胀；
白芍:柔肝缓急、养阴和营，防理气药耗伤肝阴。
炙甘草:调和诸药，配白芍酸甘化阴、缓急止痛。","柴胡疏肝散
【出處】《景岳全書》
【功效】疏肝解鬱，行氣止痛
【主治】肝氣鬱結
【組成】君：柴胡 二錢
臣：香附 一錢五分錢，川芎 一錢五分
佐：陳皮 二...","BUPLEURUM LIVER-SOOTHING POWDER
[Source] Complete Works of Jingyue
[Actions] Spreads Liver Qi, relieves constraint, moves Qi and eases pain
[Indication] Liver Qi stagnation
[Ingredients]
Chief: Bupleurum Root 2 qian
Deputy: Cyperus Rhizome 1 qian 5 fen, Sichuan Lovage Rhizome 1 qian 5 fen
Assistant: Aged Tangerine Peel 2 qian, Zhi Qiao 1 qian 5 fen, White Peony Root 1 qian 5 fen
Envoy: Licorice Root 5 fen
[How the ingredients work together]
Bupleurum Root releases constrained Liver Qi and promotes its free movement.
Cyperus Rhizome regulates Liver Qi and eases pain.
Sichuan Lovage Rhizome moves Qi and blood through the channels to ease pain.
Zhi Qiao and Aged Tangerine Peel move stagnant Qi, open the chest and relieve distension.
White Peony Root softens the Liver, nourishes Yin and protects it from the dispersing herbs.
Prepared Licorice Root harmonizes the ingredients; together with White Peony Root, it eases spasms and pain.","柴胡疏肝散
【出典】『景岳全書』
【効能】肝気の鬱滞を解き、気を巡らせて痛みを鎮める
【主治】肝気鬱結
【構成】
君：柴胡 二銭
臣：香附 一銭五分、川芎 一銭五分
佐：陳皮 二銭、枳殻 一銭五分、白芍 一銭五分
使：甘草 五分
【配伍】
柴胡：肝気の鬱滞を解き、気の流れを整える。
香附：肝気を巡らせ、痛みを鎮める。
川芎：気と血を巡らせ、経絡の痛みを和らげる。
枳殻・陳皮：気の滞りを解き、胸と腹の張りを鎮める。
白芍：肝を柔らかくし、陰と営を養って気を巡らせる薬の消耗を防ぐ。
炙甘草：諸薬を調和し、白芍とともにひきつれと痛みを緩める。","시호소간산
【출전】『경악전서』
【효능】간기를 소통하고 울체를 풀며 기를 움직여 통증을 줄인다.
【주치】간기울결증
【구성】
군약: 시호 2 전
신약: 향부자 1 전 5 푼, 천궁 1 전 5 푼
좌약: 진피 2 전, 지각 1 전 5 푼, 백작약 1 전 5 푼
사약: 감초 5 푼
【배오】
시호 2 전·향부자 1 전 5 푼·천궁 1 전 5 푼·진피 2 전·지각 1 전 5 푼을 중심으로 구성하여 간기울결증의 병기를 다스린다. 군약이 주된 병사를 치료하고, 신약과 좌약이 기혈·장부를 보조하며, 사약이 여러 약재의 작용을 조화시킨다."
UI_BOOK_ENTRY_TITLE_SI_WU_TANG,四物汤,四物湯,Four-Substance Decoction,四物湯,사물탕
UI_BOOK_ENTRY_BODY_SI_WU_TANG,"四物汤
【出处】《太平惠民和剂局方》
【功效】补血调血
【主治】肝血虚
【组成】
君：熟地黄 四钱
臣：当归 三钱
佐：白芍 三钱，川芎 二钱
使：
【配伍】
熟地黄：甘温味厚，滋阴补血、填精益髓，为补血之本。
当归：补血养肝、活血调经，既补又行，补而不滞。
白芍：养血敛阴、柔肝缓急，濡养筋脉。
川芎：行气活血、疏肝通络，使补而不壅、补血不滞气。","四物湯
【出處】《太平惠民和劑局方》
【功效】補血調血
【主治】肝血虛
【組成】
君：熟地黃 四錢
臣：當歸 三錢
佐：白芍 三錢，川芎 二錢
使：
【配...","FOUR-SUBSTANCE DECOCTION
[Source] Formulary of the Taiping Imperial Pharmacy for the People's Welfare
[Actions] Nourishes and regulates blood
[Indication] Liver blood Deficiency
[Ingredients]
Chief: Prepared Rehmannia Root 4 qian
Deputy: Chinese Angelica Root 3 qian
Assistant: White Peony Root 3 qian, Sichuan Lovage Rhizome 2 qian
Envoy:
[How the ingredients work together]
Prepared Rehmannia Root nourishes Yin and blood, replenishes essence and supports marrow.
Chinese Angelica Root nourishes Liver blood and moves blood, providing nourishment without causing stagnation.
White Peony Root nourishes blood and Yin, softens the Liver and nourishes the sinews.
Sichuan Lovage Rhizome moves Qi and blood through the channels so blood can be nourished without becoming stagnant.","四物湯
【出典】『太平恵民和剤局方』
【効能】血を補い、血の巡りを整える
【主治】肝血虚
【構成】
君：熟地黄 四銭
臣：当帰 三銭
佐：白芍 三銭、川芎 二銭
使：
【配伍】
熟地黄：陰と血を養い、精と髄を補う。
当帰：血と肝を養い、血を巡らせて月経を整える。
白芍：血と陰を養い、肝と筋を柔らかくする。
川芎：気と血を巡らせ、補薬が滞るのを防ぐ。","사물탕
【출전】『태평혜민화제국방』
【효능】혈을 보하고 조절한다.
【주치】간혈허증
【구성】
군약: 숙지황 4 전
신약: 당귀 3 전
좌약: 백작약 3 전, 천궁 2 전
사약: 없음
【배오】
숙지황 4 전·당귀 3 전·백작약 3 전·천궁 2 전을 중심으로 구성하여 간혈허증의 병기를 다스린다. 군약이 주된 병사를 치료하고, 신약과 좌약이 기혈·장부를 보조하며, 사약이 여러 약재의 작용을 조화시킨다."
UI_BOOK_ENTRY_TITLE_GE_XIA_ZHU_YU_TANG,膈下逐瘀汤,膈下逐瘀湯,Drive Out Blood Stasis Below the Diaphragm Decoction,膈下逐瘀湯,격하축어탕
UI_BOOK_ENTRY_BODY_GE_XIA_ZHU_YU_TANG,"膈下逐瘀汤
【出处】《医林改错》
【功效】活血祛瘀，行气止痛。
【主治】肝血瘀滞
【组成】
君：当归 三钱，川芎 二钱，赤芍 二钱
臣：桃仁 三钱，红花 三钱，五灵脂 二钱，丹皮 二钱
佐：香附 一钱，乌药 二钱，枳壳 一钱，延胡索 一钱
使：甘草 三钱
【配伍】
桃仁、红花：破血逐瘀；
五灵脂：专散胸腹瘀血、化瘀止痛，共主散膈下深部瘀血。
当归：养血活血，散瘀不伤血；
川芎：行气活血；
赤芍、丹皮：凉血散瘀，清瘀久郁热。
香附：疏肝行气；
乌药：温散下焦膈下寒凝气滞；
枳壳：宽中下气；
延胡索：行气活血止痛。
甘草：调和诸药，缓急止痛，缓和活血破瘀药峻烈之性。","膈下逐瘀湯
【出處】《醫林改錯》
【功效】活血祛瘀，行氣止痛。
【主治】肝血瘀滯
【組成】
君：當歸 三錢，川芎 二錢，赤芍 二錢
臣：桃仁 三錢，紅花 ...","DRIVE OUT BLOOD STASIS BELOW THE DIAPHRAGM DECOCTION
[Source] Correction of Errors in Medical Classics
[Actions] Moves blood, dispels stasis, moves Qi and eases pain
[Indication] Stagnant Liver blood
[Ingredients]
Chief: Chinese Angelica Root 3 qian, Sichuan Lovage Rhizome 2 qian, Red Peony Root 2 qian
Deputy: Peach Kernel 3 qian, Safflower 3 qian, Trogopterus Dung 2 qian, Moutan Cortex 2 qian
Assistant: Cyperus Rhizome 1 qian, Lindera Root 2 qian, Zhi Qiao 1 qian, Corydalis Rhizome 1 qian
Envoy: Licorice Root 3 qian
[How the ingredients work together]
Peach Kernel and Safflower break up blood stasis.
Trogopterus Dung disperses deep stasis beneath the diaphragm and eases pain.
Chinese Angelica Root nourishes and moves blood, dispersing stasis without depleting it.
Sichuan Lovage Rhizome moves Qi and blood.
Red Peony Root and Moutan Cortex cool blood and disperse stasis and lingering Heat.
Cyperus Rhizome spreads Liver Qi.
Lindera Root warms and disperses Cold and Qi stagnation beneath the diaphragm.
Zhi Qiao eases fullness and directs Qi downward.
Corydalis Rhizome moves Qi and blood and eases pain.
Licorice Root harmonizes the ingredients, eases spasms and tempers the stronger blood-moving herbs.","膈下逐瘀湯
【出典】『医林改錯』
【効能】血を巡らせて瘀血を除き、気を通して痛みを鎮める
【主治】肝血瘀滞
【構成】
君：当帰 三銭、川芎 二銭、赤芍 二銭
臣：桃仁 三銭、紅花 三銭、五霊脂 二銭、丹皮 二銭
佐：香附 一銭、烏薬 二銭、枳殻 一銭、延胡索 一銭
使：甘草 三銭
【配伍】
桃仁・紅花：血を巡らせ瘀血を除く。
五霊脂：胸腹の瘀血を散らし、痛みを鎮める。
当帰・川芎：血を養いながら巡らせる。
赤芍・丹皮：血の熱と瘀血を除く。
香附・烏薬・枳殻：気を巡らせ、膈下の寒と滞りを和らげる。
延胡索：気血を巡らせて痛みを鎮める。
甘草：諸薬を調和し、強い駆瘀の働きを緩める。","격하축어탕
【출전】『의림개착』
【효능】혈을 움직이고 어혈을 풀며 기를 움직여 통증을 줄인다.
【주치】간혈어체증
【구성】
군약: 당귀 3 전, 천궁 2 전, 적작약 2 전
신약: 도인 3 전, 홍화 3 전, 오령지 2 전, 목단피 2 전
좌약: 향부자 1 전, 오약 2 전, 지각 1 전, 현호색 1 전
사약: 감초 3 전
【배오】
당귀 3 전·천궁 2 전·적작약 2 전·도인 3 전·홍화 3 전을 중심으로 구성하여 간혈어체증의 병기를 다스린다. 군약이 주된 병사를 치료하고, 신약과 좌약이 기혈·장부를 보조하며, 사약이 여러 약재의 작용을 조화시킨다."
UI_BOOK_ENTRY_TITLE_YI_GUAN_JIAN,一贯煎,一貫煎,Linking Decoction,一貫煎,일관전
UI_BOOK_ENTRY_BODY_YI_GUAN_JIAN,"一贯煎
【出处】《柳州医话》
【功效】滋阴疏肝
【主治】肝阴虚
【组成】
君：生地黄 一两
臣：枸杞子 六钱，沙参 三钱，麦门冬 三钱，当归 三钱
佐：川楝子 一钱五分
使：
【配伍】
生地黄：重用滋阴养血、补益肝肾，直补肝阴之本。
枸杞：滋补肝肾、填精养阴；
当归：养血柔肝、濡养经脉。
北沙参、麦冬：养阴生津、润肺养胃，滋水以涵木；
川楝子：苦寒疏肝泄热、行气止痛，疏肝而不伤阴。","一貫煎
【出處】《柳州醫話》
【功效】滋陰疏肝
【主治】肝陰虛
【組成】
君：生地黃 一兩
臣：枸杞子 六錢，沙參 三錢，麥門冬 三錢，當歸 三錢
佐：川...","LINKING DECOCTION
[Source] Medical Talks from Liuzhou
[Actions] Nourishes Yin and spreads Liver Qi
[Indication] Liver Yin Deficiency
[Ingredients]
Chief: Fresh Rehmannia Root 1 liang
Deputy: Goji Berry 6 qian, Adenophora Root 3 qian, Ophiopogon Tuber 3 qian, Chinese Angelica Root 3 qian
Assistant: Sichuan Chinaberry Fruit 1 qian 5 fen
Envoy:
[How the ingredients work together]
A large amount of Fresh Rehmannia Root nourishes Yin and blood in the Liver and Kidney.
Goji Berry supports the Liver and Kidney and nourishes essence and Yin.
Chinese Angelica Root nourishes blood, softens the Liver and nourishes the channels.
Adenophora Root and Ophiopogon Tuber nourish Yin, generate fluids and moisten the Lung and Stomach.
Sichuan Chinaberry Fruit clears Heat, moves Liver Qi and eases pain without depleting Yin.","一貫煎
【出典】『柳州医話』
【効能】陰を養い、肝気を巡らせる
【主治】肝陰虚
【構成】
君：生地黄 一両
臣：枸杞子 六銭、沙参 三銭、麦門冬 三銭、当帰 三銭
佐：川楝子 一銭五分
使：
【配伍】
生地黄：多く用いて陰と血を養い、肝腎を補う。
枸杞子：肝と腎の陰と精を養う。
当帰：血を養い、肝と経脈を柔らかくする。
沙参・麦門冬：陰と津液を養い、肺と胃を潤して肝を支える。
川楝子：肝気を巡らせ、熱と痛みを除きながら陰を傷めない。","일관전
【출전】『유주 의화』
【효능】음을 보하고 간기를 소통시킨다.
【주치】간음허증
【구성】
군약: 생지황 1 냥
신약: 구기자 6 전, 사삼 3 전, 맥문동 3 전, 당귀 3 전
좌약: 천련자 1 전 5 푼
사약: 없음
【배오】
생지황 1 냥·구기자 6 전·사삼 3 전·맥문동 3 전·당귀 3 전을 중심으로 구성하여 간음허증의 병기를 다스린다. 군약이 주된 병사를 치료하고, 신약과 좌약이 기혈·장부를 보조하며, 사약이 여러 약재의 작용을 조화시킨다."
UI_BOOK_ENTRY_TITLE_GOU_TENG_SAN,钩藤散,鉤藤散,Uncaria Powder,釣藤散,조구등산
UI_BOOK_ENTRY_BODY_GOU_TENG_SAN,"钩藤散
【出处】《普济本事方》
【功效】平肝息风，清热化痰，益气养阴
【主治】肝阳上亢
【组成】
君：钩藤 三钱，菊花 三钱
臣：防风 三钱，石膏 三钱
佐：茯苓 三钱，半夏 三钱，陈皮 三钱，人参 三钱
使：甘草 三钱，生姜 二钱
【配伍】
钩藤、菊花：平肝息风、清利头目
石膏：清热泻火、除烦止晕
防风：祛风解痉、载药上行
半夏、陈皮、茯苓：燥湿化痰、和胃降逆
麦冬、人参：益气养阴、扶正固本
茯神：宁心安神
炙甘草、生姜+调和诸药、和胃止呕、制半夏之毒","鉤藤散
【出處】《普濟本事方》
【功效】平肝息風，清熱化痰，益氣養陰
【主治】肝陽上亢
【組成】
君：鉤藤 三錢，菊花 三錢
臣：防風 三錢，石膏 三錢
...","UNCARIA POWDER
[Source] Proven Formulas for Universal Relief
[Actions] Calms the Liver and Wind, clears Heat and phlegm, and supports Qi and Yin
[Indication] Rising Liver Yang
[Ingredients]
Chief: Uncaria Hook 3 qian, Chrysanthemum Flower 3 qian
Deputy: Saposhnikovia Root 3 qian, Gypsum 3 qian
Assistant: Poria 3 qian, Pinellia Rhizome 3 qian, Aged Tangerine Peel 3 qian, Ginseng Root 3 qian
Envoy: Licorice Root 3 qian, Fresh Ginger 2 qian
[How the ingredients work together]
Uncaria Hook and Chrysanthemum Flower calm Liver Wind and clear the head and eyes.
Gypsum clears Heat, relieves agitation and dizziness.
Saposhnikovia Root dispels Wind, eases spasms and guides the formula upward.
Pinellia Rhizome, Aged Tangerine Peel and Poria dry Dampness, transform phlegm and harmonize the Stomach.
Ophiopogon Tuber and Ginseng Root support Qi and Yin and strengthen healthy functions.
Poria with Pine Root calms the Heart and spirit.
Prepared Licorice Root and Fresh Ginger harmonize the formula, harmonize the Stomach and temper Pinellia Rhizome.","釣藤散
【出典】『普済本事方』
【効能】肝を鎮めて風を抑え、熱と痰を除き、気と陰を養う
【主治】肝陽上亢
【構成】
君：釣藤鈎 三銭、菊花 三銭
臣：防風 三銭、石膏 三銭
佐：茯苓 三銭、半夏 三銭、陳皮 三銭、人参 三銭
使：甘草 三銭、生姜 二銭
【配伍】
釣藤鈎・菊花：肝の亢ぶりと風を抑え、頭と目を清める。
石膏：熱と火を清め、いらだちやめまいを和らげる。
防風：風を除き、薬の働きを上へ導く。
半夏・陳皮・茯苓：湿と痰を除き、胃を整える。
人参：気を補い、正気を支える。
炙甘草・生姜：諸薬と胃を調和し、吐き気を和らげる。","조구등산
【출전】『보제본사방』
【효능】간과 풍을 안정시키고 열과 담을 내리며 기와 음을 돕는다.
【주치】간양상항증
【구성】
군약: 조구등 3 전, 국화 3 전
신약: 방풍 3 전, 석고 3 전
좌약: 복령 3 전, 반하 3 전, 진피 3 전, 인삼 3 전
사약: 감초 3 전, 생강 2 전
【배오】
조구등 3 전·국화 3 전·방풍 3 전·석고 3 전·복령 3 전을 중심으로 구성하여 간양상항증의 병기를 다스린다. 군약이 주된 병사를 치료하고, 신약과 좌약이 기혈·장부를 보조하며, 사약이 여러 약재의 작용을 조화시킨다."
UI_BOOK_ENTRY_TITLE_XIAO_YAO_SAN,逍遥散,逍遙散,Free and Easy Wanderer Powder,逍遥散,소요산
UI_BOOK_ENTRY_BODY_XIAO_YAO_SAN,"逍遥散
【出处】《太平惠民和剂局方》
【功效】疏肝解郁，养血健脾
【主治】肝脾不和（肝郁脾虚）
【组成】
君：柴胡 三钱
臣：当归 三钱，白芍 三钱
佐：白术 三钱，茯苓 三钱，生姜 一钱，薄荷 一钱
使：甘草 一钱
【配伍】
柴胡：疏肝解郁、条达肝气，疏散郁滞。
当归、白芍：养血柔肝，补肝体、缓肝急；防肝郁化火伤阴。
白术、茯苓：健脾祛湿、培土荣木；
生姜：温胃和中、调和气血。
薄荷：助柴胡疏肝透热、疏散郁遏；
炙甘草：益气补中，调和诸药；合白芍缓急止痛。","逍遙散
【出處】《太平惠民和劑局方》
【功效】疏肝解鬱，養血健脾
【主治】肝脾不和（肝鬱脾虛）
【組成】
君：柴胡 三錢
臣：當歸 三錢，白芍 三錢
佐：...","FREE AND EASY WANDERER POWDER
[Source] Formulary of the Taiping Imperial Pharmacy for the People's Welfare
[Actions] Spreads Liver Qi, relieves constraint, nourishes blood and strengthens the Spleen
[Indication] Liver-Spleen disharmony with Liver constraint and Spleen Deficiency
[Ingredients]
Chief: Bupleurum Root 3 qian
Deputy: Chinese Angelica Root 3 qian, White Peony Root 3 qian
Assistant: White Atractylodes Rhizome 3 qian, Poria 3 qian, Fresh Ginger 1 qian, Mint 1 qian
Envoy: Licorice Root 1 qian
[How the ingredients work together]
Bupleurum Root spreads constrained Liver Qi.
Chinese Angelica Root and White Peony Root nourish blood, soften the Liver and protect Yin.
White Atractylodes Rhizome and Poria strengthen the Spleen and remove Dampness.
Fresh Ginger warms and harmonizes the Stomach and supports Qi and blood.
Mint supports Bupleurum Root in spreading Liver Qi and clearing constrained Heat.
Prepared Licorice Root supports Qi, harmonizes the ingredients and works with White Peony Root to ease pain.","逍遥散
【出典】『太平恵民和剤局方』
【効能】肝気の鬱滞を解き、血と脾を養う
【主治】肝脾不和（肝鬱脾虚）
【構成】
君：柴胡 三銭
臣：当帰 三銭、白芍 三銭
佐：白朮 三銭、茯苓 三銭、生姜 一銭、薄荷 一銭
使：甘草 一銭
【配伍】
柴胡：肝気の滞りを解く。
当帰・白芍：血を養って肝を柔らかくし、鬱滞から生じる熱による陰の消耗を防ぐ。
白朮・茯苓：脾を整えて湿を除く。
生姜：胃と気血を整える。
薄荷：柴胡を助け、肝の鬱滞と熱を散らす。
炙甘草：気と中焦を補い、諸薬を調和させる。","소요산
【출전】『태평혜민화제국방』
【효능】간기를 소통해 울체를 풀고 혈을 보하며 비를 튼튼하게 한다.
【주치】간비불화증
【구성】
군약: 시호 3 전
신약: 당귀 3 전, 백작약 3 전
좌약: 백출 3 전, 복령 3 전, 생강 1 전, 박하 1 전
사약: 감초 1 전
【배오】
시호 3 전·당귀 3 전·백작약 3 전·백출 3 전·복령 3 전을 중심으로 구성하여 간비불화증의 병기를 다스린다. 군약이 주된 병사를 치료하고, 신약과 좌약이 기혈·장부를 보조하며, 사약이 여러 약재의 작용을 조화시킨다."
UI_BOOK_ENTRY_TITLE_REN_SHEN_GE_JIE_SAN,人参蛤蚧散,人參蛤蚧散,Ginseng and Gecko Powder,人参蛤蚧散,인삼합개산
UI_BOOK_ENTRY_BODY_REN_SHEN_GE_JIE_SAN,"人参蛤蚧散
【出处】《博济方》
【功效】补肺益肾，纳气定喘，止咳化痰
【主治】肾不纳气
【组成】
君：蛤蚧 五钱，人参 四钱
臣：知母 三钱，贝母 三钱，桑白皮 三钱
佐：茯苓 四钱，杏仁 四钱
使：甘草 三钱
【配伍】
蛤蚧：补肺益肾、温肾纳气、定喘止嗽，专治肾不纳气虚喘。
人参：大补元气、补益肺气，助蛤蚧固本益气。
杏仁、贝母：润肺化痰、降气止咳
桑白皮、知母：清泻肺热、润燥止咳
茯苓：健脾渗湿、杜绝生痰之源
炙甘草：益气和中，调和诸药。","人參蛤蚧散
【出處】《博濟方》
【功效】補肺益腎，納氣定喘，止咳化痰
【主治】腎不納氣
【組成】
君：蛤蚧 五錢，人參 四錢
臣：知母 三錢，貝母 三錢，...","GINSENG AND GECKO POWDER
[Source] Formulas for Broad Relief
[Actions] Supports the Lung and Kidney, helps the Kidney grasp Qi, eases wheezing and transforms phlegm
[Indication] Kidney failing to grasp Qi
[Ingredients]
Chief: Gecko 5 qian, Ginseng Root 4 qian
Deputy: Anemarrhena Rhizome 3 qian, Fritillaria Bulb 3 qian, Mulberry Root Bark 3 qian
Assistant: Poria 4 qian, Apricot Kernel 4 qian
Envoy: Licorice Root 3 qian
[How the ingredients work together]
Gecko supports the Lung and Kidney, warms the Kidney and helps it grasp Qi, easing Deficiency-related wheezing.
Ginseng Root supports original and Lung Qi, reinforcing the underlying functions.
Apricot Kernel and Fritillaria Bulb moisten the Lung, transform phlegm, direct Qi downward and ease cough.
Mulberry Root Bark and Anemarrhena Rhizome clear Lung Heat and moisten Dryness.
Poria strengthens the Spleen and drains Dampness, reducing the source of phlegm.
Prepared Licorice Root supports Qi, harmonizes the middle and brings the ingredients together.","人参蛤蚧散
【出典】『博済方』
【効能】肺と腎を補い、気を納めて喘ぎと咳を鎮め、痰を除く
【主治】腎不納気
【構成】
君：蛤蚧 五銭、人参 四銭
臣：知母 三銭、貝母 三銭、桑白皮 三銭
佐：茯苓 四銭、杏仁 四銭
使：甘草 三銭
【配伍】
蛤蚧：肺と腎を補い、気を納めて喘ぎと咳を鎮める。
人参：元気と肺気を大いに補う。
杏仁・貝母：肺を潤して痰を除き、気と咳を鎮める。
桑白皮・知母：肺熱を清め、乾燥を潤す。
茯苓：脾を整え湿を排し、痰の生じる元を抑える。
炙甘草：気と中焦を養い、諸薬を調和させる。","인삼합개산
【출전】『왕씨박제방』
【효능】폐와 신을 돕고 신이 기를 받아들이게 하여 천식을 줄이고 담을 삭인다.
【주치】신불납기증
【구성】
군약: 합개 5 전, 인삼 4 전
신약: 지모 3 전, 패모 3 전, 상백피 3 전
좌약: 복령 4 전, 행인 4 전
사약: 감초 3 전
【배오】
합개 5 전·인삼 4 전·지모 3 전·패모 3 전·상백피 3 전을 중심으로 구성하여 신불납기증의 병기를 다스린다. 군약이 주된 병사를 치료하고, 신약과 좌약이 기혈·장부를 보조하며, 사약이 여러 약재의 작용을 조화시킨다."
UI_BOOK_ENTRY_TITLE_LIU_WEI_DI_HUANG_WAN,六味地黄丸,六味地黃丸,Six-Ingredient Rehmannia Pill,六味地黄丸,육미지황환
UI_BOOK_ENTRY_BODY_LIU_WEI_DI_HUANG_WAN,"六味地黄丸
【出处】《小儿药证直诀》
【功效】滋阴补肾
【主治】肾阴虚
【组成】
君：熟地黄 八钱
臣：山茱萸 四钱，山药 四钱
佐：泽泻 三钱，茯苓 三钱，丹皮 三钱
使：
【配伍】
熟地黄：重用滋阴补肾、填精益髓。
萸肉：补肝肾、敛精气；
山药：补脾益肾、固涩下焦。
泽泻：泻肾浊、防熟地滋腻；
丹皮：清泻虚火、凉血除蒸；
茯苓：健脾渗湿、助山药补脾。","六味地黃丸
【出處】《小兒藥證直訣》
【功效】滋陰補腎
【主治】腎陰虛
【組成】
君：熟地黃 八錢
臣：山茱萸 四錢，山藥 四錢
佐：澤瀉 三錢，茯苓 三...","SIX-INGREDIENT REHMANNIA PILL
[Source] Key to Therapeutics of Children's Diseases
[Actions] Nourishes Yin and supports the Kidney
[Indication] Kidney Yin Deficiency
[Ingredients]
Chief: Prepared Rehmannia Root 8 qian
Deputy: Cornus Fruit 4 qian, Chinese Yam 4 qian
Assistant: Alisma Rhizome 3 qian, Poria 3 qian, Moutan Cortex 3 qian
Envoy:
[How the ingredients work together]
A large amount of Prepared Rehmannia Root nourishes Kidney Yin and replenishes essence and marrow.
Cornus Fruit supports the Liver and Kidney and helps retain essence.
Chinese Yam supports the Spleen and Kidney and strengthens the lower body.
Alisma Rhizome drains turbidity and balances the richness of Prepared Rehmannia Root.
Moutan Cortex clears Deficiency fire and cools blood.
Poria strengthens the Spleen, drains Dampness and supports Chinese Yam.","六味地黄丸
【出典】『小児薬証直訣』
【効能】陰を養って腎を補う
【主治】腎陰虚
【構成】
君：熟地黄 八銭
臣：山茱萸 四銭、山薬 四銭
佐：沢瀉 三銭、茯苓 三銭、丹皮 三銭
使：
【配伍】
熟地黄：多く用いて陰と腎を養い、精と髄を補う。
山茱萸：肝腎を補い、精を収める。
山薬：脾と腎を補い、下焦を固める。
沢瀉：腎に滞る濁りを排し、熟地黄の重さを和らげる。
丹皮：虚熱を清め、血の熱を除く。
茯苓：脾を整えて湿を排す。","육미지황환
【출전】『소아약증직결』
【효능】음을 보하고 신을 돕는다.
【주치】신음허증
【구성】
군약: 숙지황 8 전
신약: 산수유 4 전, 산약 4 전
좌약: 택사 3 전, 복령 3 전, 목단피 3 전
사약: 없음
【배오】
숙지황 8 전·산수유 4 전·산약 4 전·택사 3 전·복령 3 전을 중심으로 구성하여 신음허증의 병기를 다스린다. 군약이 주된 병사를 치료하고, 신약과 좌약이 기혈·장부를 보조하며, 사약이 여러 약재의 작용을 조화시킨다."
UI_BOOK_ENTRY_TITLE_JIN_GUI_SHEN_QI_WAN,金匮肾气丸,金匱腎氣丸,Kidney Qi Pill from the Golden Cabinet,金匱腎気丸,금궤신기환
UI_BOOK_ENTRY_BODY_JIN_GUI_SHEN_QI_WAN,"金匮肾气丸
【出处】《金匮要略》
【功效】温补肾阳，化气行水
【主治】肾阳虚
【组成】
君：附子 二钱，桂枝 三钱
臣：熟地黄 一钱，山茱萸 四钱，山药 五钱
佐：泽泻 三钱，茯苓 三钱，丹皮 三钱
使：
【配伍】
附子、桂枝：温补肾阳、温通命门，微微生火、鼓舞肾气。
熟地、山萸肉、山药：即六味三补，滋补肾阴、阴中求阳。
丹皮、茯苓、泽泻：即六味三泻，泻浊降火、渗湿利水，防滋腻壅滞。","金匱腎氣丸
【出處】《金匱要略》
【功效】溫補腎陽，化氣行水
【主治】腎陽虛
【組成】
君：附子 二錢，桂枝 三錢
臣：熟地黃 一錢，山茱萸 四錢，山藥 ...","KIDNEY QI PILL FROM THE GOLDEN CABINET
[Source] Essentials from the Golden Cabinet
[Actions] Warms and supports Kidney Yang, transforms Qi and moves water
[Indication] Kidney Yang Deficiency
[Ingredients]
Chief: Prepared Aconite Root 2 qian, Cinnamon Twig 3 qian
Deputy: Prepared Rehmannia Root 1 qian, Cornus Fruit 4 qian, Chinese Yam 5 qian
Assistant: Alisma Rhizome 3 qian, Poria 3 qian, Moutan Cortex 3 qian
Envoy:
[How the ingredients work together]
Prepared Aconite Root and Cinnamon Twig warm Kidney Yang and encourage the Kidney's Qi-transforming function.
Prepared Rehmannia Root, Cornus Fruit and Chinese Yam nourish Kidney Yin, supporting Yang through Yin.
Moutan Cortex, Poria and Alisma Rhizome drain turbidity, clear Heat and move fluids, balancing the rich tonics.","金匱腎気丸
【出典】『金匱要略』
【効能】腎陽を温め補い、水の代謝を促す
【主治】腎陽虚
【構成】
君：附子 二銭、桂枝 三銭
臣：熟地黄 一銭、山茱萸 四銭、山薬 五銭
佐：沢瀉 三銭、茯苓 三銭、丹皮 三銭
使：
【配伍】
附子・桂枝：腎陽を温め、腎気の働きを助ける。
熟地黄・山茱萸・山薬：陰を補い、その中から陽を養う三種の補薬。
丹皮・茯苓・沢瀉：濁りと熱を除き、水を巡らせて補薬の滞りを防ぐ三種の瀉薬。","금궤신기환
【출전】『금궤요략』
【효능】신양을 따뜻하게 돕고 기화를 촉진해 수액을 운행한다.
【주치】신양허증
【구성】
군약: 부자 2 전, 계지 3 전
신약: 숙지황 1 전, 산수유 4 전, 산약 5 전
좌약: 택사 3 전, 복령 3 전, 목단피 3 전
사약: 없음
【배오】
부자 2 전·계지 3 전·숙지황 1 전·산수유 4 전·산약 5 전을 중심으로 구성하여 신양허증의 병기를 다스린다. 군약이 주된 병사를 치료하고, 신약과 좌약이 기혈·장부를 보조하며, 사약이 여러 약재의 작용을 조화시킨다."
UI_BOOK_ENTRY_TITLE_ZHEN_WU_TANG,真武汤,真武湯,True Warrior Decoction,真武湯,진무탕
UI_BOOK_ENTRY_BODY_ZHEN_WU_TANG,"真武汤
【出处】《伤寒论》
【功效】温阳利水
【主治】肾虚水泛
【组成】
君：附子 三钱
臣：茯苓 三钱，白术 三钱
佐：生姜 二钱，白芍 三钱
使：
【配伍】
附子：大辛大热，温补肾阳、散阴寒，助气化以行水。
茯苓：健脾渗湿、利水消肿；
白术：健脾燥湿、培土制水。
生姜：温散水气、助附子温阳，兼和胃散饮。
芍药：利小便、柔肝缓急止痛，防附子燥热伤阴，敛阴和营。","真武湯
【出處】《傷寒論》
【功效】溫陽利水
【主治】腎虛水泛
【組成】
君：附子 三錢
臣：茯苓 三錢，白朮 三錢
佐：生薑 二錢，白芍 三錢
使：
【...","TRUE WARRIOR DECOCTION
[Source] Treatise on Cold Damage
[Actions] Warms Yang and promotes the movement of water
[Indication] Kidney Deficiency with overflowing fluids
[Ingredients]
Chief: Prepared Aconite Root 3 qian
Deputy: Poria 3 qian, White Atractylodes Rhizome 3 qian
Assistant: Fresh Ginger 2 qian, White Peony Root 3 qian
Envoy:
[How the ingredients work together]
Prepared Aconite Root strongly warms Kidney Yang, disperses Cold and supports the transformation of fluids.
Poria strengthens the Spleen, drains Dampness and reduces swelling.
White Atractylodes Rhizome strengthens the Spleen, dries Dampness and helps control water.
Fresh Ginger warms and disperses retained fluids and harmonizes the Stomach.
White Peony Root promotes urination, softens the Liver and eases pain while balancing the drying and warming nature of Prepared Aconite Root.","真武湯
【出典】『傷寒論』
【効能】陽を温めて水を排す
【主治】腎虚水泛
【構成】
君：附子 三銭
臣：茯苓 三銭、白朮 三銭
佐：生姜 二銭、白芍 三銭
使：
【配伍】
附子：強い温熱の性質で腎陽を補い、寒を散らして水の代謝を助ける。
茯苓：脾を整えて湿と水を排し、むくみを和らげる。
白朮：脾を整えて湿を乾かす。
生姜：体内の水を温めて散らし、胃を整える。
白芍：排尿を助け、肝と筋を柔らかくして痛みを緩め、附子の強い温熱から陰を守る。","진무탕
【출전】『상한론』
【효능】양을 따뜻하게 하고 수액의 운행을 촉진한다.
【주치】신허수범증
【구성】
군약: 부자 3 전
신약: 복령 3 전, 백출 3 전
좌약: 생강 2 전, 백작약 3 전
사약: 없음
【배오】
부자 3 전·복령 3 전·백출 3 전·생강 2 전·백작약 3 전을 중심으로 구성하여 신허수범증의 병기를 다스린다. 군약이 주된 병사를 치료하고, 신약과 좌약이 기혈·장부를 보조하며, 사약이 여러 약재의 작용을 조화시킨다."
UI_BOOK_ENTRY_TITLE_ZUO_GUI_WAN,左归丸,左歸丸,Restore the Left Pill,左帰丸,좌귀환
UI_BOOK_ENTRY_BODY_ZUO_GUI_WAN,"左归丸
【出处】《景岳全书》
【功效】滋阴补肾，填精益髓
【主治】肾精不足
【组成】
君：熟地黄 八钱
臣：龟板胶四钱，鹿角胶四钱，枸杞子四钱，菟丝子四钱
佐：山茱萸 四钱，山药 四钱
使：牛膝 三钱
【配伍】
熟地黄：大补真阴、填精补髓。
山药、枸杞、山茱萸：滋补肝肾、养阴固精，助熟地滋补肾精。
龟鹿二胶：峻补精血、阴阳双补、侧重填髓
菟丝子：补肾益精
川牛膝：补肝肾、强筋骨、引药下行","左歸丸
【出處】《景岳全書》
【功效】滋陰補腎，填精益髓
【主治】腎精不足
【組成】
君：熟地黃 八錢
臣：龜板膠四錢，鹿角膠四錢，枸杞子四錢，菟絲子四錢...","RESTORE THE LEFT PILL
[Source] Complete Works of Jingyue
[Actions] Nourishes Yin, supports the Kidney and replenishes essence and marrow
[Indication] Insufficient Kidney essence
[Ingredients]
Chief: Prepared Rehmannia Root 8 qian
Deputy: Tortoise Shell Gelatin 4 qian, Deer Antler Gelatin 4 qian, Goji Berry 4 qian, Cuscuta Seed 4 qian
Assistant: Cornus Fruit 4 qian, Chinese Yam 4 qian
Envoy: Achyranthes Root 3 qian
[How the ingredients work together]
Prepared Rehmannia Root strongly nourishes Yin and replenishes essence and marrow.
Chinese Yam, Goji Berry and Cornus Fruit support the Liver and Kidney, nourish Yin and help retain essence.
Tortoise Shell Gelatin and Deer Antler Gelatin strongly replenish essence and blood and support both Yin and Yang, especially marrow.
Cuscuta Seed supports the Kidney and replenishes essence.
Achyranthes Root supports the Liver and Kidney, strengthens the sinews and bones, and guides the formula downward.","左帰丸
【出典】『景岳全書』
【効能】陰と腎を補い、精と髄を養う
【主治】腎精不足
【構成】
君：熟地黄 八銭
臣：亀板膠 四銭、鹿角膠 四銭、枸杞子 四銭、菟絲子 四銭
佐：山茱萸 四銭、山薬 四銭
使：牛膝 三銭
【配伍】
熟地黄：真陰を大いに補い、精と髄を養う。
山薬・枸杞子・山茱萸：肝腎の陰と精を養い、熟地黄を助ける。
亀板膠・鹿角膠：精血を強く補い、陰陽をともに養う。
菟絲子：腎と精を補う。
牛膝：肝腎と筋骨を支え、薬の働きを下へ導く。","좌귀환
【출전】『경악전서』
【효능】음을 보하고 신을 돕고 정과 골수를 보충한다.
【주치】신정불족증
【구성】
군약: 숙지황 8 전
신약: 구판교 4 전, 녹각교 4 전, 구기자 4 전, 토사자 4 전
좌약: 산수유 4 전, 산약 4 전
사약: 우슬 3 전
【배오】
숙지황 8 전·구판교 4 전·녹각교 4 전·구기자 4 전·토사자 4 전을 중심으로 구성하여 신정불족증의 병기를 다스린다. 군약이 주된 병사를 치료하고, 신약과 좌약이 기혈·장부를 보조하며, 사약이 여러 약재의 작용을 조화시킨다."
UI_BOOK_ENTRY_TITLE_JIN_SUO_GU_JING_WAN,金锁固精丸,金鎖固精丸,Metal Lock Pill to Secure the Essence,金鎖固精丸,금쇄고정환
UI_BOOK_ENTRY_BODY_JIN_SUO_GU_JING_WAN,"金锁固精丸
【出处】《医方集解》
【功效】补肾涩精，固摄肾气
【主治】肾气不固
【组成】
君：沙苑子 五钱
臣：芡实 五钱
佐：龙骨 五钱，牡蛎 五钱，莲须 三钱
使：莲子 三两
【配伍】
沙苑子：补肾益精、平补肝肾，固本培元。
芡实：健脾益肾、固涩精气。
莲须：专涩精；
龙骨、牡蛎：重镇收敛、固涩滑脱。
莲子：养心安神，补肾涩精，制丸药赋形","金鎖固精丸
【出處】《醫方集解》
【功效】補腎澀精，固攝腎氣
【主治】腎氣不固
【組成】
君：沙苑子 五錢
臣：芡實 五錢
佐：龍骨 五錢，牡蠣 五錢，蓮...","METAL LOCK PILL TO SECURE THE ESSENCE
[Source] Collected Explanations of Medical Formulas
[Actions] Supports the Kidney, astringes essence and strengthens Kidney Qi
[Indication] Kidney Qi failing to secure essence
[Ingredients]
Chief: Flatstem Milkvetch Seed 5 qian
Deputy: Euryale Seed 5 qian
Assistant: Fossilized Bone 5 qian, Oyster Shell 5 qian, Lotus Stamen 3 qian
Envoy: Lotus Seed 3 liang
[How the ingredients work together]
Flatstem Milkvetch Seed supports Kidney essence and nourishes the Liver and Kidney.
Euryale Seed strengthens the Spleen and Kidney and helps secure essence.
Lotus Stamen helps retain essence.
Fossilized Bone and Oyster Shell settle and astringe to help prevent leakage.
Lotus Seed nourishes the Heart, calms the spirit, supports the Kidney and helps bind the pills.","金鎖固精丸
【出典】『医方集解』
【効能】腎を補い、精と腎気を収める
【主治】腎気不固
【構成】
君：沙苑子 五銭
臣：芡実 五銭
佐：竜骨 五銭、牡蛎 五銭、蓮鬚 三銭
使：蓮子 三両
【配伍】
沙苑子：肝腎と精を穏やかに補う。
芡実：脾と腎を補い、精気を収める。
蓮鬚：精を収める。
竜骨・牡蛎：鎮静と収斂の働きで漏れを防ぐ。
蓮子：心を養って精神を落ち着かせ、腎と精を補い、丸剤をまとめる。","금쇄고정환
【출전】『의방집해』
【효능】신을 돕고 정을 수렴하며 신기를 튼튼하게 한다.
【주치】신기불고증
【구성】
군약: 사원질려 5 전
신약: 검실 5 전
좌약: 용골 5 전, 모려 5 전, 연수 3 전
사약: 연자 3 냥
【배오】
사원질려 5 전·검실 5 전·용골 5 전·모려 5 전·연수 3 전을 중심으로 구성하여 신기불고증의 병기를 다스린다. 군약이 주된 병사를 치료하고, 신약과 좌약이 기혈·장부를 보조하며, 사약이 여러 약재의 작용을 조화시킨다."
UI_BOOK_ENTRY_TITLE_TAI_SHAN_PAN_SHI_SAN,泰山磐石散,泰山磐石散,Mount Tai Rock-Solid Powder,泰山磐石散,태산반석산
UI_BOOK_ENTRY_BODY_TAI_SHAN_PAN_SHI_SAN,"泰山磐石散
【出处】《景岳全书》
【功效】益气健脾，养血安胎
【主治】妊娠
【组成】
君：白术 二钱
臣：人参 一钱，黄芪 一钱，续断 一钱，熟地黄 一钱，当归 一钱
佐：白芍 八分，川芎 八分，黄芩 一钱，砂仁 五分
使：甘草 五分，糯米 五分
【配伍】
人参、黄芪、白术：脾胃为气血生化之源，健脾益气以固胎之本。
当归、熟地、白芍、川芎：养血和血，补益冲任。冲为血海，任主胞胎，血足则养胎。
续断：补肝肾、固冲任、安胎；肾主系胎。
黄芩：清热安胎。
砂仁：理气和胃，醒脾行滞；防补药滋腻碍胃，使气血流通，胎气安和。
炙甘草：益气和中，调和诸药；
糯米：补脾养胃，滋养胎元。","泰山磐石散
【出處】《景岳全書》
【功效】益氣健脾，養血安胎
【主治】妊娠
【組成】
君：白朮 二錢
臣：人參 一錢，黃耆 一錢，續斷 一錢，熟地黃 一錢...","MOUNT TAI ROCK-SOLID POWDER
[Source] Complete Works of Jingyue
[Actions] Supports Qi, strengthens the Spleen, nourishes blood and steadies pregnancy
[Indication] Pregnancy
[Ingredients]
Chief: White Atractylodes Rhizome 2 qian
Deputy: Ginseng Root 1 qian, Astragalus Root 1 qian, Dipsacus Root 1 qian, Prepared Rehmannia Root 1 qian, Chinese Angelica Root 1 qian
Assistant: White Peony Root 8 fen, Sichuan Lovage Rhizome 8 fen, Scutellaria Root 1 qian, Amomum Fruit 5 fen
Envoy: Licorice Root 5 fen, Glutinous Rice 5 fen
[How the ingredients work together]
Ginseng Root, Astragalus Root and White Atractylodes Rhizome strengthen the Spleen and Stomach, supporting the production of Qi and blood and a stable pregnancy.
Chinese Angelica Root, Prepared Rehmannia Root, White Peony Root and Sichuan Lovage Rhizome nourish and harmonize blood and support the Chong and Ren vessels.
Dipsacus Root supports the Liver and Kidney and the Chong and Ren vessels, helping to steady pregnancy.
Scutellaria Root clears Heat and helps steady pregnancy.
Amomum Fruit regulates Qi and harmonizes the Stomach so rich tonics do not cause stagnation.
Prepared Licorice Root supports Qi, harmonizes the middle and brings the ingredients together.
Glutinous Rice strengthens the Spleen and Stomach and nourishes the developing fetus.","泰山磐石散
【出典】『景岳全書』
【効能】気と脾を補い、血を養って胎を安定させる
【主治】妊娠
【構成】
君：白朮 二銭
臣：人参 一銭、黄耆 一銭、続断 一銭、熟地黄 一銭、当帰 一銭
佐：白芍 八分、川芎 八分、黄芩 一銭、縮砂 五分
使：甘草 五分、糯米 五分
【配伍】
人参・黄耆・白朮：気血を生む脾胃を整え、胎を支える。
当帰・熟地黄・白芍・川芎：血を養って巡らせ、妊娠を支える衝脈と任脈を補う。
続断：肝腎を補い、胎を安定させる。
黄芩：熱を清めて胎を守る。
縮砂：気と胃を整え、補薬による滞りを防ぐ。
炙甘草・糯米：気と脾胃を養い、諸薬を調和させる。","태산반석산
【출전】『경악전서』
【효능】기를 돕고 비를 튼튼하게 하며 혈을 보하고 태를 안정시킨다.
【주치】임신
【구성】
군약: 백출 2 전
신약: 인삼 1 전, 황기 1 전, 속단 1 전, 숙지황 1 전, 당귀 1 전
좌약: 백작약 8 푼, 천궁 8 푼, 황금 1 전, 사인 5 푼
사약: 감초 5 푼, 찹쌀 5 푼
【배오】
백출 2 전·인삼 1 전·황기 1 전·속단 1 전·숙지황 1 전을 중심으로 구성하여 임신의 병기를 다스린다. 군약이 주된 병사를 치료하고, 신약과 좌약이 기혈·장부를 보조하며, 사약이 여러 약재의 작용을 조화시킨다."
UI_BOOK_ENTRY_TITLE_HUANG_LIAN_E_JIAO_TANG,黄连阿胶汤,黃連阿膠湯,Coptis and Donkey-Hide Gelatin Decoction,黄連阿膠湯,황련아교탕
UI_BOOK_ENTRY_BODY_HUANG_LIAN_E_JIAO_TANG,"黄连阿胶汤
【出处】《伤寒论》
【功效】滋阴降火，交通心肾
【主治】心肾不交
【组成】
君：黄连 四钱
臣：黄芩 三钱，白芍 三钱
佐：阿胶 三钱
使：鸡子黄 一两
【配伍】
黄连：苦寒直折，清泻心火、除烦安神。
黄芩：助黄连清心泻火；
阿胶：滋阴补肾、养血填阴，滋肾阴以济心火。
白芍：敛阴和营、柔肝缓急；
鸡子黄：滋阴润燥、养心安神，入少阴交通心肾。","黃連阿膠湯
【出處】《傷寒論》
【功效】滋陰降火，交通心腎
【主治】心腎不交
【組成】
君：黃連 四錢
臣：黃芩 三錢，白芍 三錢
佐：阿膠 三錢
使：雞...","COPTIS AND DONKEY-HIDE GELATIN DECOCTION
[Source] Treatise on Cold Damage
[Actions] Nourishes Yin, clears fire and connects Heart and Kidney functions
[Indication] Heart-Kidney disharmony
[Ingredients]
Chief: Coptis Rhizome 4 qian
Deputy: Scutellaria Root 3 qian, White Peony Root 3 qian
Assistant: Donkey-Hide Gelatin 3 qian
Envoy: Egg Yolk 1 liang
[How the ingredients work together]
Coptis Rhizome clears Heart fire, relieves restlessness and calms the spirit.
Scutellaria Root reinforces Coptis Rhizome in clearing Heart fire.
Donkey-Hide Gelatin nourishes Kidney Yin and blood to help balance Heart fire.
White Peony Root preserves Yin, harmonizes the nutritive layer and eases spasms.
Egg Yolk nourishes Yin, moistens Dryness and calms the Heart and spirit.","黄連阿膠湯
【出典】『傷寒論』
【効能】陰を養って火を抑え、心と腎を調和させる
【主治】心腎不交
【構成】
君：黄連 四銭
臣：黄芩 三銭、白芍 三銭
佐：阿膠 三銭
使：鶏子黄 一両
【配伍】
黄連：心火といらだちを清め、精神を落ち着かせる。
黄芩：黄連を助けて心火を清める。
阿膠：腎陰と血を養い、心火との均衡を整える。
白芍：陰と営を収め、肝を柔らかくする。
鶏子黄：陰と心を潤し、心と腎の調和を助ける。","황련아교탕
【출전】『상한론』
【효능】음을 보하고 심화를 내리며 심신의 기능을 이어 준다.
【주치】심신불교증
【구성】
군약: 황련 4 전
신약: 황금 3 전, 백작약 3 전
좌약: 아교 3 전
사약: 계란 노른자 1 냥
【배오】
황련 4 전·황금 3 전·백작약 3 전·아교 3 전·계란 노른자 1 냥을 중심으로 구성하여 심신불교증의 병기를 다스린다. 군약이 주된 병사를 치료하고, 신약과 좌약이 기혈·장부를 보조하며, 사약이 여러 약재의 작용을 조화시킨다."
UI_BOOK_ENTRY_TITLE_BAI_HU_TANG,白虎汤,白虎湯,White Tiger Decoction,白虎湯,백호탕
UI_BOOK_ENTRY_BODY_BAI_HU_TANG,"白虎汤
【出处】《伤寒论》
【功效】清热生津，辛寒清气
【主治】气分热盛
【组成】
君：石膏 二两
臣：知母 六钱
佐：粳米 三钱
使：甘草 二钱
【配伍】
生石膏：辛甘大寒，清泻阳明气分实热，除壮热、止大汗。
知母：苦寒质润，清热泻火、滋阴生津，助石膏清润除烦止渴。
粳米、炙甘草：益气养胃、缓和石膏知母寒凉之性，保护胃气；生津补液，防大寒伤中。","白虎湯
【出處】《傷寒論》
【功效】清熱生津，辛寒清氣
【主治】氣分熱盛
【組成】
君：石膏 二兩
臣：知母 六錢
佐：粳米 三錢
使：甘草 二錢
【配伍...","WHITE TIGER DECOCTION
[Source] Treatise on Cold Damage
[Actions] Clears Heat and generates body fluids, especially Heat at the Qi level
[Indication] Intense Heat at the Qi level
[Ingredients]
Chief: Gypsum 2 liang
Deputy: Anemarrhena Rhizome 6 qian
Assistant: Non-Glutinous Rice 3 qian
Envoy: Licorice Root 2 qian
[How the ingredients work together]
Raw Gypsum strongly clears intense Heat at the Yangming Qi level, easing high fever and heavy sweating.
Anemarrhena Rhizome clears Heat, nourishes Yin and generates fluids, relieving agitation and thirst.
Non-Glutinous Rice and prepared Licorice Root support Qi and the Stomach, temper the cooling herbs and protect body fluids.","白虎湯
【出典】『傷寒論』
【効能】気分の熱を清め、津液を生む
【主治】気分熱盛
【構成】
君：石膏 二両
臣：知母 六銭
佐：粳米 三銭
使：甘草 二銭
【配伍】
生石膏：強い寒性で陽明の気分にこもる熱を清め、高熱と大量の汗を和らげる。
知母：熱を清め、陰と津液を養い、渇きを鎮める。
粳米・炙甘草：気と胃を養い、石膏と知母の寒性を和らげ、津液を補う。","백호탕
【출전】『상한론』
【효능】열을 내리고 진액을 만들며 특히 기분의 열을 다스린다.
【주치】기분열성증
【구성】
군약: 석고 2 냥
신약: 지모 6 전
좌약: 갱미 3 전
사약: 감초 2 전
【배오】
석고 2 냥·지모 6 전·갱미 3 전·감초 2 전을 중심으로 구성하여 기분열성증의 병기를 다스린다. 군약이 주된 병사를 치료하고, 신약과 좌약이 기혈·장부를 보조하며, 사약이 여러 약재의 작용을 조화시킨다."
UI_BOOK_ENTRY_TITLE_FENG_HAN_BIAO_SHI_ZHENG,风寒表实证,風寒表實證,Wind-Cold Exterior Excess Pattern,風寒表実証,풍한표실증
UI_BOOK_ENTRY_BODY_FENG_HAN_BIAO_SHI_ZHENG,"风寒表实证

【病机】寒邪束表、腠理闭塞、卫阳被遏。

【症状】恶寒发热，头身酸疼，无汗而喘。

【脉象】
浮脉（表）：波峰高，脉搏次数少

【标准方】麻黄汤","風寒表實證

【病機】寒邪束表、腠理閉塞、衛陽被遏。

【症狀】惡寒發熱，頭身酸疼，無汗而喘。

【脈象】
浮脈（表）：波峰高，脈搏次數少

【標準方】麻黃湯","Wind-Cold EXTERIOR EXCESS PATTERN

[Pathogenesis] Cold constrains the exterior, closes the pores and inhibits defensive Yang.

[Symptoms] Aversion to cold with fever, aching of the head and body, no sweating, and wheezing.

[Pulse]
Floating pulse (Exterior): increased amplitude, lower pulse frequency

[Standard formula] Ephedra Decoction","風寒表実証

【病機】寒邪が体表を塞ぎ、皮膚のきめが閉じ、衛陽の働きが妨げられる。

【症状】悪寒と発熱、頭や体の痛み、汗が出ず喘ぐ。

【脈象】
浮脈（表）：波の峰が高く、脈拍が少ない。

【標準処方】麻黄湯","풍한표실증

【병기】한사가 표를 속박하여 주리가 막히고 위양이 억눌린다.

【증상】오한과 발열, 머리와 몸의 통증, 땀이 나지 않으며 숨이 찬다.

【맥상】
부맥(표): 파폭이 높고 맥박 수가 적다.

【표준 처방】마황탕"
UI_BOOK_ENTRY_TITLE_FENG_HAN_BIAO_XU_ZHENG,风寒表虚证,風寒表虛證,Wind-Cold Exterior Deficiency Pattern,風寒表虚証,풍한표허증
UI_BOOK_ENTRY_BODY_FENG_HAN_BIAO_XU_ZHENG,"风寒表虚证

【病机】风寒袭表，卫气不固，营阴外泄。

【症状】恶风发热，头痛流清涕，出汗。

【脉象】
浮脉（表）：波峰低，脉搏次数少

【标准方】桂枝汤","風寒表虛證

【病機】風寒襲表，衛氣不固，營陰外洩。

【症狀】惡風發熱，頭痛流清涕，出汗。

【脈象】
浮脈（表）：波峰低，脈搏次數少

【標準方】桂枝湯","Wind-Cold EXTERIOR DEFICIENCY PATTERN

[Pathogenesis] Wind-Cold invades the exterior; defensive Qi fails to secure the surface, allowing nutritive Yin to escape.

[Symptoms] Aversion to wind with fever, headache, clear nasal discharge, and sweating.

[Pulse]
Floating pulse (Exterior): decreased amplitude, lower pulse frequency

[Standard formula] Cinnamon Twig Decoction","風寒表虚証

【病機】風寒が体表を侵し、衛気が外を守れず、営陰が外へ漏れる。

【症状】風を嫌う発熱、頭痛と透明な鼻水、発汗。

【脈象】
浮脈（表）：波の峰が低く、脈拍が少ない。

【標準処方】桂枝湯","풍한표허증

【병기】풍한이 표를 침범하여 위기가 표를 지키지 못하고 영음이 밖으로 샌다.

【증상】바람을 싫어하는 발열, 두통, 맑은 콧물과 땀이 난다.

【맥상】
부맥(표): 파폭이 낮고 맥박 수가 적다.

【표준 처방】계지탕"
UI_BOOK_ENTRY_TITLE_FENG_RE_BIAO_ZHENG,风热表证,風熱表證,Wind-Heat Exterior Pattern,風熱表証,풍열표증
UI_BOOK_ENTRY_BODY_FENG_RE_BIAO_ZHENG,"风热表证

【病机】风热之邪侵袭肺卫，卫气失和，肺失清肃。

【症状】发热重，咽喉红肿，痰涕黄稠。

【脉象】
浮脉（表）：脉搏次数多

【标准方】银翘散","風熱表證

【病機】風熱之邪侵襲肺衛，衛氣失和，肺失清肅。

【症狀】發熱重，咽喉紅腫，痰涕黃稠。

【脈象】
浮脈（表）：脈搏次數多

【標準方】銀翹散","Wind-Heat EXTERIOR PATTERN

[Pathogenesis] Wind-Heat invades the Lung and defensive level, disrupting defensive Qi and the Lung's clearing and descending functions.

[Symptoms] Pronounced fever, a red and swollen throat, and thick yellow phlegm and nasal discharge.

[Pulse]
Floating pulse (Exterior): higher pulse frequency

[Standard formula] Honeysuckle and Forsythia Powder","風熱表証

【病機】風熱の邪が肺と衛を侵し、衛気の調和が乱れて、肺の清粛の働きが失われる。

【症状】高い熱、喉の発赤と腫れ、黄色く粘る痰と鼻水。

【脈象】
浮脈（表）：脈拍が多い。

【標準処方】銀翹散","풍열표증

【병기】풍열이 폐와 위분을 침범하여 위기의 조화가 깨지고 폐의 청숙·숙강 기능이 손상된다.

【증상】열이 심하고 목이 붉게 부으며 누렇고 끈끈한 가래와 콧물이 난다.

【맥상】
부맥(표): 맥박 수가 많다.

【표준 처방】은교산"
UI_BOOK_ENTRY_TITLE_WEN_ZAO_ZHENG,温燥证,溫燥證,Warm-Dryness Pattern,温燥証,온조증
UI_BOOK_ENTRY_BODY_WEN_ZAO_ZHENG,"温燥证

【病机】初秋燥热之邪侵袭肺卫，肺失清润。

【症状】发热恶风，口鼻干燥、咽干口渴、干咳少痰，痰涕黄稠。

【脉象】
浮脉（表）：脉搏次数多，波宽窄

【标准方】桑杏汤","溫燥證

【病機】初秋燥熱之邪侵襲肺衛，肺失清潤。

【症狀】發熱惡風，口鼻乾燥、咽乾口渴、乾咳少痰，痰涕黃稠。

【脈象】
浮脈（表）：脈搏次數多，波寬...","WARM-DRYNESS PATTERN

[Pathogenesis] Warm and dry influences in early autumn invade the Lung and defensive level, impairing the Lung's moistening function.

[Symptoms] Fever with aversion to wind; dry mouth and nose, dry throat and thirst, a dry cough with little phlegm, and thick yellow phlegm or nasal discharge.

[Pulse]
Floating pulse (Exterior): higher pulse frequency, narrower pulse width

[Standard formula] Mulberry Leaf and Apricot Kernel Decoction","温燥証

【病機】初秋の乾燥と熱が肺と衛を侵し、肺の潤いが失われる。

【症状】発熱して風を嫌い、口や鼻が乾く。喉の乾きと渇き、痰の少ない空咳、黄色く粘る痰や鼻水。

【脈象】
浮脈（表）：脈拍が多く、波の幅が狭い。

【標準処方】桑杏湯","온조증

【병기】초가을의 온조가 폐와 위분을 침범하여 폐의 윤택하게 하는 기능을 손상한다.

【증상】바람을 싫어하는 발열, 마른 입과 코, 마른 목과 갈증, 가래가 적은 마른기침, 누렇고 끈끈한 가래나 콧물이 나타난다.

【맥상】
부맥(표): 맥박 수가 많고 맥폭이 좁다.

【표준 처방】상행탕"
UI_BOOK_ENTRY_TITLE_LIANG_ZAO_ZHENG,凉燥证,涼燥證,Cool-Dryness Pattern,涼燥証,양조증
UI_BOOK_ENTRY_BODY_LIANG_ZAO_ZHENG,"凉燥证

【病机】深秋寒气渐生，燥邪兼风寒侵袭肺卫。

【症状】恶寒发热、鼻塞流清涕、干咳少痰、咽干唇燥、皮肤干燥。

【脉象】
浮脉（表）：脉搏次数少，波宽窄

【标准方】杏苏散","涼燥證

【病機】深秋寒氣漸生，燥邪兼風寒侵襲肺衛。

【症狀】惡寒發熱、鼻塞流清涕、乾咳少痰、咽乾唇燥、皮膚乾燥。

【脈象】
浮脈（表）：脈搏次數少，...","COOL-DRYNESS PATTERN

[Pathogenesis] As cold sets in during late autumn, Dryness together with Wind-Cold invades the Lung and defensive level.

[Symptoms] Aversion to cold with fever, a blocked nose with clear discharge, a dry cough with little phlegm, dry throat and lips, and dry skin.

[Pulse]
Floating pulse (Exterior): lower pulse frequency, narrower pulse width

[Standard formula] Apricot Kernel and Perilla Leaf Powder","涼燥証

【病機】晩秋の寒さが強まるころ、乾燥の邪が風寒とともに肺と衛を侵す。

【症状】悪寒と発熱、鼻づまりと透明な鼻水、痰の少ない空咳、喉と唇や皮膚の乾燥。

【脈象】
浮脈（表）：脈拍が少なく、波の幅が狭い。

【標準処方】杏蘇散","양조증

【병기】늦가을의 한기와 조사가 풍한을 끼고 폐와 위분을 침범한다.

【증상】오한과 발열, 맑은 콧물이 나는 코막힘, 가래가 적은 마른기침, 마른 목과 입술, 피부 건조가 나타난다.

【맥상】
부맥(표): 맥박 수가 적고 맥폭이 좁다.

【표준 처방】행소산"
UI_BOOK_ENTRY_TITLE_WEI_QI_XU,卫气虚,衛氣虛,Defensive Qi Deficiency,衛気虚,위기허
UI_BOOK_ENTRY_BODY_WEI_QI_XU,"卫气虚

【病机】素体虚弱、久病耗伤肺气，卫气不固、腠理疏松、防御固摄功能减退。

【症状】自汗：不活动也出汗，动则更甚；易感冒：怕风畏冷、不耐风寒，稍受凉即感冒；面色㿠白、气短乏力、神疲懒言；皮肤腠理疏松、常畏风。

【脉象】
浮脉（表）：波峰低

【标准方】玉屏风散","衛氣虛

【病機】素體虛弱、久病耗傷肺氣，衛氣不固、腠理酥鬆、防禦固攝功能減退。

【症狀】自汗：不活動也出汗，動則更甚；易感冒：怕風畏冷、不耐風寒，稍受...","DEFENSIVE QI DEFICIENCY

[Pathogenesis] An inherently weak constitution or prolonged illness depletes Lung Qi. Defensive Qi fails to secure the surface; loose pores weaken protection and containment.

[Symptoms] Spontaneous sweating even at rest, worse with activity; frequent colds, aversion to wind and cold, and catching cold easily; a pale complexion, shortness of breath, fatigue, and little inclination to speak; loose pores and frequent sensitivity to wind.

[Pulse]
Floating pulse (Exterior): decreased amplitude

[Standard formula] Jade Windscreen Powder","衛気虚

【病機】もともとの虚弱や長患いで肺気を消耗し、衛気が体表を守れない。皮膚のきめが緩み、防御と保持の働きが弱まる。

【症状】自汗：動かなくても汗をかき、動くと増す。風邪をひきやすい：風や寒さを嫌い、少し冷えるだけで風邪をひく。顔色が白く、息切れと倦怠感があり、話すのもおっくう。肌のきめが緩く、よく風を嫌う。

【脈象】
浮脈（表）：波の峰が低い。

【標準処方】玉屏風散","위기허

【병기】선천적으로 체질이 약하거나 오래 앓아 폐기가 소모된다. 위기가 표를 굳게 하지 못해 주리가 느슨해진다.

【증상】가만히 있어도 땀이 나고 움직이면 심해진다. 감기에 자주 걸리고 바람과 추위를 싫어하며, 안색이 창백하고 숨이 짧고 피로하며 말하기 싫어한다.

【맥상】
부맥(표): 파폭이 낮다.

【표준 처방】옥병풍산"
UI_BOOK_ENTRY_TITLE_TONG_BI,痛痹,痛痹,Painful Bi (Cold Bi),痛痺,통비
UI_BOOK_ENTRY_BODY_TONG_BI,"痛痹（寒痹）

【病机】风寒湿邪痹阻经络，寒邪偏盛。寒主收引、凝滞，气血不通则疼痛剧烈。

【症状】肢体关节疼痛剧烈、固定不移；遇寒加重、得温痛减；关节屈伸不利，局部怕冷。

【脉象】
浮脉（表）：波峰高（轻微），脉搏次数少（剧烈），波宽宽（轻微）

【标准方】乌头汤","痛痹（寒痹）

【病機】風寒濕邪痹阻經絡，寒邪偏盛。寒主收引、凝滯，氣血不通則疼痛劇烈。

【症狀】肢體關節疼痛劇烈、固定不移；遇寒加重、得溫痛減；關節屈...","PAINFUL BI (COLD BI)

[Pathogenesis] Wind-Cold-Damp obstructs the channels, with Cold predominating. Cold contracts and congeals; blocked Qi and blood cause severe pain.

[Symptoms] Severe, fixed pain in the limbs and joints; worse with cold and relieved by warmth; restricted joint movement and local sensitivity to cold.

[Pulse]
Floating pulse (Exterior): slightly increased amplitude, markedly lower pulse frequency, slightly broader pulse width

[Standard formula] Aconite Decoction","痛痺（寒痺）

【病機】風・寒・湿の邪が経絡を塞ぎ、とくに寒邪が強い。寒は収縮と停滞をもたらし、気血が通らなくなると強い痛みが生じる。

【症状】手足の関節が強く痛み、痛む場所は変わらない。冷えると悪化し、温めると和らぐ。関節を曲げ伸ばししにくく、患部が冷える。

【脈象】
浮脈（表）：波の峰がやや高く、脈拍は著しく少なく、波の幅はやや広い。

【標準処方】烏頭湯","통비

【병기】풍한습이 경맥을 막고 한이 주도한다. 한이 수축·응체를 일으켜 기혈이 막히고 통증이 심해진다.

【증상】팔다리와 관절의 통증이 심하고 고정되어 있으며 추우면 심해지고 따뜻하면 줄어든다. 관절 운동이 제한되고 국소적으로 추위를 탄다.

【맥상】
부맥(표): 파폭이 약간 높고 맥박 수가 뚜렷하게 적으며 맥폭이 약간 넓다.

【표준 처방】오두탕"
UI_BOOK_ENTRY_TITLE_RE_BI,热痹,熱痹,Heat Bi,熱痺,열비
UI_BOOK_ENTRY_BODY_RE_BI,"热痹

【病机】风湿热邪侵袭经络关节，或风寒湿邪郁而化热，气血壅滞、经络痹阻。

【症状】关节红肿灼热、疼痛剧烈；触之发热、拒按，得冷稍舒；发热、口渴、烦躁；肢体屈伸不利。

【脉象】
浮脉（表）：波峰高（轻微），脉搏次数多，波宽宽（轻微）

【标准方】白虎桂枝汤","熱痹

【病機】風濕熱邪侵襲經絡關節，或風寒濕邪鬱而化熱，氣血壅滯、經絡痹阻。

【症狀】關節紅腫灼熱、疼痛劇烈；觸之發熱、拒按，得冷稍舒；發熱、口渴、煩...","HEAT BI

[Pathogenesis] Wind-Damp-Heat invades the channels and joints, or Wind-Cold-Damp stagnates and turns to Heat. Qi and blood become congested, obstructing the channels.

[Symptoms] Red, swollen, burning joints with severe pain; hot and tender to touch, somewhat relieved by cold; fever, thirst, and irritability; restricted movement of the limbs.

[Pulse]
Floating pulse (Exterior): slightly increased amplitude, higher pulse frequency, slightly broader pulse width

[Standard formula] White Tiger Decoction with Cinnamon Twig","熱痺

【病機】風湿熱が経絡と関節を侵す。または風寒湿が体内で熱に変わり、気血が停滞して経絡を塞ぐ。

【症状】関節が赤く腫れて熱を持ち、強く痛む。触ると熱く、押すと痛むが、冷やすと少し楽になる。発熱、口の渇き、いらだち、関節を曲げ伸ばししにくい。

【脈象】
浮脈（表）：波の峰がやや高く、脈拍が多く、波の幅がやや広い。

【標準処方】白虎桂枝湯","열비

【병기】풍습열이 경맥과 관절을 침범하거나 풍한습이 정체되어 열로 변한다. 기혈이 막혀 경맥을 통하지 못한다.

【증상】관절이 붉고 붓고 화끈거리며 심하게 아프다. 만지면 뜨겁고 차게 하면 조금 편해지며 발열·갈증·번조와 사지 운동 제한이 나타난다.

【맥상】
부맥(표): 파폭이 약간 높고 맥박 수가 많으며 맥폭이 약간 넓다.

【표준 처방】백호가계지탕"
UI_BOOK_ENTRY_TITLE_ZHUO_BI,着痹,著痹,Fixed Bi (Damp Bi),着痺,착비
UI_BOOK_ENTRY_BODY_ZHUO_BI,"着痹（湿痹）

【病机】风寒湿邪侵袭，湿邪偏盛；湿性重浊、黏滞，阻滞经络、困遏气机。

【症状】关节沉重酸痛、重着如裹；痛处固定，肌肤麻木、肢体困重；关节肿胀、屈伸不利。
阴雨潮湿天气加重

【脉象】
浮脉（表）：波峰高（轻微），脉搏次数少（轻微），波宽宽（剧烈）

【标准方】薏苡仁汤","著痹（濕痹）

【病機】風寒濕邪侵襲，濕邪偏盛；濕性重濁、黏滯，阻滯經絡、困遏氣機。

【症狀】關節沉重酸痛、重著如裹；痛處固定，肌膚麻木、肢體困重；關節...","FIXED BI (DAMP BI)

[Pathogenesis] Wind-Cold-Damp invades, with Dampness predominating. Its heavy, sticky quality obstructs the channels and impedes the movement of Qi.

[Symptoms] Heavy, aching joints, as though wrapped; fixed pain, skin numbness, and heavy limbs; joint swelling and restricted movement.
Worse in rainy or humid weather.

[Pulse]
Floating pulse (Exterior): slightly increased amplitude, slightly lower pulse frequency, markedly broader pulse width

[Standard formula] Coix Seed Decoction","着痺（湿痺）

【病機】風寒湿が侵入し、とくに湿邪が強い。湿の重さと粘りによって経絡が塞がれ、気の流れが妨げられる。

【症状】関節が重く鈍く痛み、包まれたようにだるい。痛む場所は一定で、皮膚のしびれと手足の重だるさがある。関節が腫れて動かしにくく、雨や湿気で悪化する。

【脈象】
浮脈（表）：波の峰がやや高く、脈拍はやや少なく、波の幅が著しく広い。

【標準処方】薏苡仁湯","착비

【병기】풍한습이 침범하고 습이 주도한다. 무겁고 끈끈한 습이 경맥을 막아 기의 운행을 방해한다.

【증상】관절이 무겁고 시큰하며 감싼 듯하고 통증이 고정된다. 피부가 저리고 팔다리가 무거우며 관절이 붓고 움직임이 제한된다. 비가 오거나 습한 날에 심해진다.

【맥상】
부맥(표): 파폭이 약간 높고 맥박 수가 약간 적으며 맥폭이 뚜렷하게 넓다.

【표준 처방】의이인탕"
UI_BOOK_ENTRY_TITLE_XING_BI,行痹,行痹,Wandering Bi (Wind Bi),行痺,행비
UI_BOOK_ENTRY_BODY_XING_BI,"行痹（风痹）

【病机】风寒湿邪侵袭经络，以风邪偏盛为主。风性善行、走窜不定。

【症状】肢体关节酸痛，疼痛游走不定，窜走周身。

【脉象】
浮脉（表）：波峰高（剧烈），脉搏次数少（轻微），波宽宽（轻微）

【标准方】防风汤","行痹（風痹）

【病機】風寒濕邪侵襲經絡，以風邪偏盛為主。風性善行、走竄不定。

【症狀】肢體關節酸痛，疼痛游走不定，竄走周身。

【脈象】
浮脈（表）：...","WANDERING BI (WIND BI)

[Pathogenesis] Wind-Cold-Damp invades the channels, with Wind predominating. Wind moves readily and causes shifting symptoms.

[Symptoms] Aching joints and limbs with pain that shifts from place to place throughout the body.

[Pulse]
Floating pulse (Exterior): markedly increased amplitude, slightly lower pulse frequency, slightly broader pulse width

[Standard formula] Saposhnikovia Decoction","行痺（風痺）

【病機】風寒湿が経絡を侵し、とくに風邪が強い。風の性質により、症状があちこちへ移り変わる。

【症状】手足の関節が鈍く痛み、痛む場所が定まらず全身を移動する。

【脈象】
浮脈（表）：波の峰が著しく高く、脈拍はやや少なく、波の幅がやや広い。

【標準処方】防風湯","행비

【병기】풍한습이 경맥을 침범하고 풍이 주도한다. 풍은 잘 움직이므로 증상이 옮겨 다닌다.

【증상】관절과 팔다리가 시큰하고 몸 여기저기의 통증이 일정하지 않게 움직인다.

【맥상】
부맥(표): 파폭이 뚜렷하게 높고 맥박 수가 약간 적으며 맥폭이 약간 넓다.

【표준 처방】방풍탕"
UI_BOOK_ENTRY_TITLE_FEI_RE_YONG_SHENG,肺热壅盛,肺熱壅盛,Exuberant Heat in the Lung,肺熱壅盛,폐열옹성
UI_BOOK_ENTRY_BODY_FEI_RE_YONG_SHENG,"肺热壅盛

【病机】邪热壅滞于肺，肺失宣降，气机闭塞，热盛气逆。

【症状】咳嗽气粗、喘促胸闷；痰黄黏稠、不易咳出；发热、口渴咽痛；鼻翼煽动，大便偏干，小便黄。

【脉象】
右寸（肺）：脉搏次数多

【标准方】麻杏石甘汤","肺熱壅盛

【病機】邪熱壅滯於肺，肺失宣降，氣機閉塞，熱盛氣逆。

【症狀】咳嗽氣粗、喘促胸悶；痰黃黏稠、不易咳出；發熱、口渴咽痛；鼻翼煽動，大便偏乾，小...","EXUBERANT HEAT IN THE LUNG

[Pathogenesis] Pathogenic Heat congests the Lung, impairing its dispersing and descending functions; Qi becomes blocked and rises against its normal flow.

[Symptoms] Forceful coughing and wheezing with chest tightness; thick, sticky yellow phlegm that is hard to expectorate; fever, thirst, and sore throat; flaring nostrils, relatively dry stools, and yellow urine.

[Pulse]
Right cun (Lung): higher pulse frequency

[Standard formula] Ephedra, Apricot Kernel, Gypsum and Licorice Decoction","肺熱壅盛

【病機】熱邪が肺にこもり、肺の宣発と粛降が働かず、気の流れが塞がれて逆上する。

【症状】激しい咳と呼吸、息苦しさと胸の圧迫感。黄色く粘り、出しにくい痰。発熱、口の渇き、喉の痛み。鼻翼が大きく動き、便は乾きがちで尿は黄色い。

【脈象】
右寸（肺）：脈拍が多い。

【標準処方】麻杏石甘湯","폐열옹성

【병기】사열이 폐에 몰려 폐의 선발·숙강 기능을 손상하고 기가 막혀 거슬러 오른다.

【증상】기침과 천식이 세고 가슴이 답답하며, 누렇고 끈끈해 뱉기 어려운 가래가 많다. 발열·갈증·인후통, 콧방울 벌렁거림, 비교적 마른 변과 누런 소변이 있다.

【맥상】
우촌(폐): 맥박 수가 많다.

【표준 처방】마행감석탕"
UI_BOOK_ENTRY_TITLE_FEI_QI_XU,肺气虚,肺氣虛,Lung Qi Deficiency,肺気虚,폐기허
UI_BOOK_ENTRY_BODY_FEI_QI_XU,"肺气虚

【病机】肺气不足，宣降无力，卫外不固。

【症状】咳喘无力，气短懒言，动则加重；语声低微、少气乏力；自汗、怕风、易感冒；痰液清稀、量少。

【脉象】
右寸（肺）：波峰低

【标准方】补肺汤","肺氣虛

【病機】肺氣不足，宣降無力，衛外不固。

【症狀】咳喘無力，氣短懶言，動則加重；語聲低微、少氣乏力；自汗、怕風、易感冒；痰液清稀、量少。

【脈...","LUNG QI DEFICIENCY

[Pathogenesis] Insufficient Lung Qi weakens its dispersing and descending functions and fails to secure the exterior.

[Symptoms] Weak coughing and wheezing, shortness of breath and reluctance to speak, worse with activity; a weak voice and fatigue; spontaneous sweating, aversion to wind, and frequent colds; scant, thin, clear phlegm.

[Pulse]
Right cun (Lung): decreased amplitude

[Standard formula] Lung-Tonifying Decoction","肺気虚

【病機】肺気が不足し、宣発と粛降の力が弱く、体表を守る衛気も不足する。

【症状】力のない咳と喘ぎ、息切れ、話すのがおっくうで、動くと悪化する。声は小さく疲れやすい。自汗、風を嫌う、風邪をひきやすい。痰は透明で少量。

【脈象】
右寸（肺）：波の峰が低い。

【標準処方】補肺湯","폐기허

【병기】폐기가 부족해 선발·숙강 기능이 약하고 표를 굳게 하지 못한다.

【증상】기침과 천식이 약하고 숨이 짧으며 말하기 싫어한다. 움직이면 심해지고 목소리가 약하며 피로하다. 자한과 바람을 싫어하고 감기에 자주 걸리며 맑고 묽은 가래가 적다.

【맥상】
우촌(폐): 파폭이 낮다.

【표준 처방】보폐탕"
UI_BOOK_ENTRY_TITLE_TAN_SHI_ZU_FEI,痰湿阻肺,痰濕阻肺,Phlegm-Damp Obstructing the Lung,痰湿阻肺,담습조폐
UI_BOOK_ENTRY_BODY_TAN_SHI_ZU_FEI,"痰湿阻肺

【病机】脾失健运，痰湿内生，上壅于肺，肺失宣降。

【症状】咳嗽痰多，色白黏稠、量多易咯；胸闷、气喘、喉间痰鸣；肢体困重，口淡不渴。

【脉象】
右寸（肺）：波宽宽

【标准方】二陈汤","痰濕阻肺

【病機】脾失健運，痰濕內生，上壅於肺，肺失宣降。

【症狀】咳嗽痰多，色白黏稠、量多易咯；胸悶、氣喘、喉間痰鳴；肢體困重，口淡不渴。

【脈象...","PHLEGM-DAMP OBSTRUCTING THE LUNG

[Pathogenesis] When the Spleen fails to transform and transport, Phlegm-Damp forms internally and accumulates in the Lung, impairing its dispersing and descending functions.

[Symptoms] A cough with abundant white, sticky phlegm that is easy to bring up; chest tightness, wheezing, and rattling phlegm in the throat; heavy limbs and a bland taste without thirst.

[Pulse]
Right cun (Lung): broader pulse width

[Standard formula] Two-Cured Decoction","痰湿阻肺

【病機】脾の運化が低下して痰湿が生じ、肺に上って滞り、肺の宣発と粛降が失われる。

【症状】咳が出て痰が多く、白く粘る痰を大量に吐きやすい。胸の圧迫感、喘ぎ、喉の痰音。手足が重だるく、口は淡く渇かない。

【脈象】
右寸（肺）：波の幅が広い。

【標準処方】二陳湯","담습조폐

【병기】비가 운화하지 못해 담습이 안에서 생겨 폐에 쌓이고 폐의 선발·숙강을 방해한다.

【증상】희고 끈끈한 가래가 많아 쉽게 뱉는 기침, 흉민, 천식, 목에서 가래가 끓는 소리가 난다. 팔다리가 무겁고 입맛이 담담하며 갈증이 없다.

【맥상】
우촌(폐): 맥폭이 넓다.

【표준 처방】이진탕"
UI_BOOK_ENTRY_TITLE_FEI_YIN_XU,肺阴虚,肺陰虛,Lung Yin Deficiency,肺陰虚,폐음허
UI_BOOK_ENTRY_BODY_FEI_YIN_XU,"肺阴虚

【病机】肺阴亏虚，虚火内生，肺失滋润、清肃无权。

【症状】干咳无痰，或痰少黏稠难咯；咽干口燥、声音嘶哑；潮热盗汗、五心烦热；颧红、形体消瘦。

【脉象】
右寸（肺）：波线细，脉搏次数多，波宽窄

【标准方】沙参麦冬汤","肺陰虛

【病機】肺陰虧虛，虛火內生，肺失滋潤、清肅無權。

【症狀】乾咳無痰，或痰少黏稠難咯；咽乾口燥、聲音嘶啞；潮熱盜汗、五心煩熱；顴紅、形體消瘦。
...","LUNG YIN DEFICIENCY

[Pathogenesis] Depleted Lung Yin gives rise to deficiency Fire; the Lung loses moisture and cannot perform its clearing function.

[Symptoms] A dry cough without phlegm, or a little sticky phlegm that is hard to bring up; dry throat and mouth with hoarseness; tidal fever, night sweats, and heat in the palms, soles, and chest; flushed cheekbones and weight loss.

[Pulse]
Right cun (Lung): thinner pulse line, higher pulse frequency, narrower pulse width

[Standard formula] Adenophora and Ophiopogon Decoction","肺陰虚

【病機】肺陰が不足して虚熱が生じ、肺の潤いと清粛の働きが失われる。

【症状】痰のない空咳、または少量で粘り出しにくい痰。喉や口の乾燥、声がれ。午後からの熱感、寝汗、手足のほてり。頬が赤く、体が痩せる。

【脈象】
右寸（肺）：波線が細く、脈拍が多く、波の幅が狭い。

【標準処方】沙参麦冬湯","폐음허

【병기】폐음이 소모되어 허화가 생기고 폐가 윤택함을 잃어 청숙 기능을 하지 못한다.

【증상】가래 없는 마른기침 또는 뱉기 어려운 끈끈한 가래, 마른 목과 입·쉰 목소리가 있다. 조열·도한, 손발바닥과 가슴의 열감, 광대뼈 홍조와 체중 감소가 나타난다.

【맥상】
우촌(폐): 맥이 가늘고 맥박 수가 많으며 맥폭이 좁다.

【표준 처방】사삼맥문동탕"
UI_BOOK_ENTRY_TITLE_TAN_RE_YONG_FEI,痰热壅肺,痰熱壅肺,Phlegm-Heat Congesting the Lung,痰熱壅肺,담열옹폐
UI_BOOK_ENTRY_BODY_TAN_RE_YONG_FEI,"痰热壅肺

【病机】邪热入里，灼津成痰、痰热互结，壅遏肺气，肺失宣降。

【症状】咳嗽气喘，痰多黄稠、黏稠难咯；胸闷胸痛，甚则鼻翼煽动；发热口渴、烦躁、大便干结、小便黄。

【脉象】
右寸（肺）：脉搏次数多，波宽宽

【标准方】清气化痰丸","痰熱壅肺

【病機】邪熱入裡，灼津成痰、痰熱互結，壅遏肺氣，肺失宣降。

【症狀】咳嗽氣喘，痰多黃稠、黏稠難咯；胸悶胸痛，甚則鼻翼煽動；發熱口渴、煩躁、大...","PHLEGM-HEAT CONGESTING THE LUNG

[Pathogenesis] Pathogenic Heat enters the interior and scorches fluids into Phlegm. Phlegm and Heat combine and congest the Lung, impairing its dispersing and descending functions.

[Symptoms] Coughing and wheezing with abundant, thick yellow phlegm that is difficult to bring up; chest tightness and pain, sometimes with flaring nostrils; fever, thirst, irritability, constipation, and yellow urine.

[Pulse]
Right cun (Lung): higher pulse frequency, broader pulse width

[Standard formula] Clear Qi and Transform Phlegm Pill","痰熱壅肺

【病機】熱邪が内に入り、津液を焼いて痰を生む。痰と熱が結びついて肺気を塞ぎ、肺の宣発と粛降が失われる。

【症状】咳と喘ぎがあり、黄色く粘る痰が多くて出しにくい。胸の圧迫感と痛み、重い場合は鼻翼が大きく動く。発熱、口の渇き、いらだち、便秘、黄色い尿。

【脈象】
右寸（肺）：脈拍が多く、波の幅が広い。

【標準処方】清気化痰丸","담열옹폐

【병기】사열이 속으로 들어가 진액을 태워 담을 만들고, 담과 열이 폐에 몰려 선발·숙강을 방해한다.

【증상】누렇고 끈끈하며 뱉기 어려운 가래가 많은 기침과 천식, 흉민과 흉통, 발열·갈증·번조·변비와 누런 소변이 있다.

【맥상】
우촌(폐): 맥박 수가 많고 맥폭이 넓다.

【표준 처방】청기화담환"
UI_BOOK_ENTRY_TITLE_BIAO_HAN_LI_RE,表寒里热,表寒裡熱,Exterior Cold with Interior Heat,表寒裏熱,표한리열
UI_BOOK_ENTRY_BODY_BIAO_HAN_LI_RE,"表寒里热

【病机】寒邪束表，里有郁热，寒热错杂。

【症状】怕冷无汗，口干咽痛，浑身酸痛怕冷，同时心烦燥热。

【脉象】
浮脉（表）：脉搏次数少
右寸（肺）：脉搏次数多

【标准方】大青龙汤","表寒裡熱

【病機】寒邪束表，裡有鬱熱，寒熱錯雜。

【症狀】怕冷無汗，口乾咽痛，渾身酸痛怕冷，同時心煩燥熱。

【脈象】
浮脈（表）：脈搏次數少
右寸（...","EXTERIOR COLD WITH INTERIOR HEAT

[Pathogenesis] Cold constrains the exterior while Heat is trapped inside, producing a mixed Cold-Heat pattern.

[Symptoms] Aversion to cold without sweating, dry mouth and sore throat, generalized aches and chills, together with irritability and a sensation of internal heat.

[Pulse]
Floating pulse (Exterior): lower pulse frequency
Right cun (Lung): higher pulse frequency

[Standard formula] Great Azure Dragon Decoction","表寒裏熱

【病機】寒邪が体表を塞ぐ一方、体内にはこもった熱があり、寒と熱が混在する。

【症状】寒気がして汗が出ず、口や喉が乾いて痛む。全身が痛んで寒がる一方、熱っぽくいらだつ。

【脈象】
浮脈（表）：脈拍が少ない。
右寸（肺）：脈拍が多い。

【標準処方】大青竜湯","표한리열

【병기】한사가 표를 묶고 열이 안에 갇혀 한열이 뒤섞인 병증이 된다.

【증상】땀이 나지 않는 오한, 마른 입과 인후통, 온몸의 통증과 오한에 더해 번조와 속의 열감이 나타난다.

【맥상】
부맥(표): 맥박 수가 적다.
우촌(폐): 맥박 수가 많다.

【표준 처방】대청룡탕"
UI_BOOK_ENTRY_TITLE_BIAO_HAN_LI_YIN,表寒里饮,表寒裡飲,Exterior Cold with Interior Fluid Retention,表寒裏飲,표한리음
UI_BOOK_ENTRY_BODY_BIAO_HAN_LI_YIN,"表寒里饮

【病机】外感风寒，寒邪束表；内有水饮伏肺，表里寒邪相合，寒饮壅遏肺气。


【症状】恶寒发热，咳嗽气喘；痰多清稀，胸闷胸满，面部浮肿。


【脉象】
浮脉（表）：脉搏次数少
右寸（肺）：波宽宽

【标准方】小青龙汤","表寒裡飲

【病機】外感風寒，寒邪束表；內有水飲伏肺，表裡寒邪相合，寒飲壅遏肺氣。


【症狀】惡寒發熱，咳嗽氣喘；痰多清稀，胸悶胸滿，面部浮腫。


【...","EXTERIOR COLD WITH INTERIOR FLUID RETENTION

[Pathogenesis] External Wind-Cold constrains the surface. Retained fluid within the Lung combines with exterior Cold, obstructing Lung Qi.

[Symptoms] Aversion to cold with fever, coughing and wheezing; copious thin, clear phlegm, chest fullness and tightness, and facial swelling.

[Pulse]
Floating pulse (Exterior): lower pulse frequency
Right cun (Lung): broader pulse width

[Standard formula] Minor Azure Dragon Decoction","表寒裏飲

【病機】外から風寒を受け、寒邪が体表を塞ぐ。体内には水飲が肺に潜み、内外の寒が重なって肺気を妨げる。

【症状】悪寒と発熱、咳と喘ぎ。透明で薄い痰が多く、胸が重苦しく、顔がむくむ。

【脈象】
浮脈（表）：脈拍が少ない。
右寸（肺）：波の幅が広い。

【標準処方】小青竜湯","표한리음

【병기】외부 풍한이 표를 묶고 폐 안에 수음이 머물러 한사와 합쳐 폐기를 막는다.

【증상】오한과 발열, 기침과 천식, 많고 맑은 묽은 가래, 흉부 팽만과 답답함, 얼굴 부종이 있다.

【맥상】
부맥(표): 맥박 수가 적다.
우촌(폐): 맥폭이 넓다.

【표준 처방】소청룡탕"
UI_BOOK_ENTRY_TITLE_PI_QI_XU,脾气虚,脾氣虛,Spleen Qi Deficiency,脾気虚,비기허
UI_BOOK_ENTRY_BODY_PI_QI_XU,"脾气虚

【病机】饮食劳倦、久病耗伤，脾失健运、中气不足、运化失职。

【症状】食少纳呆、脘腹胀满，饭后尤甚；神疲乏力、少气懒言、肢体倦怠；面色萎黄、形体消瘦或浮肿；大便溏薄。

【脉象】
右关（脾）：波峰低

【标准方】四君子汤","脾氣虛

【病機】飲食勞倦、久病耗傷，脾失健運、中氣不足、運化失職。

【症狀】食少納呆、脘腹脹滿，飯後尤甚；神疲乏力、少氣懶言、肢體倦怠；面色萎黃、形體...","SPLEEN QI DEFICIENCY

[Pathogenesis] Poor diet, overwork or prolonged illness depletes the Spleen. Middle Qi becomes weak and the Spleen cannot transform and transport properly.

[Symptoms] Poor appetite and abdominal bloating, especially after meals; fatigue, weakness, little inclination to speak and tired limbs; a sallow complexion with weight loss or swelling; loose stools.

[Pulse]
Right guan (Spleen): decreased amplitude

[Standard formula] Four Gentlemen Decoction","脾気虚

【病機】食生活や疲労、長患いによって脾が弱り、中気が不足して、運化がうまく働かない。

【症状】食欲が乏しく、みぞおちや腹が張り、食後に悪化する。疲れやすく、息切れして話すのがおっくう。顔色が黄色く、痩せるかむくむ。便は柔らかい。

【脈象】
右関（脾）：波の峰が低い。

【標準処方】四君子湯","비기허

【병기】음식이 부실하거나 과로·만성병으로 비가 손상되어 중기가 약해지고 운화가 제대로 되지 않는다.

【증상】식욕 저하와 식후 복부 팽만, 피로와 무력감, 말하기 싫음과 팔다리 피로, 누런 안색과 체중 감소 또는 부종, 묽은 변이 나타난다.

【맥상】
우관(비): 파폭이 낮다.

【표준 처방】사군자탕"
UI_BOOK_ENTRY_TITLE_SHI_SHENG_KUN_PI,湿盛困脾,濕盛困脾,Excess Dampness Encumbering the Spleen,湿盛困脾,습성곤비
UI_BOOK_ENTRY_BODY_SHI_SHENG_KUN_PI,"湿盛困脾

【病机】外感湿邪、或嗜食生冷肥甘，湿邪壅滞、脾阳被困、运化失司，属实证。

【症状】脘腹痞闷、食少纳呆；恶心欲呕、口中黏腻、口淡不渴；头身困重、四肢酸楚、困倦嗜睡；大便溏稀不爽。

【脉象】
右关（脾）：波宽宽

【标准方】平胃散","濕盛困脾

【病機】外感濕邪、或嗜食生冷肥甘，濕邪壅滯、脾陽被困、運化失司，屬實證。

【症狀】脘腹痞悶、食少納呆；惡心欲嘔、口中黏膩、口淡不渴；頭身困重...","EXCESS DAMPNESS ENCUMBERING THE SPLEEN

[Pathogenesis] External Dampness, or frequent cold, raw and rich foods, causes Dampness to accumulate. It constrains Spleen Yang and impairs transformation and transport; this is an excess pattern.

[Symptoms] Fullness in the upper abdomen and poor appetite; nausea, a sticky feeling in the mouth and a bland taste without thirst; a heavy head and body, aching limbs and drowsiness; loose, unsatisfying stools.

[Pulse]
Right guan (Spleen): broader pulse width

[Standard formula] Calm the Stomach Powder","湿盛困脾

【病機】外から湿邪を受けるか、冷たい物や脂っこい甘味を好み、湿が停滞する。脾陽が妨げられ運化が低下した実証。

【症状】みぞおちや腹がつかえ、食欲がない。吐き気、口の粘つき、口が淡く渇かない。頭と体が重く、手足がだるく眠い。便が柔らかく、すっきり出ない。

【脈象】
右関（脾）：波の幅が広い。

【標準処方】平胃散","습성곤비

【병기】외습 또는 차고 날것·기름진 음식을 자주 먹어 습이 쌓인다. 습이 비양을 억누르고 운화를 방해하는 실증이다.

【증상】상복부가 그득하고 식욕이 없으며 구역, 입안의 끈적함과 담담한 맛, 갈증이 없다. 머리와 몸이 무겁고 팔다리가 쑤시며 졸리고, 개운하지 않은 묽은 변을 본다.

【맥상】
우관(비): 맥폭이 넓다.

【표준 처방】평위산"
UI_BOOK_ENTRY_TITLE_PI_YANG_XU,脾阳虚,脾陽虛,Spleen Yang Deficiency,脾陽虚,비양허
UI_BOOK_ENTRY_BODY_PI_YANG_XU,"脾阳虚

【病机】脾气久虚，脾阳不足、虚寒内生、运化腐熟无权。

【症状】食少纳呆、脘腹冷痛，喜温喜按；大便清稀溏薄，甚至完谷不化；畏寒肢冷、四肢不温、神疲乏力；口淡不渴、面色㿠白或萎黄；或肢体浮肿、白带清稀量多。

【脉象】
右关（脾）：波峰低，脉搏次数少，波宽宽

【标准方】理中丸","脾陽虛

【病機】脾氣久虛，脾陽不足、虛寒內生、運化腐熟無權。

【症狀】食少納呆、脘腹冷痛，喜溫喜按；大便清稀溏薄，甚至完谷不化；畏寒肢冷、四肢不溫、神...","SPLEEN YANG DEFICIENCY

[Pathogenesis] Longstanding Spleen Qi deficiency weakens Spleen Yang. Deficiency Cold develops and the Spleen can no longer transform or digest food effectively.

[Symptoms] Poor appetite and cold abdominal pain relieved by warmth and pressure; thin, loose stools, sometimes with undigested food; aversion to cold, cold limbs and fatigue; a bland taste without thirst and a pale or sallow complexion; possibly swelling or copious, thin, clear vaginal discharge.

[Pulse]
Right guan (Spleen): decreased amplitude, lower pulse frequency, broader pulse width

[Standard formula] Regulate the Middle Pill","脾陽虚

【病機】脾気の不足が長く続き、脾陽が衰えて内側に虚寒が生じ、消化と運化が弱まる。

【症状】食欲が乏しく、腹が冷えて痛み、温めたり押したりすると楽になる。水っぽい便、未消化の便。寒がりで手足が冷え、疲れやすい。口は渇かず、顔色が白いか黄色い。むくみや薄い帯下が見られることもある。

【脈象】
右関（脾）：波の峰が低く、脈拍が少なく、波の幅が広い。

【標準処方】理中丸","비양허

【병기】오래된 비기허가 비양을 약하게 하여 허한이 생기고 음식의 운화·소화를 하지 못한다.

【증상】식욕 저하와 따뜻하게 하거나 눌러 주면 줄어드는 차가운 복통, 묽은 변과 소화되지 않은 음식, 추위와 찬 사지, 피로가 있다. 담담한 맛과 갈증 없음, 창백하거나 누런 안색, 부종 또는 맑은 대하가 나타날 수 있다.

【맥상】
우관(비): 파폭이 낮고 맥박 수가 적으며 맥폭이 넓다.

【표준 처방】이중환"
UI_BOOK_ENTRY_TITLE_PI_XU_SHI_SHENG,脾虚湿盛,脾虛濕盛,Spleen Deficiency with Excess Dampness,脾虚湿盛,비허습성
UI_BOOK_ENTRY_BODY_PI_XU_SHI_SHENG,"脾虚湿盛

【病机】脾气本虚，运化无力，水湿内生，湿浊内停。

【症状】食少纳呆，脘腹痞闷，饭后胀甚；神疲乏力、少气懒言、四肢困重；大便溏薄、或泄泻、黏滞不爽；面色萎黄，或肢体浮肿、带下量多清稀。

【脉象】
右关（脾）：波峰低，波宽宽

【标准方】参苓白术散","脾虛濕盛

【病機】脾氣本虛，運化無力，水濕內生，濕濁內停。

【症狀】食少納呆，脘腹痞悶，飯後脹甚；神疲乏力、少氣懶言、四肢困重；大便溏薄、或洩瀉、黏滯...","SPLEEN DEFICIENCY WITH EXCESS DAMPNESS

[Pathogenesis] Underlying Spleen Qi deficiency weakens transformation and transport, causing fluids to accumulate as Dampness.

[Symptoms] Poor appetite and abdominal fullness, worse after eating; fatigue, little inclination to speak and heavy limbs; loose stools or diarrhea with a sticky, unsatisfying feeling; a sallow complexion, sometimes with swelling or copious thin, clear vaginal discharge.

[Pulse]
Right guan (Spleen): decreased amplitude, broader pulse width

[Standard formula] Ginseng, Poria and Atractylodes Powder","脾虚湿盛

【病機】もともと脾気が弱く、運化が低下して体内に水湿が生じ、濁った湿が滞る。

【症状】食欲がなく、みぞおちと腹が張り、食後に悪化する。疲労と息切れ、手足の重だるさ。柔らかい便や下痢、粘ついてすっきり出ない。顔色が黄色く、むくみや水っぽい帯下を伴うこともある。

【脈象】
右関（脾）：波の峰が低く、波の幅が広い。

【標準処方】参苓白朮散","비허습성

【병기】비기허로 운화가 약해져 진액이 습으로 쌓인다.

【증상】식후 심해지는 식욕 저하와 복부 팽만, 피로·말하기 싫음·팔다리 무거움, 끈적하고 개운하지 않은 묽은 변이나 설사, 누런 안색과 부종 또는 맑은 대하가 나타날 수 있다.

【맥상】
우관(비): 파폭이 낮고 맥폭이 넓다.

【표준 처방】삼령백출산"
UI_BOOK_ENTRY_TITLE_WAI_GAN_FENG_HAN_NEI_SHANG_SHI_ZHI,外感风寒，内伤湿滞,外感風寒，內傷濕滯,External Wind-Cold with Internal Damp Stagnation,外感風寒・内傷湿滞,"외감풍한, 내상습체"
UI_BOOK_ENTRY_BODY_WAI_GAN_FENG_HAN_NEI_SHANG_SHI_ZHI,"外感风寒，内伤湿滞

【病机】外感风寒之邪束表，内伤饮食湿浊阻滞中焦；表有风寒、里有湿滞。

【症状】外感风寒：恶寒发热、头痛身重、无汗、鼻塞流清涕；内伤湿滞：胸膈满闷、脘腹胀痛、恶心呕吐、肠鸣泄泻；怕冷发热 + 又吐又泻、身重胸闷。

【脉象】
浮脉（表）：脉搏次数少
右关（脾）：波宽宽

【标准方】藿香正气散","外感風寒，內傷濕滯

【病機】外感風寒之邪束表，內傷飲食濕濁阻滯中焦；表有風寒、裡有濕滯。

【症狀】外感風寒：惡寒發熱、頭痛身重、無汗、鼻塞流清涕；內傷...","EXTERNAL Wind-Cold WITH INTERNAL DAMP STAGNATION

[Pathogenesis] External Wind-Cold constrains the surface while dietary injury and Dampness obstruct the middle burner: Wind-Cold outside and Damp stagnation inside.

[Symptoms] External Wind-Cold: aversion to cold with fever, headache and heavy body, no sweating, and a blocked nose with clear discharge; internal Damp stagnation: chest fullness, abdominal distension and pain, nausea, vomiting, bowel sounds and diarrhea; chills and fever with both vomiting and diarrhea, a heavy body and chest tightness.

[Pulse]
Floating pulse (Exterior): lower pulse frequency
Right guan (Spleen): broader pulse width

[Standard formula] Patchouli Qi-Rectifying Powder","外感風寒・内傷湿滞

【病機】外から受けた風寒が体表を塞ぎ、飲食などによる湿が中焦に滞る。表には風寒、裏には湿滞がある。

【症状】風寒の症状：悪寒、発熱、頭痛、体の重さ、無汗、透明な鼻水。湿滞の症状：胸とみぞおちの張り、腹痛、吐き気、嘔吐、下痢。寒気と熱に加えて嘔吐や下痢、体の重さが見られる。

【脈象】
浮脈（表）：脈拍が少ない。
右関（脾）：波の幅が広い。

【標準処方】藿香正気散","외감풍한, 내상습체

【병기】외부 풍한이 표를 묶는 동시에 음식 손상과 습체가 중초를 막아 겉은 풍한, 속은 습체가 된다.

【증상】겉으로는 오한과 발열, 두통, 몸이 무겁고 땀이 나지 않으며 맑은 콧물이 난다. 속으로는 흉민·복창·복통·구역·구토·장명·설사가 있고 오한과 발열, 구토와 설사가 함께 나타난다.

【맥상】
부맥(표): 맥박 수가 적다.
우관(비): 맥폭이 넓다.

【표준 처방】곽향정기산"
UI_BOOK_ENTRY_TITLE_HAN_NING_XIN_MAI,寒凝心脉,寒凝心脈,Cold Congealing in the Heart Vessels,寒凝心脈,한응심맥
UI_BOOK_ENTRY_BODY_HAN_NING_XIN_MAI,"寒凝心脉

【病机】素体阳虚，阴寒凝滞，寒邪痹阻心脉、胸阳不振，心脉拘急不通而痛。

【症状】猝然胸痛、痛势剧烈、遇寒加重、得温痛减；胸闷气短、心悸怔忡；畏寒肢冷、面色苍白、唇甲青紫。

【脉象】
左寸（心）：脉搏次数少

【标准方】当归四逆汤","寒凝心脈

【病機】素體陽虛，陰寒凝滯，寒邪痹阻心脈、胸陽不振，心脈拘急不通而痛。

【症狀】猝然胸痛、痛勢劇烈、遇寒加重、得溫痛減；胸悶氣短、心悸怔忡；...","COLD CONGEALING IN THE HEART VESSELS

[Pathogenesis] In a person with underlying Yang deficiency, Cold congeals and obstructs the Heart vessels. Chest Yang is weakened; the constricted vessels cannot carry blood freely, causing pain.

[Symptoms] Sudden, severe chest pain, worse with cold and relieved by warmth; chest tightness, shortness of breath and palpitations; aversion to cold, cold limbs, a pale face, and bluish lips and nails.

[Pulse]
Left cun (Heart): lower pulse frequency

[Standard formula] Chinese Angelica Decoction for Frigid Extremities","寒凝心脈

【病機】もともと陽が不足し、陰寒が凝り滞る。寒邪が心脈を塞ぎ、胸の陽気が弱まって心脈が収縮し、強く痛む。

【症状】突然の激しい胸痛。寒さで悪化し、温めると和らぐ。胸の圧迫感、息切れ、動悸。寒がりで手足が冷え、顔色が白く、唇や爪が紫がかる。

【脈象】
左寸（心）：脈拍が少ない。

【標準処方】当帰四逆湯","한응심맥

【병기】양허한 사람이 한사로 심맥이 응체된다. 흉양이 약해지고 맥이 수축해 혈을 원활히 운반하지 못해 통증이 생긴다.

【증상】갑작스럽고 심한 흉통이 추우면 심해지고 따뜻하면 줄어든다. 흉민·숨참·두근거림, 오한과 찬 사지, 창백한 얼굴과 푸른 입술·손발톱이 있다.

【맥상】
좌촌(심): 맥박 수가 적다.

【표준 처방】당귀사역탕"
UI_BOOK_ENTRY_TITLE_XIN_HUO_KANG_SHENG,心火亢盛,心火亢盛,Exuberant Heart Fire,心火亢盛,심화항성
UI_BOOK_ENTRY_BODY_XIN_HUO_KANG_SHENG,"心火亢盛

【病机】心火内炽，火热扰心、灼伤脉络、下移小肠。

【症状】心胸烦热、心悸失眠、烦躁易怒；口舌生疮、舌尖红赤疼痛；口干口苦、面红目赤；小便短赤、灼热涩痛。

【脉象】
左寸（心）：脉搏次数多

【标准方】导赤散","心火亢盛

【病機】心火內熾，火熱擾心、灼傷脈絡、下移小腸。

【症狀】心胸煩熱、心悸失眠、煩躁易怒；口舌生瘡、舌尖紅赤疼痛；口乾口苦、面紅目赤；小便短赤...","EXUBERANT HEART FIRE

[Pathogenesis] Heart Fire blazes internally, disturbing the mind and scorching the vessels; the Fire also descends to the Small Intestine.

[Symptoms] Heat and agitation in the chest, palpitations, insomnia and irritability; painful mouth and tongue sores and a red, sore tongue tip; dry mouth, bitter taste, a flushed face and red eyes; scant, red urine with burning, difficult urination.

[Pulse]
Left cun (Heart): higher pulse frequency

[Standard formula] Guide Out the Red Powder","心火亢盛

【病機】心火が内で燃え、熱が心神を乱し、脈絡を傷め、小腸にも及ぶ。

【症状】胸のほてり、動悸と不眠、いらだち。口内炎、舌先の赤みと痛み。口の渇きと苦味、顔や目の赤み。尿は少なく赤く、排尿時に熱感や痛みがある。

【脈象】
左寸（心）：脈拍が多い。

【標準処方】導赤散","심화항성

【병기】심화가 안에서 타올라 정신을 어지럽히고 맥을 태우며, 소장으로 내려간다.

【증상】가슴의 열감과 번조, 두근거림·불면·초조, 아프고 붉은 구내염과 혀끝의 홍통, 마른 입과 쓴맛, 얼굴과 눈의 붉음, 붉고 적으며 따가운 소변이 있다.

【맥상】
좌촌(심): 맥박 수가 많다.

【표준 처방】도적산"
UI_BOOK_ENTRY_TITLE_TAN_MI_XIN_QIAO,痰迷心窍,痰迷心竅,Phlegm Obscuring the Heart Orifices,痰迷心竅,담미심규
UI_BOOK_ENTRY_BODY_TAN_MI_XIN_QIAO,"痰迷心窍

【病机】痰湿浊邪蒙蔽心窍，神明失主，多由情志郁结、脾失健运、痰浊内生，上蒙心神所致。

【症状】神志痴呆、精神抑郁、表情淡漠；喃喃自语、举止失常、昏不知人；喉中痰鸣、胸闷痰多、意识模糊；甚则突然昏仆、不省人事。

【脉象】
左寸（心）：波宽宽

【标准方】涤痰汤","痰迷心竅

【病機】痰濕濁邪蒙蔽心竅，神明失主，多由情志鬱結、脾失健運、痰濁內生，上蒙心神所致。

【症狀】神志痴呆、精神抑鬱、表情淡漠；喃喃自語、舉止失...","PHLEGM OBSCURING THE HEART ORIFICES

[Pathogenesis] Turbid Phlegm-Damp clouds the Heart orifices and disrupts awareness. Emotional constraint and weak Spleen transport may generate Phlegm that rises to disturb the mind.

[Symptoms] Confusion or mental dullness, depression and an indifferent expression; muttering, unusual behavior or reduced awareness; rattling phlegm in the throat, chest tightness, copious phlegm and clouded consciousness; in severe cases, sudden collapse and unconsciousness.

[Pulse]
Left cun (Heart): broader pulse width

[Standard formula] Scour Phlegm Decoction","痰迷心竅

【病機】痰湿が心竅を覆って意識を乱す。情緒の停滞や脾の運化低下で痰濁が生じ、心神を妨げる。

【症状】反応が鈍く、気分が沈み、表情が乏しい。独り言や異常な振る舞い、意識の混濁。喉の痰音、胸の圧迫感と多量の痰。重い場合は突然倒れて意識を失う。

【脈象】
左寸（心）：波の幅が広い。

【標準処方】滌痰湯","담미심규

【병기】탁한 담습이 심규를 가리고 의식을 어지럽힌다. 정서 울체와 비의 운화 부족으로 생긴 담이 위로 올라 정신을 방해한다.

【증상】멍하고 둔해지거나 우울하며 표정이 무덤덤하다. 혼잣말과 이상 행동, 의식 저하, 목의 가래 끓는 소리와 흉민, 가래가 많고 의식이 흐려지며 심하면 갑자기 쓰러져 의식이 없다.

【맥상】
좌촌(심): 맥폭이 넓다.

【표준 처방】도담탕"
UI_BOOK_ENTRY_TITLE_XIN_QI_XU,心气虚,心氣虛,Heart Qi Deficiency,心気虚,심기허
UI_BOOK_ENTRY_BODY_XIN_QI_XU,"心气虚

【病机】心气不足，鼓动无力，心神失养。

【症状】心悸怔忡，活动后加重；气短、胸闷、精神疲倦；自汗，面色淡白。

【脉象】
左寸（心）：波峰低

【标准方】养心汤","心氣虛

【病機】心氣不足，鼓動無力，心神失養。

【症狀】心悸怔忡，活動後加重；氣短、胸悶、精神疲倦；自汗，面色淡白。

【脈象】
左寸（心）：波峰低
...","HEART QI DEFICIENCY

[Pathogenesis] Insufficient Heart Qi weakens its ability to propel blood and fails to nourish the mind.

[Symptoms] Palpitations, worse with activity; shortness of breath, chest tightness and fatigue; spontaneous sweating and a pale complexion.

[Pulse]
Left cun (Heart): decreased amplitude

[Standard formula] Nourish the Heart Decoction","心気虚

【病機】心気が不足し、血を動かす力が弱く、心神への滋養が足りない。

【症状】動悸があり、動くと悪化する。息切れ、胸苦しさ、疲労。自然に汗が出て、顔色が白い。

【脈象】
左寸（心）：波の峰が低い。

【標準処方】養心湯","심기허

【병기】심기가 부족해 혈을 밀어 주는 힘이 약하고 정신을 자양하지 못한다.

【증상】움직이면 심해지는 두근거림, 숨참·흉민·피로, 자한과 창백한 안색이 나타난다.

【맥상】
좌촌(심): 파폭이 낮다.

【표준 처방】양심탕"
UI_BOOK_ENTRY_TITLE_XIN_MAI_YU_ZU,心脉瘀阻,心脈瘀阻,Blood Stasis Obstructing the Heart Vessels,心脈瘀阻,심맥어조
UI_BOOK_ENTRY_BODY_XIN_MAI_YU_ZU,"心脉瘀阻

【病机】瘀血阻滞心之脉络，气血不通，心失濡养，不通则痛。

【症状】心胸疼痛，心悸心慌，胸闷气短，喘不得卧；面色晦暗、唇甲青紫。

【脉象】
左寸（心）：波线粗

【标准方】血府逐瘀汤","心脈瘀阻

【病機】瘀血阻滯心之脈絡，氣血不通，心失濡養，不通則痛。

【症狀】心胸疼痛，心悸心慌，胸悶氣短，喘不得臥；面色晦暗、唇甲青紫。

【脈象】
...","BLOOD STASIS OBSTRUCTING THE HEART VESSELS

[Pathogenesis] Blood stasis blocks the Heart vessels, impedes the circulation of Qi and blood, and deprives the Heart of nourishment. Obstruction causes pain.

[Symptoms] Chest and Heart pain, palpitations, chest tightness, shortness of breath and breathlessness when lying down; a dull complexion and bluish lips and nails.

[Pulse]
Left cun (Heart): thicker pulse line

[Standard formula] Drive Out Stasis in the Mansion of Blood Decoction","心脈瘀阻

【病機】瘀血が心脈を塞ぎ、気血が通らず、心が十分に養われないため痛みが生じる。

【症状】胸や心臓の辺りが痛み、動悸、胸苦しさ、息切れがある。横になれないほど喘ぐこともある。顔色は暗く、唇や爪が紫がかる。

【脈象】
左寸（心）：波線が太い。

【標準処方】血府逐瘀湯","심맥어조

【병기】어혈이 심맥을 막아 기혈의 순환을 방해하고 심을 자양하지 못하게 한다. 막히면 통증이 생긴다.

【증상】가슴과 심장의 통증, 두근거림, 흉민·숨참·누우면 더 답답함, 어두운 안색과 푸른 입술·손발톱이 있다.

【맥상】
좌촌(심): 맥이 굵다.

【표준 처방】혈부축어탕"
UI_BOOK_ENTRY_TITLE_XIN_YIN_XU,心阴虚,心陰虛,Heart Yin Deficiency,心陰虚,심음허
UI_BOOK_ENTRY_BODY_XIN_YIN_XU,"心阴虚

【病机】心阴亏虚，心神失养，虚火内扰。

【症状】心悸怔忡，心慌不安；心烦失眠、多梦易醒；五心烦热、潮热盗汗；口干咽燥、面色颧红。

【脉象】
左寸（心）：波线细，脉搏次数多，波宽窄

【标准方】天王补心丹","心陰虛

【病機】心陰虧虛，心神失養，虛火內擾。

【症狀】心悸怔忡，心慌不安；心煩失眠、多夢易醒；五心煩熱、潮熱盜汗；口乾咽燥、面色顴紅。

【脈象】
...","HEART YIN DEFICIENCY

[Pathogenesis] Depleted Heart Yin fails to nourish the mind, while deficiency Fire disturbs it internally.

[Symptoms] Palpitations and unease; restlessness, insomnia and frequent waking from dreams; heat in the palms, soles and chest, tidal fever and night sweats; dry mouth and throat with flushed cheekbones.

[Pulse]
Left cun (Heart): thinner pulse line, higher pulse frequency, narrower pulse width

[Standard formula] Heavenly Emperor's Heart-Tonifying Elixir","心陰虚

【病機】心陰が不足し、心神が養われず、虚熱が内で乱す。

【症状】動悸と不安、いらだち、不眠、夢が多く目覚めやすい。手足のほてり、午後からの熱感、寝汗。口や喉の乾燥、頬の赤み。

【脈象】
左寸（心）：波線が細く、脈拍が多く、波の幅が狭い。

【標準処方】天王補心丹","심음허

【병기】심음이 소모되어 정신을 자양하지 못하고 허화가 안에서 어지럽힌다.

【증상】두근거림과 불안, 번조·불면·꿈 때문에 자주 깸, 손발바닥과 가슴의 열감, 조열·도한, 마른 입과 목, 광대뼈 홍조가 있다.

【맥상】
좌촌(심): 맥이 가늘고 맥박 수가 많으며 맥폭이 좁다.

【표준 처방】천왕보심단"
UI_BOOK_ENTRY_TITLE_XIN_YANG_XU,心阳虚,心陽虛,Heart Yang Deficiency,心陽虚,심양허
UI_BOOK_ENTRY_BODY_XIN_YANG_XU,"心阳虚

【病机】心阳不足，温煦、鼓动无力，虚寒内生。

【症状】心悸怔忡，心慌不安；胸闷气短、遇寒加重；畏寒怕冷、四肢不温；面色㿠白，精神疲乏，自汗。

【脉象】
左寸（心）：波峰低，脉搏次数少

【标准方】桂枝甘草汤","心陽虛

【病機】心陽不足，溫煦、鼓動無力，虛寒內生。

【症狀】心悸怔忡，心慌不安；胸悶氣短、遇寒加重；畏寒怕冷、四肢不溫；面色㿠白，精神疲乏，自汗。
...","HEART YANG DEFICIENCY

[Pathogenesis] Insufficient Heart Yang cannot warm or propel effectively, giving rise to internal deficiency Cold.

[Symptoms] Palpitations and unease; chest tightness and shortness of breath, worse with cold; aversion to cold and cool limbs; a pale complexion, fatigue and spontaneous sweating.

[Pulse]
Left cun (Heart): decreased amplitude, lower pulse frequency

[Standard formula] Cinnamon Twig and Licorice Decoction","心陽虚

【病機】心陽が不足し、温めて血を動かす力が弱く、内側に虚寒が生じる。

【症状】動悸と不安、胸の圧迫感、息切れ。寒さで悪化し、手足が冷える。顔色が白く、疲れやすく、自然に汗が出る。

【脈象】
左寸（心）：波の峰が低く、脈拍が少ない。

【標準処方】桂枝甘草湯","심양허

【병기】심양이 부족해 따뜻하게 하고 밀어 주는 기능이 약해 내부에 허한이 생긴다.

【증상】두근거림과 불안, 추우면 심해지는 흉민과 숨참, 오한과 찬 사지, 창백한 안색·피로·자한이 있다.

【맥상】
좌촌(심): 파폭이 낮고 맥박 수가 적다.

【표준 처방】계지감초탕"
UI_BOOK_ENTRY_TITLE_TAN_HUO_RAO_XIN,痰火扰心,痰火擾心,Phlegm-Fire Disturbing the Heart,痰火擾心,담화요심
UI_BOOK_ENTRY_BODY_TAN_HUO_RAO_XIN,"痰火扰心

【病机】痰浊郁而化火，痰火互结、上扰心神，神明躁动不宁。

【症状】心烦失眠、躁扰不宁、狂躁易怒；多梦易惊、甚至胡言乱语、哭笑无常；胸闷痞满、口苦、痰多黄稠。

【脉象】
左寸（心）：脉搏次数多，波宽宽

【标准方】黄连温胆汤","痰火擾心

【病機】痰濁鬱而化火，痰火互結、上擾心神，神明躁動不寧。

【症狀】心煩失眠、躁擾不寧、狂躁易怒；多夢易驚、甚至胡言亂語、哭笑無常；胸悶痞滿、...","PHLEGM-FIRE DISTURBING THE HEART

[Pathogenesis] Stagnant Phlegm turns into Fire. Phlegm and Fire combine and rise to disturb the Heart and mind, causing agitation.

[Symptoms] Restlessness, insomnia, agitation and irritability; disturbing dreams, being easily startled, sometimes incoherent speech or inappropriate laughing and crying; chest fullness, a bitter taste and copious thick, yellow phlegm.

[Pulse]
Left cun (Heart): higher pulse frequency, broader pulse width

[Standard formula] Coptis Warm-Gallbladder Decoction","痰火擾心

【病機】痰濁が停滞して熱となり、痰と火が結びついて心神を乱す。

【症状】いらだって眠れず、落ち着きがなく怒りやすい。悪夢や驚き、重いときは支離滅裂な言葉や不安定な感情。胸のつかえ、口の苦味、黄色く粘る痰が多い。

【脈象】
左寸（心）：脈拍が多く、波の幅が広い。

【標準処方】黄連温胆湯","담화요심

【병기】정체된 담이 화로 변하고 담화가 함께 위로 올라 심과 정신을 어지럽혀 번조를 일으킨다.

【증상】불안·불면·번조·초조, 꿈이 많고 잘 놀라며 때로 말이 어눌하거나 부적절하게 웃고 운다. 흉민·입안의 쓴맛과 누렇고 끈끈한 가래가 많다.

【맥상】
좌촌(심): 맥박 수가 많고 맥폭이 넓다.

【표준 처방】황련온담탕"
UI_BOOK_ENTRY_TITLE_XIN_PI_LIANG_XU,心脾两虚,心脾兩虛,Heart and Spleen Deficiency,心脾両虚,심비양허
UI_BOOK_ENTRY_BODY_XIN_PI_LIANG_XU,"心脾两虚

【病机】思虑过度、劳倦伤脾、久病体虚、失血过多；脾气虚弱，气血生化不足，心血亏虚、心神失养，属气血两虚、虚证。

【症状】心悸怔忡、失眠多梦、健忘头晕；食欲不振、腹胀便溏、神疲乏力；面色萎黄或苍白、肢体倦怠；女子月经量少色淡、淋漓不尽。

【脉象】
左寸（心）：波线细
右关（脾）：波峰低

【标准方】归脾汤","心脾兩虛

【病機】思慮過度、勞倦傷脾、久病體虛、失血過多；脾氣虛弱，氣血生化不足，心血虧虛、心神失養，屬氣血兩虛、虛證。

【症狀】心悸怔忡、失眠多夢、...","HEART AND SPLEEN DEFICIENCY

[Pathogenesis] Overthinking, overwork, prolonged illness or blood loss weakens the Spleen. Insufficient production of Qi and blood depletes Heart blood, leaving the mind unnourished; this is a deficiency of both Qi and blood.

[Symptoms] Palpitations, insomnia with vivid dreams, forgetfulness and dizziness; poor appetite, bloating, loose stools and fatigue; a sallow or pale complexion and tired limbs; in women, scant pale menstrual flow or prolonged spotting.

[Pulse]
Left cun (Heart): thinner pulse line
Right guan (Spleen): decreased amplitude

[Standard formula] Restore the Spleen Decoction","心脾両虚

【病機】考えすぎや疲労、長患い、失血などで脾気が弱り、気血が十分に作られず、心血が不足して心神を養えない。気血両虚の虚証。

【症状】動悸、不眠、多夢、物忘れ、めまい。食欲不振、腹の張り、柔らかい便、疲労。顔色が黄色いか白く、手足がだるい。女性では月経量が少なく色が薄い、または出血が長引く。

【脈象】
左寸（心）：波線が細い。
右関（脾）：波の峰が低い。

【標準処方】帰脾湯","심비양허

【병기】과도한 생각과 노동, 오래된 병이나 출혈로 비가 약해진다. 기혈 생성이 부족해 심혈도 허해지고 정신을 자양하지 못한다.

【증상】두근거림·꿈이 많은 불면·건망·어지럼, 식욕 저하·복창·묽은 변·피로, 누렇거나 창백한 안색과 팔다리 피로가 있다. 여성은 월경량이 적거나 점상 출혈이 오래간다.

【맥상】
좌촌(심): 맥이 가늘다.
우관(비): 파폭이 낮다.

【표준 처방】귀비탕"
UI_BOOK_ENTRY_TITLE_GAN_HUO_SHANG_YAN,肝火上炎,肝火上炎,Liver Fire Blazing Upward,肝火上炎,간화상염
UI_BOOK_ENTRY_BODY_GAN_HUO_SHANG_YAN,"肝火上炎

【病机】肝郁化火、暴怒伤肝，肝火炽盛、气火上逆，属实热证。

【症状】头晕胀痛、面红目赤、急躁易怒；口苦口干、耳鸣耳聋、胁肋灼痛；失眠多梦、甚至狂躁；吐血、衄血。

【脉象】
左关（肝）：脉搏次数多

【标准方】龙胆泻肝汤","肝火上炎

【病機】肝鬱化火、暴怒傷肝，肝火熾盛、氣火上逆，屬實熱證。

【症狀】頭暈脹痛、面紅目赤、急躁易怒；口苦口乾、耳鳴耳聾、脅肋灼痛；失眠多夢、甚...","LIVER FIRE BLAZING UPWARD

[Pathogenesis] Constrained Liver Qi turns to Fire, or intense anger injures the Liver. Liver Fire blazes and Qi and Fire rise; this is an excess Heat pattern.

[Symptoms] Dizziness with a distending headache, a flushed face, red eyes and irritability; bitter and dry mouth, ringing in the ears or hearing loss, and burning pain along the ribs; insomnia and vivid dreams, possibly agitation; vomiting blood or nosebleeds.

[Pulse]
Left guan (Liver): higher pulse frequency

[Standard formula] Gentian Decoction to Drain the Liver","肝火上炎

【病機】肝気の鬱滞が火に変わるか、激怒で肝を傷め、肝火が強まって気と熱が上昇する実熱証。

【症状】頭の張る痛みとめまい、顔や目の赤み、怒りっぽさ。口の苦味と乾燥、耳鳴りや聞こえづらさ、脇腹の熱い痛み。不眠や多夢、重い場合は激しい興奮。吐血や鼻血。

【脈象】
左関（肝）：脈拍が多い。

【標準処方】竜胆瀉肝湯","간화상염

【병기】간기가 울체되어 화로 변하거나 심한 분노가 간을 상한다. 간화가 성해 기와 화가 위로 오르는 실열증이다.

【증상】어지럼과 팽창성 두통, 얼굴과 눈의 붉음·초조, 쓰고 마른 입, 이명 또는 청력 저하, 옆구리의 화끈한 통증이 있다. 불면과 꿈, 토혈이나 코피가 나타날 수 있다.

【맥상】
좌관(간): 맥박 수가 많다.

【표준 처방】용담사간탕"
UI_BOOK_ENTRY_TITLE_HAN_ZHI_GAN_MAI,寒滞肝脉,寒滯肝脈,Cold Stagnating in the Liver Channel,寒滞肝脈,한체간맥
UI_BOOK_ENTRY_BODY_HAN_ZHI_GAN_MAI,"寒滞肝脉

【病机】外感寒邪、凝滞肝经，肝脉拘急、气血阻滞、阳气被遏，属实寒证。

【症状】少腹冷痛、睾丸坠胀冷痛、疝气痛；巅顶头痛、畏寒喜暖、得温痛减、遇寒加重；四肢厥冷、面色青白。

【脉象】
左关（肝）：脉搏次数少

【标准方】暖肝煎","寒滯肝脈

【病機】外感寒邪、凝滯肝經，肝脈拘急、氣血阻滯、陽氣被遏，屬實寒證。

【症狀】少腹冷痛、睪丸墜脹冷痛、疝氣痛；巔頂頭痛、畏寒喜暖、得溫痛減、...","COLD STAGNATING IN THE LIVER CHANNEL

[Pathogenesis] External Cold congeals in the Liver channel, constricting its vessels, obstructing Qi and blood, and suppressing Yang. This is an excess Cold pattern.

[Symptoms] Cold pain in the lower abdomen; dragging, cold pain in the testicles or hernia pain; pain at the top of the head, aversion to cold, preference for warmth, relief with warmth and worsening with cold; icy limbs and a pale, bluish complexion.

[Pulse]
Left guan (Liver): lower pulse frequency

[Standard formula] Warm the Liver Decoction","寒滞肝脈

【病機】外から寒邪を受け、肝経に凝り滞る。肝脈が収縮し、気血が滞って陽気が妨げられる実寒証。

【症状】下腹部や精巣の冷える痛み、鼠径部の痛み。頭頂部の頭痛、寒がりで温かさを好み、温めると楽になり冷えると悪化する。手足がひどく冷え、顔色が青白い。

【脈象】
左関（肝）：脈拍が少ない。

【標準処方】暖肝煎","한체간맥

【병기】외한이 간경에 응체해 혈맥을 조이고 기혈을 막아 양기를 억누른다. 실한증이다.

【증상】하복부의 냉통, 고환으로 당기는 냉통이나 산통, 정수리 통증, 오한과 따뜻한 것을 좋아함, 따뜻하면 낫고 추우면 심해짐, 얼음처럼 찬 사지와 창백하거나 푸른 안색이 있다.

【맥상】
좌관(간): 맥박 수가 적다.

【표준 처방】난간전"
UI_BOOK_ENTRY_TITLE_GAN_QI_YU_JIE,肝气郁结,肝氣鬱結,Liver Qi Stagnation,肝気鬱結,간기울결
UI_BOOK_ENTRY_BODY_GAN_QI_YU_JIE,"肝气郁结

【病机】情志不遂，肝失疏泄，气机郁滞、经脉不畅。

【症状】胸胁、乳房、少腹胀痛走窜；情绪抑郁、易怒、善太息；咽部异物感（梅核气）、胸闷嗳气；女子月经不调、痛经。

【脉象】
左关（肝）：波峰高

【标准方】柴胡疏肝散","肝氣鬱結

【病機】情志不遂，肝失疏洩，氣機鬱滯、經脈不暢。

【症狀】胸脅、乳房、少腹脹痛走竄；情緒抑鬱、易怒、善太息；咽部異物感（梅核氣）、胸悶噯氣；...","LIVER QI STAGNATION

[Pathogenesis] Emotional frustration impairs the Liver's free flow, causing Qi to stagnate and the channels to become obstructed.

[Symptoms] Moving, distending pain in the chest, flanks, breasts or lower abdomen; low mood, irritability and frequent sighing; a lump sensation in the throat, chest tightness and belching; irregular or painful menstruation.

[Pulse]
Left guan (Liver): increased amplitude

[Standard formula] Bupleurum Liver-Soothing Powder","肝気鬱結

【病機】思いどおりにならないことが続き、肝の疏泄が乱れ、気と経脈の流れが滞る。

【症状】胸や脇、乳房、下腹部に移動する張った痛み。気分が沈み、怒りやすく、ため息が多い。喉の異物感、胸苦しさ、げっぷ。女性では月経不順や月経痛。

【脈象】
左関（肝）：波の峰が高い。

【標準処方】柴胡疏肝散","간기울결

【병기】정서적 좌절로 간의 소설이 막혀 기가 울체되고 경맥이 막힌다.

【증상】흉협·유방·하복부의 이동성 팽창통, 우울·초조·잦은 한숨, 목에 덩어리가 걸린 듯함, 흉민·트림, 월경 불규칙이나 통증이 있다.

【맥상】
좌관(간): 파폭이 높다.

【표준 처방】시호소간산"
UI_BOOK_ENTRY_TITLE_GAN_XUE_XU,肝血虚,肝血虛,Liver Blood Deficiency,肝血虚,간혈허
UI_BOOK_ENTRY_BODY_GAN_XUE_XU,"肝血虚

【病机】肝血不足，筋脉、目、爪甲、心神失于濡养。

【症状】头晕眼花、视力减退、视物模糊；爪甲干枯脆薄，肢体麻木、筋脉拘挛；面色淡白或萎黄，唇舌色淡；女子月经量少、色淡，甚则闭经；失眠多梦、易惊。

【脉象】
左关（肝）：波线细

【标准方】四物汤","肝血虛

【病機】肝血不足，筋脈、目、爪甲、心神失於濡養。

【症狀】頭暈眼花、視力減退、視物模糊；爪甲乾枯脆薄，肢體麻木、筋脈拘攣；面色淡白或萎黃，唇舌...","LIVER BLOOD DEFICIENCY

[Pathogenesis] Insufficient Liver blood fails to nourish the sinews, eyes, nails and mind.

[Symptoms] Dizziness, reduced vision and blurred sight; dry, brittle nails, numb limbs and muscle cramps; a pale or sallow complexion and pale lips and tongue; scant, pale menstruation or even absence of periods; restless sleep, vivid dreams and being easily startled.

[Pulse]
Left guan (Liver): thinner pulse line

[Standard formula] Four-Substance Decoction","肝血虚

【病機】肝血が不足し、筋や経脈、目、爪、心神が十分に養われない。

【症状】めまい、視力の低下とかすみ目。爪が乾いてもろく、手足のしびれや筋のひきつれ。顔色や唇、舌の色が薄い。女性では月経量が少なく色が薄い、重い場合は無月経。不眠、多夢、驚きやすさ。

【脈象】
左関（肝）：波線が細い。

【標準処方】四物湯","간혈허

【병기】간혈이 부족해 근·눈·손발톱과 정신을 자양하지 못한다.

【증상】어지럼과 시력 저하·흐릿함, 건조하고 잘 부서지는 손발톱, 사지 저림과 근육 경련, 창백하거나 누런 안색, 적고 옅은 월경 또는 무월경, 불안한 수면과 잦은 놀람이 있다.

【맥상】
좌관(간): 맥이 가늘다.

【표준 처방】사물탕"
UI_BOOK_ENTRY_TITLE_GAN_XUE_YU_ZHI,肝血瘀滞,肝血瘀滯,Liver Blood Stasis,肝血瘀滞,간혈어체
UI_BOOK_ENTRY_BODY_GAN_XUE_YU_ZHI,"肝血瘀滞

【病机】肝气失疏，血行凝滞，瘀血痹阻肝之脉络。

【症状】肌肤甲错，周身瘀斑、蛛丝红缕；胁肋刺痛胀满，情绪压抑、生气后疼痛加重。

【脉象】
左关（肝）：波线粗

【标准方】膈下逐瘀汤","肝血瘀滯

【病機】肝氣失疏，血行凝滯，瘀血痹阻肝之脈絡。

【症狀】肌膚甲錯，周身瘀斑、蛛絲紅縷；脅肋刺痛脹滿，情緒壓抑、生氣後疼痛加重。

【脈象】
...","LIVER BLOOD STASIS

[Pathogenesis] Impaired free flow of Liver Qi slows the blood. Blood stasis obstructs the Liver vessels.

[Symptoms] Dry, rough skin, bruising and fine red spider-like markings; stabbing, distending pain along the ribs, low mood and pain that worsens after anger.

[Pulse]
Left guan (Liver): thicker pulse line

[Standard formula] Drive Out Blood Stasis Below the Diaphragm Decoction","肝血瘀滞

【病機】肝の疏泄が乱れ、血が滞って瘀血が肝の脈絡を塞ぐ。

【症状】皮膚が乾いてざらつき、全身にあざや細い赤い筋が見える。脇腹が刺すように痛んで張り、気分が沈み、怒ると痛みが増す。

【脈象】
左関（肝）：波線が太い。

【標準処方】膈下逐瘀湯","간혈어체

【병기】간기의 소설이 막혀 혈행이 느려지고 어혈이 간맥을 막는다.

【증상】피부가 건조하고 거칠며 멍과 가느다란 거미줄 모양의 붉은 반점이 생긴다. 옆구리의 찌르는 듯한 팽창통과 우울이 있고 화를 내면 통증이 심해진다.

【맥상】
좌관(간): 맥이 굵다.

【표준 처방】격하축어탕"
UI_BOOK_ENTRY_TITLE_GAN_YIN_XU,肝阴虚,肝陰虛,Liver Yin Deficiency,肝陰虚,간음허
UI_BOOK_ENTRY_BODY_GAN_YIN_XU,"肝阴虚

【病机】情志化火、久病耗伤，肝阴不足、虚火内生、头目筋脉失养。

【症状】头晕耳鸣、两目干涩、视物昏花；胁肋隐隐灼痛、五心烦热；潮热盗汗、口燥咽干、面部烘热；手足蠕动、筋脉拘急。

【脉象】
左关（肝）：波线细，脉搏次数多，波宽窄

【标准方】一贯煎","肝陰虛

【病機】情志化火、久病耗傷，肝陰不足、虛火內生、頭目筋脈失養。

【症狀】頭暈耳鳴、兩目乾澀、視物昏花；脅肋隱隱灼痛、五心煩熱；潮熱盜汗、口燥咽...","LIVER YIN DEFICIENCY

[Pathogenesis] Emotional strain generating Fire or prolonged illness depletes Liver Yin. Deficiency Fire arises, leaving the head, eyes and sinews unnourished.

[Symptoms] Dizziness, tinnitus, dry eyes and blurred vision; a faint burning pain in the flanks and heat in the palms, soles and chest; tidal fever, night sweats, dry mouth and throat, and facial flushing; restless or twitching hands and feet with muscle cramps.

[Pulse]
Left guan (Liver): thinner pulse line, higher pulse frequency, narrower pulse width

[Standard formula] Linking Decoction","肝陰虚

【病機】情緒の乱れが熱に変わるか、長患いで消耗し、肝陰が不足する。虚熱が生じ、頭や目、筋脈が十分に養われない。

【症状】めまい、耳鳴り、目の乾きとかすみ。脇腹のかすかな熱い痛み、手足のほてり。午後からの熱感、寝汗、口と喉の乾燥、顔のほてり。手足がぴくつき、筋がひきつる。

【脈象】
左関（肝）：波線が細く、脈拍が多く、波の幅が狭い。

【標準処方】一貫煎","간음허

【병기】정서적 긴장으로 화가 생기거나 오래 앓아 간음이 소모된다. 허화가 생겨 머리·눈·근이 자양되지 못한다.

【증상】어지럼·이명·눈 건조·시야 흐림, 옆구리의 은은한 화끈거림, 손발바닥과 가슴의 열감, 조열·도한·마른 입과 목·얼굴 홍조가 있다. 손발이 떨리거나 근육 경련이 나타날 수 있다.

【맥상】
좌관(간): 맥이 가늘고 맥박 수가 많으며 맥폭이 좁다.

【표준 처방】일관전"
UI_BOOK_ENTRY_TITLE_GAN_YANG_SHANG_KANG,肝阳上亢,肝陽上亢,Liver Yang Rising,肝陽上亢,간양상항
UI_BOOK_ENTRY_BODY_GAN_YANG_SHANG_KANG,"肝阳上亢

【病机】肝肾阴虚，阴不制阳、肝阳升发太过、上扰头目，属本虚标实。

【症状】眩晕耳鸣、头目胀痛、面红目赤；急躁易怒、失眠多梦、腰膝酸软；头重脚轻、步履不稳。

【脉象】
左关（肝）：波峰高，脉搏次数多

【标准方】钩藤散","肝陽上亢

【病機】肝腎陰虛，陰不制陽、肝陽升發太過、上擾頭目，屬本虛標實。

【症狀】眩暈耳鳴、頭目脹痛、面紅目赤；急躁易怒、失眠多夢、腰膝酸軟；頭重腳...","LIVER YANG RISING

[Pathogenesis] Liver and Kidney Yin deficiency cannot restrain Yang. Liver Yang rises excessively to disturb the head and eyes: deficiency at the root, excess in the manifestation.

[Symptoms] Dizziness, tinnitus, a distending headache, a flushed face and red eyes; irritability, insomnia, vivid dreams and aching lower back and knees; a heavy head, light feeling in the feet and unsteady walking.

[Pulse]
Left guan (Liver): increased amplitude, higher pulse frequency

[Standard formula] Uncaria Powder","肝陽上亢

【病機】肝と腎の陰が不足し、陽を抑えられず、肝陽が過度に上昇して頭と目を乱す。根本は虚、現れは実。

【症状】めまいと耳鳴り、頭や目の張る痛み、顔と目の赤み。いらだち、不眠、多夢、腰や膝のだるさ。頭が重く足元がふらつく。

【脈象】
左関（肝）：波の峰が高く、脈拍が多い。

【標準処方】釣藤散","간양상항

【병기】간신음허가 양을 제어하지 못해 간양이 지나치게 올라 머리와 눈을 어지럽힌다. 근본은 허하고 겉으로는 실하다.

【증상】어지럼·이명·팽창성 두통·얼굴과 눈의 붉음, 초조·불면·꿈, 허리와 무릎의 시큰함, 머리는 무겁고 발은 가벼우며 걸음이 불안정하다.

【맥상】
좌관(간): 파폭과 맥박 수가 모두 높다.

【표준 처방】조구등산"
UI_BOOK_ENTRY_TITLE_GAN_PI_BU_HE,肝脾不和,肝脾不和,Liver-Spleen Disharmony,肝脾不和,간비불화
UI_BOOK_ENTRY_BODY_GAN_PI_BU_HE,"肝脾不和（肝郁脾虚）

【病机】情志不舒、肝气郁结，木旺克土；脾虚失运、肝气乘脾。

【症状】胸胁胀痛、善太息、情绪抑郁易怒；脘腹胀满、嗳气食少；腹痛泄泻、泻后痛减；食欲不振、肠鸣矢气多。

【脉象】
左关（肝）：波峰高
右关（脾）：波峰低

【标准方】逍遥散","肝脾不和（肝鬱脾虛）

【病機】情志不舒、肝氣鬱結，木旺克土；脾虛失運、肝氣乘脾。

【症狀】胸脅脹痛、善太息、情緒抑鬱易怒；脘腹脹滿、噯氣食少；腹痛洩瀉...","LIVER-SPLEEN DISHARMONY

[Pathogenesis] Emotional distress constrains Liver Qi, so Wood overacts on Earth. A weakened Spleen fails to transport properly, and Liver Qi overwhelms it.

[Symptoms] Distending pain in the chest and flanks, frequent sighing, low mood and irritability; abdominal fullness, belching and poor appetite; abdominal pain with diarrhea, relieved after a bowel movement; poor appetite, bowel sounds and frequent passing of gas.

[Pulse]
Left guan (Liver): increased amplitude
Right guan (Spleen): decreased amplitude

[Standard formula] Free and Easy Wanderer Powder","肝脾不和（肝鬱脾虚）

【病機】情緒の滞りで肝気が鬱結し、脾の働きを妨げる。脾も弱まり、肝気の影響を受けやすくなる。

【症状】胸と脇が張って痛み、ため息が多く、気分が沈んで怒りやすい。みぞおちと腹の張り、げっぷ、食欲不振。腹痛と下痢があり、排便後に痛みが和らぐ。腹が鳴り、ガスが多い。

【脈象】
左関（肝）：波の峰が高い。
右関（脾）：波の峰が低い。

【標準処方】逍遥散","간비불화

【병기】정서적 고통으로 간기가 울체되어 목이 토를 억누른다. 비가 약해 운화하지 못하고 간기가 비를 침범한다.

【증상】흉협 팽창통·잦은 한숨·우울·초조, 복부 팽만·트림·식욕 저하, 배변 후 줄어드는 복통과 설사, 장명과 잦은 방귀가 있다.

【맥상】
좌관(간): 파폭이 높다.
우관(비): 파폭이 낮다.

【표준 처방】소요산"
UI_BOOK_ENTRY_TITLE_SHEN_BU_NA_QI,肾不纳气,腎不納氣,Kidney Failure to Grasp Qi,腎不納気,신불납기
UI_BOOK_ENTRY_BODY_SHEN_BU_NA_QI,"肾不纳气

【病机】久病咳喘、年老肾虚、劳伤肾气；肾气亏虚，下元不固，不能摄纳肺气，气浮于上。属虚喘、肺肾两虚，无明显实邪。

【症状】喘促日久、呼多吸少、动则喘甚；气短不足以息、吸气浅表；腰膝酸软、神疲乏力；或自汗、语声低怯。

【脉象】
右寸（肺）：波峰低
右尺（肾阳）：波峰低

【标准方】人参蛤蚧散","腎不納氣

【病機】久病咳喘、年老腎虛、勞傷腎氣；腎氣虧虛，下元不固，不能攝納肺氣，氣浮於上。屬虛喘、肺腎兩虛，無明顯實邪。

【症狀】喘促日久、呼多吸少...","KIDNEY FAILURE TO GRASP QI

[Pathogenesis] Chronic coughing or wheezing, aging or overwork depletes Kidney Qi. The lower source cannot secure and draw down Lung Qi, which rises. This is deficiency wheezing involving both Lung and Kidney, without an obvious excess pathogen.

[Symptoms] Chronic wheezing with a short inhalation and long exhalation, worse with exertion; shortness of breath and shallow inhalation; weak or aching lower back and knees with fatigue; sometimes spontaneous sweating and a weak voice.

[Pulse]
Right cun (Lung): decreased amplitude
Right chi (Kidney Yang): decreased amplitude

[Standard formula] Ginseng and Gecko Powder","腎不納気

【病機】長く続く咳と喘ぎ、高齢や過労で腎気が不足し、肺から下りる気を腎が受け止められない。虚証の喘ぎで、肺と腎がともに弱い。

【症状】喘ぎが長引き、吐く息に比べ吸う息が浅く、動くと悪化する。息切れ、腰や膝のだるさ、疲労。自然に汗が出て、声が小さいこともある。

【脈象】
右寸（肺）：波の峰が低い。
右尺（腎陽）：波の峰が低い。

【標準処方】人参蛤蚧散","신불납기

【병기】만성 기침·천식, 노화·과로로 신기가 소모되어 하초가 폐기를 붙잡아 내리지 못한다. 폐신 양쪽의 허천이다.

【증상】들숨이 짧고 날숨이 긴 만성 천식, 움직이면 심해지는 숨참, 약하고 아픈 허리와 무릎·피로가 있다. 자한과 약한 목소리가 동반될 수 있다.

【맥상】
우촌(폐): 파폭이 낮다.
우척(신양): 파폭이 낮다.

【표준 처방】인삼합개산"
UI_BOOK_ENTRY_TITLE_SHEN_YIN_XU,肾阴虚,腎陰虛,Kidney Yin Deficiency,腎陰虚,신음허
UI_BOOK_ENTRY_BODY_SHEN_YIN_XU,"肾阴虚

【病机】久病耗伤、房劳过度、过服温燥，肾阴亏虚、虚火内生、失于滋养。

【症状】腰膝酸痛、眩晕耳鸣、健忘；潮热盗汗、五心烦热、口燥咽干；男子遗精早泄，女子经少、闭经或崩漏；形体消瘦、失眠多梦。

【脉象】
右尺（肾阳）：脉搏次数多
左尺（肾阴）：波线细，波宽窄

【标准方】六味地黄丸","腎陰虛

【病機】久病耗傷、房勞過度、過服溫燥，腎陰虧虛、虛火內生、失於滋養。

【症狀】腰膝酸痛、眩暈耳鳴、健忘；潮熱盜汗、五心煩熱、口燥咽乾；男子遺精...","KIDNEY YIN DEFICIENCY

[Pathogenesis] Prolonged illness, excessive sexual activity or too many warming and drying substances depletes Kidney Yin. Deficiency Fire arises and nourishment is lost.

[Symptoms] Aching lower back and knees, dizziness, tinnitus and forgetfulness; tidal fever, night sweats, heat in the palms, soles and chest, and dry mouth and throat; in men, nocturnal emissions or premature ejaculation; in women, scant or absent periods or abnormal uterine bleeding; weight loss, insomnia and vivid dreams.

[Pulse]
Right chi (Kidney Yang): higher pulse frequency
Left chi (Kidney Yin): thinner pulse line, narrower pulse width

[Standard formula] Six-Ingredient Rehmannia Pill","腎陰虚

【病機】長患いや房事の過度、温燥の薬の使いすぎなどで腎陰が不足し、虚熱が生じ、滋養が足りなくなる。

【症状】腰や膝のだるい痛み、めまい、耳鳴り、物忘れ。午後からの熱感、寝汗、手足のほてり、口と喉の乾燥。男性では遺精や早漏、女性では月経量の減少や無月経、不正出血。痩せ、不眠、多夢。

【脈象】
右尺（腎陽）：脈拍が多い。
左尺（腎陰）：波線が細く、波の幅が狭い。

【標準処方】六味地黄丸","신음허

【병기】오래된 병, 과도한 방사 또는 따뜻하고 마른 약물을 지나치게 써 신음이 소모된다. 허화가 생기고 자양이 부족해진다.

【증상】허리와 무릎의 시큰함, 어지럼·이명·건망, 조열·도한, 손발바닥과 가슴의 열감, 마른 입과 목이 있다. 남성은 유정·조루, 여성은 월경 감소·무월경이나 이상 자궁출혈이 나타날 수 있다.

【맥상】
우척(신양): 맥박 수가 많다.
좌척(신음): 맥이 가늘고 맥폭이 좁다.

【표준 처방】육미지황환"
UI_BOOK_ENTRY_TITLE_SHEN_YANG_XU,肾阳虚,腎陽虛,Kidney Yang Deficiency,腎陽虚,신양허
UI_BOOK_ENTRY_BODY_SHEN_YANG_XU,"肾阳虚

【病机】年老肾亏、久病伤阳、房劳耗损，肾阳亏虚、命门火衰、温煦气化无权。

【症状】腰膝冷痛、酸软无力；畏寒肢冷，尤以下肢为甚；精神萎靡、面色㿠白或黧黑；小便清长、夜尿多、遗尿；男子阳痿早泄，女子宫寒不孕、带下清稀；大便久泄不止、完谷不化、五更泄泻。

【脉象】
右尺（肾阳）：波峰低，脉搏次数少
左尺（肾阴）：波宽宽

【标准方】金匮肾气丸","腎陽虛

【病機】年老腎虧、久病傷陽、房勞耗損，腎陽虧虛、命門火衰、溫煦氣化無權。

【症狀】腰膝冷痛、酸軟無力；畏寒肢冷，尤以下肢為甚；精神萎靡、面色㿠...","KIDNEY YANG DEFICIENCY

[Pathogenesis] Aging, prolonged illness or sexual overexertion depletes Kidney Yang. The Fire of the Gate of Life weakens, impairing warmth and fluid transformation.

[Symptoms] Cold, aching and weak lower back and knees; aversion to cold and cold limbs, especially the legs; listlessness and a pale or dark complexion; copious clear urine, frequent urination at night and bed-wetting; in men, erectile dysfunction or premature ejaculation; in women, infertility associated with a cold uterus or thin, clear vaginal discharge; prolonged loose stools, undigested food or diarrhea before dawn.

[Pulse]
Right chi (Kidney Yang): decreased amplitude, lower pulse frequency
Left chi (Kidney Yin): broader pulse width

[Standard formula] Kidney Qi Pill from the Golden Cabinet","腎陽虚

【病機】高齢や長患い、房事による消耗で腎陽が衰え、体を温めて水を巡らせる働きが低下する。

【症状】腰や膝が冷えて痛み、力が入らない。特に下半身が冷える。元気がなく、顔色が白いか暗い。薄い尿が多く、夜間頻尿や尿漏れ。男性では勃起不全や早漏、女性では冷えによる不妊や水っぽい帯下。長引く下痢や未消化の便、夜明け前の下痢。

【脈象】
右尺（腎陽）：波の峰が低く、脈拍が少ない。
左尺（腎陰）：波の幅が広い。

【標準処方】金匱腎気丸","신양허

【병기】노화·만성병·과도한 방사로 신양이 소모된다. 명문의 불이 약해져 온후와 수액 기화가 손상된다.

【증상】허리와 무릎이 차고 시큰하며 힘이 없다. 추위와 찬 다리, 무력감과 창백하거나 어두운 안색, 맑은 소변이 많고 야뇨·유뇨가 있다. 남성은 발기부전·조루, 여성은 한성 자궁 불임·맑은 대하, 새벽 설사가 나타날 수 있다.

【맥상】
우척(신양): 파폭이 낮고 맥박 수가 적다.
좌척(신음): 맥폭이 넓다.

【표준 처방】금궤신기환"
UI_BOOK_ENTRY_TITLE_SHEN_XU_SHUI_FAN,肾虚水泛,腎虛水泛,Kidney Deficiency with Overflowing Water,腎虚水泛,신허수범
UI_BOOK_ENTRY_BODY_SHEN_XU_SHUI_FAN,"肾虚水泛

【病机】肾阳虚衰，气化无权，水湿内停，泛溢肌肤。

【症状】周身浮肿，腰以下肿甚，按之凹陷不起；腰膝酸软冷痛，畏寒肢冷；小便短少，或小便不利；心悸气短、喘咳痰稀如水；面色㿠白或灰黯。

【脉象】
右关（脾）：波宽宽
右尺（肾阳）：波峰低，脉搏次数少
左尺（肾阴）：波宽宽

【标准方】真武汤","腎虛水泛

【病機】腎陽虛衰，氣化無權，水濕內停，泛溢肌膚。

【症狀】周身浮腫，腰以下腫甚，按之凹陷不起；腰膝酸軟冷痛，畏寒肢冷；小便短少，或小便不利；...","KIDNEY DEFICIENCY WITH OVERFLOWING WATER

[Pathogenesis] Deficient Kidney Yang cannot transform fluids. Water and Dampness accumulate and overflow into the skin.

[Symptoms] Swelling throughout the body, worse below the waist and leaving an indentation when pressed; cold, aching and weak lower back and knees with aversion to cold and cold limbs; scant or difficult urination; palpitations, shortness of breath, wheezing or coughing with watery phlegm; a pale or grayish complexion.

[Pulse]
Right guan (Spleen): broader pulse width
Right chi (Kidney Yang): decreased amplitude, lower pulse frequency
Left chi (Kidney Yin): broader pulse width

[Standard formula] True Warrior Decoction","腎虚水泛

【病機】腎陽が衰えて水の代謝ができず、水湿が体内に停滞して皮膚にあふれる。

【症状】全身がむくみ、腰から下が特に腫れて、押すとへこんだまま戻りにくい。腰や膝が冷えて痛み、手足も冷える。尿量が少なく、排尿しにくい。動悸、息切れ、水のように薄い痰を伴う咳。顔色が白いか灰色がかる。

【脈象】
右関（脾）：波の幅が広い。
右尺（腎陽）：波の峰が低く、脈拍が少ない。
左尺（腎陰）：波の幅が広い。

【標準処方】真武湯","신허수범

【병기】신양허로 수액을 기화하지 못해 수습이 쌓이고 피부로 넘친다.

【증상】온몸이 붓고 허리 아래가 심하며 눌렀을 때 자국이 남는다. 차고 아픈 허리와 무릎, 오한과 찬 사지, 소변 감소·배뇨 곤란, 두근거림·숨참·천식과 묽은 가래가 있다.

【맥상】
우관(비): 맥폭이 넓다.
우척(신양): 파폭이 낮고 맥박 수가 적다.
좌척(신음): 맥폭이 넓다.

【표준 처방】진무탕"
UI_BOOK_ENTRY_TITLE_SHEN_JING_BU_ZU,肾精不足,腎精不足,Kidney Essence Deficiency,腎精不足,신정부족
UI_BOOK_ENTRY_BODY_SHEN_JING_BU_ZU,"肾精不足

【病机】先天禀赋不足、后天耗伤太过、久病及肾、房劳过度，肾精亏少，不能充养骨骼、脑髓、生殖之本。

【症状】小儿五迟五软：立迟、行迟、语迟、发迟、齿迟；囟门迟闭、智力低下、身材矮小。
成人脑髓失养：头晕耳鸣、健忘失眠、精神迟钝；早衰特征：发脱齿摇、须发早白；骨骼失养：腰膝酸软、足痿无力生殖亏虚：男子精少不育；女子经闭、不孕。

【脉象】
右尺（肾阳）：波峰低
左尺（肾阴）：波线细

【标准方】左归丸","腎精不足

【病機】先天稟賦不足、後天耗傷太過、久病及腎、房勞過度，腎精虧少，不能充養骨骼、腦髓、生殖之本。

【症狀】小兒五遲五軟：立遲、行遲、語遲、發...","KIDNEY ESSENCE DEFICIENCY

[Pathogenesis] Weak congenital endowment, excessive later-life depletion, chronic illness or sexual overexertion reduces Kidney essence, which can no longer nourish the bones, brain and reproductive system.

[Symptoms] In children, the 'five delays and five weaknesses': late standing, walking, speech, hair growth and tooth eruption; delayed fontanelle closure, impaired intellectual development and short stature.
In adults, poor nourishment of the brain may cause dizziness, tinnitus, forgetfulness, insomnia and slowed thinking; early aging may cause hair loss, loose teeth or prematurely gray hair. Poor nourishment of the bones can cause weak lower back, knees and legs. Reproductive deficiency may cause low sperm count or infertility in men, and absent periods or infertility in women.

[Pulse]
Right chi (Kidney Yang): decreased amplitude
Left chi (Kidney Yin): thinner pulse line

[Standard formula] Restore the Left Pill","腎精不足

【病機】先天的な不足や過度の消耗、長患い、房事のしすぎで腎精が減り、骨、脳、生殖の基礎を養えない。

【症状】小児では立つ、歩く、話す、髪や歯の発育が遅く、頭の泉門が閉じるのも遅い。発達の遅れや低身長。成人ではめまい、耳鳴り、物忘れ、不眠、反応の鈍さ。抜け毛や歯のぐらつき、若白髪、腰や膝のだるさ、脚の弱り。男性では精子の不足と不妊、女性では無月経や不妊。

【脈象】
右尺（腎陽）：波の峰が低い。
左尺（腎陰）：波線が細い。

【標準処方】左帰丸","신정부족

【병기】선천 부족, 후천적 소모, 만성병이나 과도한 방사로 신정이 줄어 골·뇌·생식계를 자양하지 못한다.

【증상】소아는 서기·걷기·말하기·발모·치아 나기 지연과 지능 발달 지연, 작은 키가 나타난다. 성인은 어지럼·이명·건망·불면과 사고 둔화, 조기 노화·탈모·치아 흔들림, 허리·무릎·다리의 무력, 남성 정자 감소·불임과 여성 무월경·불임이 나타날 수 있다.

【맥상】
우척(신양): 파폭이 낮다.
좌척(신음): 맥이 가늘다.

【표준 처방】좌귀환"
UI_BOOK_ENTRY_TITLE_SHEN_QI_BU_GU,肾气不固,腎氣不固,Kidney Qi Failing to Secure,腎気不固,신기불고
UI_BOOK_ENTRY_BODY_SHEN_QI_BU_GU,"肾气不固

【病机】久病劳损、年老体弱、房事不节，肾气亏虚、封藏固摄无权，偏虚证、无明显寒热。

【症状】腰膝酸软、神疲乏力，耳鸣；小便频数清长、夜尿多、遗尿、小便失禁；男子：滑精、早泄；女子：带下清稀量多、胎动易滑。

【脉象】
右尺（肾阳）：波峰低
左尺（肾阴）：波宽宽

【标准方】金锁固精丸","腎氣不固

【病機】久病勞損、年老體弱、房事不節，腎氣虧虛、封藏固攝無權，偏虛證、無明顯寒熱。

【症狀】腰膝酸軟、神疲乏力，耳鳴；小便頻數清長、夜尿多、...","KIDNEY QI FAILING TO SECURE

[Pathogenesis] Chronic illness, aging or sexual overexertion depletes Kidney Qi, weakening its ability to store and secure. This is mainly a deficiency pattern without marked Cold or Heat.

[Symptoms] Aching and weak lower back and knees, fatigue and tinnitus; frequent, copious clear urination, nighttime urination, bed-wetting or incontinence; in men, involuntary semen leakage or premature ejaculation; in women, copious thin, clear vaginal discharge or recurrent signs of threatened miscarriage.

[Pulse]
Right chi (Kidney Yang): decreased amplitude
Left chi (Kidney Yin): broader pulse width

[Standard formula] Metal Lock Pill to Secure the Essence","腎気不固

【病機】長患いや疲労、高齢、房事の不摂生で腎気が不足し、蓄える力が弱まる。目立った寒熱のない虚証。

【症状】腰や膝のだるさ、疲労、耳鳴り。尿の回数が増え、薄い尿や夜間頻尿、尿漏れがある。男性では遺精や早漏、女性では水っぽい帯下が多く、妊娠を維持しにくい。

【脈象】
右尺（腎陽）：波の峰が低い。
左尺（腎陰）：波の幅が広い。

【標準処方】金鎖固精丸","신기불고

【병기】만성병·노화·과도한 방사로 신기가 소모되어 저장하고 굳게 지키는 힘이 약해진다. 뚜렷한 한열이 없는 허증이다.

【증상】허리와 무릎의 시큰함과 무력, 피로·이명, 맑은 소변을 자주 많이 봄, 야뇨·유뇨·실금이 있다. 남성은 유정·조루, 여성은 맑은 대하나 반복되는 유산 징후가 나타날 수 있다.

【맥상】
우척(신양): 파폭이 낮다.
좌척(신음): 맥폭이 넓다.

【표준 처방】금쇄고정환"
UI_BOOK_ENTRY_TITLE_REN_SHEN_DISEASE,妊娠,妊娠,Pregnancy,妊娠,임신
UI_BOOK_ENTRY_BODY_REN_SHEN_DISEASE,"妊娠

【病机】气血下聚冲任以养胎元，母体气血为胎元之本。胎之成，成于肾；胎之养，养于脾。

【症状】恶心呕吐，食入即吐、厌油腻、头晕倦怠；


【脉象】

右关（脾）：波宽宽
右尺（肾阳）：波峰高
左尺（肾阴）：波线粗

【标准方】泰山磐石散","妊娠

【病機】氣血下聚衝任以養胎元，母體氣血為胎元之本。胎之成，成於腎；胎之養，養於脾。

【症狀】惡心嘔吐，食入即吐、厭油膩、頭暈倦怠；


【脈象】...","PREGNANCY

[Pathogenesis] Qi and blood gather in the Chong and Ren vessels to nourish the fetus. Maternal Qi and blood sustain fetal growth: the Kidney supports its formation and the Spleen its nourishment.

[Symptoms] Nausea and vomiting, sometimes immediately after eating, aversion to greasy foods, dizziness and fatigue.

[Pulse]
Right guan (Spleen): broader pulse width
Right chi (Kidney Yang): increased amplitude
Left chi (Kidney Yin): thicker pulse line

[Standard formula] Mount Tai Rock-Solid Powder","妊娠

【病機】気血が衝脈と任脈に集まって胎児を養う。母の気血が胎児の基礎となり、胎児は腎により生じ、脾によって養われる。

【症状】吐き気と嘔吐、食べると吐く、脂っこいものを嫌う。めまいと倦怠感。

【脈象】
右関（脾）：波の幅が広い。
右尺（腎陽）：波の峰が高い。
左尺（腎陰）：波線が太い。

【標準処方】泰山磐石散","임신

【병기】태아를 기르기 위해 기혈이 충맥과 임맥에 모인다. 신은 태아의 형성을 돕고 비는 자양을 맡는다.

【증상】구역과 구토, 식후 즉시 토함, 기름진 음식 혐오, 어지럼과 피로가 나타난다.

【맥상】
우관(비): 맥폭이 넓다.
우척(신양): 파폭이 높다.
좌척(신음): 맥이 굵다.

【표준 처방】태산반석산"
UI_BOOK_ENTRY_TITLE_XIN_SHEN_BU_JIAO,心肾不交,心腎不交,Heart-Kidney Disharmony,心腎不交,심신불교
UI_BOOK_ENTRY_BODY_XIN_SHEN_BU_JIAO,"心肾不交

【病机】肾阴不足，不能上滋心火；心火偏亢，不能下温肾水，水火失济、阴阳失调。多由劳神过度、久病耗阴、情志郁而化火所致，多属阴虚火旺。

【症状】心火亢于上：心烦失眠、多梦易醒、心悸怔忡、口舌生疮；肾阴亏于下：腰膝酸软、眩晕耳鸣、潮热盗汗、五心烦热；失眠多梦 ， 腰膝酸软 ， 夜寐不安。

【脉象】
左寸（心）：脉搏次数多
左尺（肾阴）：波线细，波宽窄
右尺（肾阳）：脉搏次数多

【标准方】黄连阿胶汤","心腎不交

【病機】腎陰不足，不能上滋心火；心火偏亢，不能下溫腎水，水火失濟、陰陽失調。多由勞神過度、久病耗陰、情志鬱而化火所致，多屬陰虛火旺。

【症狀...","HEART-KIDNEY DISHARMONY

[Pathogenesis] Insufficient Kidney Yin fails to nourish the Heart, while excessive Heart Fire cannot descend to the Kidney. Water and Fire fail to balance, disturbing Yin and Yang. Overwork, chronic illness or emotional constraint turning to Fire may contribute; this is generally Yin deficiency with exuberant Fire.

[Symptoms] Heart Fire above: restlessness, insomnia, frequent waking from dreams, palpitations and mouth sores; Kidney Yin deficiency below: aching lower back and knees, dizziness, tinnitus, tidal fever, night sweats and heat in the palms, soles and chest; troubled sleep with vivid dreams and persistent weakness in the lower back and knees.

[Pulse]
Left cun (Heart): higher pulse frequency
Left chi (Kidney Yin): thinner pulse line, narrower pulse width
Right chi (Kidney Yang): higher pulse frequency

[Standard formula] Coptis and Donkey-Hide Gelatin Decoction","心腎不交

【病機】腎陰が不足して心火を抑えられず、心火が強まって心と腎の調和が崩れる。過労や長患い、情緒の鬱滞による熱が原因となりやすい陰虚火旺。

【症状】上ではいらだち、不眠、多夢、動悸、口内炎。下では腰や膝のだるさ、めまい、耳鳴り、午後からの熱感、寝汗、手足のほてり。眠りが浅い。

【脈象】
左寸（心）：脈拍が多い。
左尺（腎陰）：波線が細く、波の幅が狭い。
右尺（腎陽）：脈拍が多い。

【標準処方】黄連阿膠湯","심신불교

【병기】신음이 부족해 심을 자양하지 못하고, 심화가 아래로 내려가지 못한다. 수화가 조화를 잃어 음양이 어지러워진다.

【증상】심화가 위에 있어 번조·불면·꿈에 자주 깸·두근거림·구내염이 나타나고, 아래에는 신음허로 허리와 무릎 통증·어지럼·이명·조열·도한·열감이 나타난다.

【맥상】
좌촌(심): 맥박 수가 많다.
좌척(신음): 맥이 가늘고 맥폭이 좁다.
우척(신양): 맥박 수가 많다.

【표준 처방】황련아교탕"
UI_BOOK_ENTRY_TITLE_QI_FEN_RE_SHENG,气分热盛,氣分熱盛,Exuberant Heat at the Qi Level,気分熱盛,기분열성
UI_BOOK_ENTRY_BODY_QI_FEN_RE_SHENG,"气分热盛

【病机】外感温热病邪入里，邪热炽盛、入居气分、里热蒸腾、正邪剧争，属实热证。

【症状】大热：全身壮热、不恶寒反恶热；大汗：热迫津泄、大汗出；大渴：口大渴、喜冷饮；脉洪大。

【脉象】
浮脉（表）：波峰高（轻微），脉搏次数多（轻微），波宽窄（轻微）
左寸（心）：波峰高（轻微），脉搏次数多（轻微），波宽窄（轻微）
右寸（肺）：波峰高（剧烈），脉搏次数多（剧烈），波宽窄（剧烈）
右关（脾）：波峰高（剧烈），脉搏次数多（剧烈），波宽窄（剧烈）

【标准方】白虎汤","氣分熱盛

【病機】外感溫熱病邪入裡，邪熱熾盛、入居氣分、裡熱蒸騰、正邪劇爭，屬實熱證。

【症狀】大熱：全身壯熱、不惡寒反惡熱；大汗：熱迫津洩、大汗出；...","EXUBERANT HEAT AT THE QI LEVEL

[Pathogenesis] An external warm pathogen enters the interior and blazes at the Qi level. Internal Heat rises as the body's defenses struggle against it; this is an excess Heat pattern.

[Symptoms] Intense fever with aversion to heat rather than cold; profuse sweating as Heat forces fluids outward; intense thirst with a preference for cold drinks; a surging, large pulse.

[Pulse]
Floating pulse (Exterior): slightly increased amplitude, slightly higher pulse frequency, slightly narrower pulse width
Left cun (Heart): slightly increased amplitude, slightly higher pulse frequency, slightly narrower pulse width
Right cun (Lung): markedly increased amplitude, markedly higher pulse frequency, markedly narrower pulse width
Right guan (Spleen): markedly increased amplitude, markedly higher pulse frequency, markedly narrower pulse width

[Standard formula] White Tiger Decoction","気分熱盛

【病機】温熱の邪が体内深く入り、気分に強い熱がこもって正気と激しく争う実熱証。

【症状】高熱：全身が強く熱し、寒気より熱さを嫌う。大量の汗：熱で津液が流れ出る。強い渇き：冷たい飲み物を欲する。脈は大きく力強い。

【脈象】
浮脈（表）：波の峰がやや高く、脈拍がやや多く、波の幅がやや狭い。
左寸（心）：波の峰がやや高く、脈拍がやや多く、波の幅がやや狭い。
右寸（肺）：波の峰が著しく高く、脈拍が著しく多く、波の幅が著しく狭い。
右関（脾）：波の峰が著しく高く、脈拍が著しく多く、波の幅が著しく狭い。

【標準処方】白虎湯","기분열성

【병기】외감 온사가 속으로 들어가 기분에서 성해진다. 몸의 방어와 사기가 다투며 속열이 치솟는 실열증이다.

【증상】심한 발열과 열을 싫어함, 열이 진액을 밖으로 밀어내는 많은 땀, 찬물을 찾는 심한 갈증, 홍대유력맥이 나타난다.

【맥상】
부맥(표): 파폭과 맥박 수가 약간 높고 맥폭이 약간 좁다.
좌촌(심): 파폭과 맥박 수가 약간 높고 맥폭이 약간 좁다.
우촌(폐): 파폭과 맥박 수가 뚜렷하게 높고 맥폭이 뚜렷하게 좁다.
우관(비): 파폭과 맥박 수가 뚜렷하게 높고 맥폭이 뚜렷하게 좁다.

【표준 처방】백호탕"
UI_DISEASE_SYMPTOM_FENG_HAN_BIAO_SHI_ZHENG_01,不舒服,不舒服,feeling unwell,具合が悪い,몸이 불편해요
UI_DISEASE_SYMPTOM_FENG_HAN_BIAO_SHI_ZHENG_02,发烧,發燒,running a fever,熱がある,열이 나요
UI_DISEASE_SYMPTOM_FENG_HAN_BIAO_SHI_ZHENG_03,咳嗽,咳嗽,coughing,咳が出る,기침이 나요
UI_DISEASE_SYMPTOM_FENG_HAN_BIAO_XU_ZHENG_01,不舒服,不舒服,feeling unwell,具合が悪い,몸이 불편해요
UI_DISEASE_SYMPTOM_FENG_HAN_BIAO_XU_ZHENG_02,发烧,發燒,running a fever,熱がある,열이 나요
UI_DISEASE_SYMPTOM_FENG_HAN_BIAO_XU_ZHENG_03,咳嗽,咳嗽,coughing,咳が出る,기침이 나요
UI_DISEASE_SYMPTOM_FENG_RE_BIAO_ZHENG_01,不舒服,不舒服,feeling unwell,具合が悪い,몸이 불편해요
UI_DISEASE_SYMPTOM_FENG_RE_BIAO_ZHENG_02,发烧,發燒,running a fever,熱がある,열이 나요
UI_DISEASE_SYMPTOM_FENG_RE_BIAO_ZHENG_03,咳嗽,咳嗽,coughing,咳が出る,기침이 나요
UI_DISEASE_SYMPTOM_WEN_ZAO_ZHENG_01,不舒服,不舒服,feeling unwell,具合が悪い,몸이 불편해요
UI_DISEASE_SYMPTOM_WEN_ZAO_ZHENG_02,发烧,發燒,running a fever,熱がある,열이 나요
UI_DISEASE_SYMPTOM_WEN_ZAO_ZHENG_03,咳嗽,咳嗽,coughing,咳が出る,기침이 나요
UI_DISEASE_SYMPTOM_LIANG_ZAO_ZHENG_01,不舒服,不舒服,feeling unwell,具合が悪い,몸이 불편해요
UI_DISEASE_SYMPTOM_LIANG_ZAO_ZHENG_02,发烧,發燒,running a fever,熱がある,열이 나요
UI_DISEASE_SYMPTOM_LIANG_ZAO_ZHENG_03,咳嗽,咳嗽,coughing,咳が出る,기침이 나요
UI_DISEASE_SYMPTOM_WEI_QI_XU_01,不舒服,不舒服,feeling unwell,具合が悪い,몸이 불편해요
UI_DISEASE_SYMPTOM_WEI_QI_XU_02,经常感冒,經常感冒,catching colds often,風邪をひきやすい,자주 감기에 걸려요
UI_DISEASE_SYMPTOM_TONG_BI_01,不舒服,不舒服,feeling unwell,具合が悪い,몸이 불편해요
UI_DISEASE_SYMPTOM_TONG_BI_02,关节疼,關節疼,having joint pain,関節が痛い,관절이 아파요
UI_DISEASE_SYMPTOM_RE_BI_01,不舒服,不舒服,feeling unwell,具合が悪い,몸이 불편해요
UI_DISEASE_SYMPTOM_RE_BI_02,关节疼,關節疼,having joint pain,関節が痛い,관절이 아파요
UI_DISEASE_SYMPTOM_ZHUO_BI_01,不舒服,不舒服,feeling unwell,具合が悪い,몸이 불편해요
UI_DISEASE_SYMPTOM_ZHUO_BI_02,关节疼,關節疼,having joint pain,関節が痛い,관절이 아파요
UI_DISEASE_SYMPTOM_XING_BI_01,不舒服,不舒服,feeling unwell,具合が悪い,몸이 불편해요
UI_DISEASE_SYMPTOM_XING_BI_02,关节疼,關節疼,having joint pain,関節が痛い,관절이 아파요
UI_DISEASE_SYMPTOM_FEI_RE_YONG_SHENG_01,不舒服,不舒服,feeling unwell,具合が悪い,몸이 불편해요
UI_DISEASE_SYMPTOM_FEI_RE_YONG_SHENG_02,发烧,發燒,running a fever,熱がある,열이 나요
UI_DISEASE_SYMPTOM_FEI_RE_YONG_SHENG_03,咳嗽,咳嗽,coughing,咳が出る,기침이 나요
UI_DISEASE_SYMPTOM_FEI_QI_XU_01,不舒服,不舒服,feeling unwell,具合が悪い,몸이 불편해요
UI_DISEASE_SYMPTOM_FEI_QI_XU_02,咳嗽,咳嗽,coughing,咳が出る,기침이 나요
UI_DISEASE_SYMPTOM_FEI_QI_XU_03,胸闷气短,胸悶氣短,feeling tightness in my chest and short of breath,胸が苦しく、息切れする,가슴이 답답하고 숨이 차요
UI_DISEASE_SYMPTOM_TAN_SHI_ZU_FEI_01,不舒服,不舒服,feeling unwell,具合が悪い,몸이 불편해요
UI_DISEASE_SYMPTOM_TAN_SHI_ZU_FEI_02,痰多,痰多,bringing up a lot of phlegm,痰が多い,가래가 많이 나와요
UI_DISEASE_SYMPTOM_TAN_SHI_ZU_FEI_03,咳嗽,咳嗽,coughing,咳が出る,기침이 나요
UI_DISEASE_SYMPTOM_FEI_YIN_XU_01,不舒服,不舒服,feeling unwell,具合が悪い,몸이 불편해요
UI_DISEASE_SYMPTOM_FEI_YIN_XU_02,咳嗽,咳嗽,coughing,咳が出る,기침이 나요
UI_DISEASE_SYMPTOM_TAN_RE_YONG_FEI_01,不舒服,不舒服,feeling unwell,具合が悪い,몸이 불편해요
UI_DISEASE_SYMPTOM_TAN_RE_YONG_FEI_02,发烧,發燒,running a fever,熱がある,열이 나요
UI_DISEASE_SYMPTOM_TAN_RE_YONG_FEI_03,痰多,痰多,bringing up a lot of phlegm,痰が多い,가래가 많이 나와요
UI_DISEASE_SYMPTOM_TAN_RE_YONG_FEI_04,咳嗽,咳嗽,coughing,咳が出る,기침이 나요
UI_DISEASE_SYMPTOM_BIAO_HAN_LI_RE_01,不舒服,不舒服,feeling unwell,具合が悪い,몸이 불편해요
UI_DISEASE_SYMPTOM_BIAO_HAN_LI_RE_02,时冷时热,時冷時熱,alternating between chills and fever,寒気と熱感を繰り返す,오한과 발열이 번갈아 나타나요
UI_DISEASE_SYMPTOM_BIAO_HAN_LI_RE_03,痰多,痰多,bringing up a lot of phlegm,痰が多い,가래가 많이 나와요
UI_DISEASE_SYMPTOM_BIAO_HAN_LI_RE_04,咳嗽,咳嗽,coughing,咳が出る,기침이 나요
UI_DISEASE_SYMPTOM_BIAO_HAN_LI_YIN_01,不舒服,不舒服,feeling unwell,具合が悪い,몸이 불편해요
UI_DISEASE_SYMPTOM_BIAO_HAN_LI_YIN_02,痰多,痰多,bringing up a lot of phlegm,痰が多い,가래가 많이 나와요
UI_DISEASE_SYMPTOM_BIAO_HAN_LI_YIN_03,咳嗽,咳嗽,coughing,咳が出る,기침이 나요
UI_DISEASE_SYMPTOM_PI_QI_XU_01,不舒服,不舒服,feeling unwell,具合が悪い,몸이 불편해요
UI_DISEASE_SYMPTOM_PI_QI_XU_02,拉肚子,拉肚子,having diarrhea,下痢をする,설사를 해요
UI_DISEASE_SYMPTOM_SHI_SHENG_KUN_PI_01,不舒服,不舒服,feeling unwell,具合が悪い,몸이 불편해요
UI_DISEASE_SYMPTOM_SHI_SHENG_KUN_PI_02,拉肚子,拉肚子,having diarrhea,下痢をする,설사를 해요
UI_DISEASE_SYMPTOM_PI_YANG_XU_01,不舒服,不舒服,feeling unwell,具合が悪い,몸이 불편해요
UI_DISEASE_SYMPTOM_PI_YANG_XU_02,拉肚子,拉肚子,having diarrhea,下痢をする,설사를 해요
UI_DISEASE_SYMPTOM_PI_YANG_XU_03,肚子疼,肚子疼,having abdominal pain,腹が痛い,배가 아파요
UI_DISEASE_SYMPTOM_PI_XU_SHI_SHENG_01,不舒服,不舒服,feeling unwell,具合が悪い,몸이 불편해요
UI_DISEASE_SYMPTOM_PI_XU_SHI_SHENG_02,拉肚子,拉肚子,having diarrhea,下痢をする,설사를 해요
UI_DISEASE_SYMPTOM_WAI_GAN_FENG_HAN_NEI_SHANG_SHI_ZHI_01,不舒服,不舒服,feeling unwell,具合が悪い,몸이 불편해요
UI_DISEASE_SYMPTOM_WAI_GAN_FENG_HAN_NEI_SHANG_SHI_ZHI_02,发烧,發燒,running a fever,熱がある,열이 나요
UI_DISEASE_SYMPTOM_WAI_GAN_FENG_HAN_NEI_SHANG_SHI_ZHI_03,拉肚子,拉肚子,having diarrhea,下痢をする,설사를 해요
UI_DISEASE_SYMPTOM_HAN_NING_XIN_MAI_01,不舒服,不舒服,feeling unwell,具合が悪い,몸이 불편해요
UI_DISEASE_SYMPTOM_HAN_NING_XIN_MAI_02,心神不宁,心神不寧,feeling restless and uneasy,落ち着かない,마음이 불안하고 초조해요
UI_DISEASE_SYMPTOM_HAN_NING_XIN_MAI_03,胸闷气短,胸悶氣短,feeling tightness in my chest and short of breath,胸が苦しく、息切れする,가슴이 답답하고 숨이 차요
UI_DISEASE_SYMPTOM_XIN_HUO_KANG_SHENG_01,不舒服,不舒服,feeling unwell,具合が悪い,몸이 불편해요
UI_DISEASE_SYMPTOM_XIN_HUO_KANG_SHENG_02,心神不宁,心神不寧,feeling restless and uneasy,落ち着かない,마음이 불안하고 초조해요
UI_DISEASE_SYMPTOM_XIN_HUO_KANG_SHENG_03,失眠多梦,失眠多夢,sleeping poorly and having frequent dreams,眠れず、夢をよく見る,잠을 잘 못 자고 꿈을 자주 꿔요
UI_DISEASE_SYMPTOM_TAN_MI_XIN_QIAO_01,不舒服,不舒服,feeling unwell,具合が悪い,몸이 불편해요
UI_DISEASE_SYMPTOM_TAN_MI_XIN_QIAO_02,痰多,痰多,bringing up a lot of phlegm,痰が多い,가래가 많이 나와요
UI_DISEASE_SYMPTOM_TAN_MI_XIN_QIAO_03,胸闷气短,胸悶氣短,feeling tightness in my chest and short of breath,胸が苦しく、息切れする,가슴이 답답하고 숨이 차요
UI_DISEASE_SYMPTOM_XIN_QI_XU_01,不舒服,不舒服,feeling unwell,具合が悪い,몸이 불편해요
UI_DISEASE_SYMPTOM_XIN_QI_XU_02,心神不宁,心神不寧,feeling restless and uneasy,落ち着かない,마음이 불안하고 초조해요
UI_DISEASE_SYMPTOM_XIN_QI_XU_03,胸闷气短,胸悶氣短,feeling tightness in my chest and short of breath,胸が苦しく、息切れする,가슴이 답답하고 숨이 차요
UI_DISEASE_SYMPTOM_XIN_MAI_YU_ZU_01,不舒服,不舒服,feeling unwell,具合が悪い,몸이 불편해요
UI_DISEASE_SYMPTOM_XIN_MAI_YU_ZU_02,心神不宁,心神不寧,feeling restless and uneasy,落ち着かない,마음이 불안하고 초조해요
UI_DISEASE_SYMPTOM_XIN_MAI_YU_ZU_03,胸闷气短,胸悶氣短,feeling tightness in my chest and short of breath,胸が苦しく、息切れする,가슴이 답답하고 숨이 차요
UI_DISEASE_SYMPTOM_XIN_MAI_YU_ZU_04,胸口疼,胸口疼,having chest pain,胸が痛い,가슴이 아파요
UI_DISEASE_SYMPTOM_XIN_YIN_XU_01,不舒服,不舒服,feeling unwell,具合が悪い,몸이 불편해요
UI_DISEASE_SYMPTOM_XIN_YIN_XU_02,心神不宁,心神不寧,feeling restless and uneasy,落ち着かない,마음이 불안하고 초조해요
UI_DISEASE_SYMPTOM_XIN_YIN_XU_03,失眠多梦,失眠多夢,sleeping poorly and having frequent dreams,眠れず、夢をよく見る,잠을 잘 못 자고 꿈을 자주 꿔요
UI_DISEASE_SYMPTOM_XIN_YANG_XU_01,不舒服,不舒服,feeling unwell,具合が悪い,몸이 불편해요
UI_DISEASE_SYMPTOM_XIN_YANG_XU_02,心神不宁,心神不寧,feeling restless and uneasy,落ち着かない,마음이 불안하고 초조해요
UI_DISEASE_SYMPTOM_XIN_YANG_XU_03,胸闷气短,胸悶氣短,feeling tightness in my chest and short of breath,胸が苦しく、息切れする,가슴이 답답하고 숨이 차요
UI_DISEASE_SYMPTOM_TAN_HUO_RAO_XIN_01,不舒服,不舒服,feeling unwell,具合が悪い,몸이 불편해요
UI_DISEASE_SYMPTOM_TAN_HUO_RAO_XIN_02,心神不宁,心神不寧,feeling restless and uneasy,落ち着かない,마음이 불안하고 초조해요
UI_DISEASE_SYMPTOM_TAN_HUO_RAO_XIN_03,失眠多梦,失眠多夢,sleeping poorly and having frequent dreams,眠れず、夢をよく見る,잠을 잘 못 자고 꿈을 자주 꿔요
UI_DISEASE_SYMPTOM_XIN_PI_LIANG_XU_01,不舒服,不舒服,feeling unwell,具合が悪い,몸이 불편해요
UI_DISEASE_SYMPTOM_XIN_PI_LIANG_XU_02,心神不宁,心神不寧,feeling restless and uneasy,落ち着かない,마음이 불안하고 초조해요
UI_DISEASE_SYMPTOM_XIN_PI_LIANG_XU_03,头晕,頭暈,feeling dizzy,めまいがする,어지러워요
UI_DISEASE_SYMPTOM_XIN_PI_LIANG_XU_04,失眠多梦,失眠多夢,sleeping poorly and having frequent dreams,眠れず、夢をよく見る,잠을 잘 못 자고 꿈을 자주 꿔요
UI_DISEASE_SYMPTOM_GAN_HUO_SHANG_YAN_01,不舒服,不舒服,feeling unwell,具合が悪い,몸이 불편해요
UI_DISEASE_SYMPTOM_GAN_HUO_SHANG_YAN_02,头晕,頭暈,feeling dizzy,めまいがする,어지러워요
UI_DISEASE_SYMPTOM_GAN_HUO_SHANG_YAN_03,失眠多梦,失眠多夢,sleeping poorly and having frequent dreams,眠れず、夢をよく見る,잠을 잘 못 자고 꿈을 자주 꿔요
UI_DISEASE_SYMPTOM_HAN_ZHI_GAN_MAI_01,不舒服,不舒服,feeling unwell,具合が悪い,몸이 불편해요
UI_DISEASE_SYMPTOM_HAN_ZHI_GAN_MAI_02,肚子疼,肚子疼,having abdominal pain,腹が痛い,배가 아파요
UI_DISEASE_SYMPTOM_HAN_ZHI_GAN_MAI_03,头晕,頭暈,feeling dizzy,めまいがする,어지러워요
UI_DISEASE_SYMPTOM_GAN_QI_YU_JIE_01,不舒服,不舒服,feeling unwell,具合が悪い,몸이 불편해요
UI_DISEASE_SYMPTOM_GAN_QI_YU_JIE_02,肚子疼,肚子疼,having abdominal pain,腹が痛い,배가 아파요
UI_DISEASE_SYMPTOM_GAN_QI_YU_JIE_03,胸闷气短,胸悶氣短,feeling tightness in my chest and short of breath,胸が苦しく、息切れする,가슴이 답답하고 숨이 차요
UI_DISEASE_SYMPTOM_GAN_XUE_XU_01,不舒服,不舒服,feeling unwell,具合が悪い,몸이 불편해요
UI_DISEASE_SYMPTOM_GAN_XUE_XU_02,头晕,頭暈,feeling dizzy,めまいがする,어지러워요
UI_DISEASE_SYMPTOM_GAN_XUE_XU_03,失眠多梦,失眠多夢,sleeping poorly and having frequent dreams,眠れず、夢をよく見る,잠을 잘 못 자고 꿈을 자주 꿔요
UI_DISEASE_SYMPTOM_GAN_XUE_YU_ZHI_01,不舒服,不舒服,feeling unwell,具合が悪い,몸이 불편해요
UI_DISEASE_SYMPTOM_GAN_XUE_YU_ZHI_02,胁下痛,脅下痛,having pain below my ribs,脇腹が痛い,갈비뼈 아래가 아파요
UI_DISEASE_SYMPTOM_GAN_XUE_YU_ZHI_03,心烦意乱,心煩意亂,feeling agitated and restless,いらいらして落ち着かない,초조하고 마음이 불안해요
UI_DISEASE_SYMPTOM_GAN_YIN_XU_01,不舒服,不舒服,feeling unwell,具合が悪い,몸이 불편해요
UI_DISEASE_SYMPTOM_GAN_YIN_XU_02,头晕,頭暈,feeling dizzy,めまいがする,어지러워요
UI_DISEASE_SYMPTOM_GAN_YIN_XU_03,失眠多梦,失眠多夢,sleeping poorly and having frequent dreams,眠れず、夢をよく見る,잠을 잘 못 자고 꿈을 자주 꿔요
UI_DISEASE_SYMPTOM_GAN_YANG_SHANG_KANG_01,不舒服,不舒服,feeling unwell,具合が悪い,몸이 불편해요
UI_DISEASE_SYMPTOM_GAN_YANG_SHANG_KANG_02,头晕,頭暈,feeling dizzy,めまいがする,어지러워요
UI_DISEASE_SYMPTOM_GAN_YANG_SHANG_KANG_03,失眠多梦,失眠多夢,sleeping poorly and having frequent dreams,眠れず、夢をよく見る,잠을 잘 못 자고 꿈을 자주 꿔요
UI_DISEASE_SYMPTOM_GAN_PI_BU_HE_01,不舒服,不舒服,feeling unwell,具合が悪い,몸이 불편해요
UI_DISEASE_SYMPTOM_GAN_PI_BU_HE_02,肚子疼,肚子疼,having abdominal pain,腹が痛い,배가 아파요
UI_DISEASE_SYMPTOM_GAN_PI_BU_HE_03,拉肚子,拉肚子,having diarrhea,下痢をする,설사를 해요
UI_DISEASE_SYMPTOM_SHEN_BU_NA_QI_01,不舒服,不舒服,feeling unwell,具合が悪い,몸이 불편해요
UI_DISEASE_SYMPTOM_SHEN_BU_NA_QI_02,腰膝酸软,腰膝酸軟,having soreness and weakness in my lower back and knees,腰や膝がだるい,허리와 무릎이 시큰하고 힘이 없어요
UI_DISEASE_SYMPTOM_SHEN_BU_NA_QI_03,胸闷气短,胸悶氣短,feeling tightness in my chest and short of breath,胸が苦しく、息切れする,가슴이 답답하고 숨이 차요
UI_DISEASE_SYMPTOM_SHEN_YIN_XU_01,不舒服,不舒服,feeling unwell,具合が悪い,몸이 불편해요
UI_DISEASE_SYMPTOM_SHEN_YIN_XU_02,腰膝酸软,腰膝酸軟,having soreness and weakness in my lower back and knees,腰や膝がだるい,허리와 무릎이 시큰하고 힘이 없어요
UI_DISEASE_SYMPTOM_SHEN_YIN_XU_03,耳鸣,耳鳴,having ringing in my ears,耳鳴りがする,이명이 있어요
UI_DISEASE_SYMPTOM_SHEN_YANG_XU_01,不舒服,不舒服,feeling unwell,具合が悪い,몸이 불편해요
UI_DISEASE_SYMPTOM_SHEN_YANG_XU_02,腰膝酸软,腰膝酸軟,having soreness and weakness in my lower back and knees,腰や膝がだるい,허리와 무릎이 시큰하고 힘이 없어요
UI_DISEASE_SYMPTOM_SHEN_YANG_XU_03,夜尿多,夜尿多,urinating frequently at night,夜間の尿が多い,밤에 소변을 자주 봐요
UI_DISEASE_SYMPTOM_SHEN_YANG_XU_04,耳鸣,耳鳴,having ringing in my ears,耳鳴りがする,이명이 있어요
UI_DISEASE_SYMPTOM_SHEN_XU_SHUI_FAN_01,不舒服,不舒服,feeling unwell,具合が悪い,몸이 불편해요
UI_DISEASE_SYMPTOM_SHEN_XU_SHUI_FAN_02,腰膝酸软,腰膝酸軟,having soreness and weakness in my lower back and knees,腰や膝がだるい,허리와 무릎이 시큰하고 힘이 없어요
UI_DISEASE_SYMPTOM_SHEN_XU_SHUI_FAN_03,夜尿多,夜尿多,urinating frequently at night,夜間の尿が多い,밤에 소변을 자주 봐요
UI_DISEASE_SYMPTOM_SHEN_JING_BU_ZU_01,不舒服,不舒服,feeling unwell,具合が悪い,몸이 불편해요
UI_DISEASE_SYMPTOM_SHEN_JING_BU_ZU_02,腰膝酸软,腰膝酸軟,having soreness and weakness in my lower back and knees,腰や膝がだるい,허리와 무릎이 시큰하고 힘이 없어요
UI_DISEASE_SYMPTOM_SHEN_JING_BU_ZU_03,耳鸣,耳鳴,having ringing in my ears,耳鳴りがする,이명이 있어요
UI_DISEASE_SYMPTOM_SHEN_QI_BU_GU_01,不舒服,不舒服,feeling unwell,具合が悪い,몸이 불편해요
UI_DISEASE_SYMPTOM_SHEN_QI_BU_GU_02,腰膝酸软,腰膝酸軟,having soreness and weakness in my lower back and knees,腰や膝がだるい,허리와 무릎이 시큰하고 힘이 없어요
UI_DISEASE_SYMPTOM_SHEN_QI_BU_GU_03,夜尿多,夜尿多,urinating frequently at night,夜間の尿が多い,밤에 소변을 자주 봐요
UI_DISEASE_SYMPTOM_SHEN_QI_BU_GU_04,耳鸣,耳鳴,having ringing in my ears,耳鳴りがする,이명이 있어요
UI_DISEASE_SYMPTOM_REN_SHEN_DISEASE_01,不舒服,不舒服,feeling unwell,具合が悪い,몸이 불편해요
UI_DISEASE_SYMPTOM_REN_SHEN_DISEASE_02,恶心,惡心,feeling nauseous,吐き気がする,메스꺼워요
UI_DISEASE_SYMPTOM_XIN_SHEN_BU_JIAO_01,不舒服,不舒服,feeling unwell,具合が悪い,몸이 불편해요
UI_DISEASE_SYMPTOM_XIN_SHEN_BU_JIAO_02,失眠多梦,失眠多夢,sleeping poorly and having frequent dreams,眠れず、夢をよく見る,잠을 잘 못 자고 꿈을 자주 꿔요
UI_DISEASE_SYMPTOM_XIN_SHEN_BU_JIAO_03,腰膝酸软,腰膝酸軟,having soreness and weakness in my lower back and knees,腰や膝がだるい,허리와 무릎이 시큰하고 힘이 없어요
UI_DISEASE_SYMPTOM_QI_FEN_RE_SHENG_01,不舒服,不舒服,feeling unwell,具合が悪い,몸이 불편해요
UI_DISEASE_SYMPTOM_QI_FEN_RE_SHENG_02,发烧,發燒,running a fever,熱がある,열이 나요
UI_NPC_NAME_CHA_BO_SHI,茶博士,茶博士,Tea Master,茶博士,차박사
UI_NPC_DIALOGUE_AFTER_CHA_BO_SHI,哎呀，真是多谢先生了。,哎呀，真是多謝先生了。,"Oh, thank you very much, Doctor.",先生、本当にありがとうございます。,"아이고, 선생님. 정말 감사합니다."
UI_NPC_DIALOGUE_FAILED_CHA_BO_SHI,感觉更不舒服了…,感覺更不舒服了…,I feel even worse...,前より具合が悪くなりました……,전보다 더 불편해졌어요…
UI_NPC_NAME_CHEN_ER,陈二,陳二,Chen Second,陳二,천얼
UI_NPC_DIALOGUE_AFTER_CHEN_ER,多谢先生，我好多了。,多謝先生，我好多了。,"Thank you, Doctor. I feel much better.",先生、ありがとうございます。ずいぶん楽になりました。,"선생님, 감사합니다. 훨씬 나아졌어요."
UI_NPC_DIALOGUE_FAILED_CHEN_ER,嗯…哎哟…,嗯…哎喲…,Mm... ow...,うう……痛い……,음… 아이고…
UI_NPC_NAME_CHEN_PO,陈婆,陳婆,Chen Granny,陳婆,천 노파
UI_NPC_DIALOGUE_AFTER_CHEN_PO,真是太谢谢先生了。,真是太謝謝先生了。,"Thank you so much, Doctor.",先生、本当にありがとうございます。,"선생님, 정말 감사합니다."
UI_NPC_DIALOGUE_FAILED_CHEN_PO,感觉不太对啊…,感覺不太對啊…,Something doesn't feel right...,どうも様子がおかしい……,뭔가 느낌이 좋지 않아요…
UI_NPC_NAME_CHEN_SHAN_ZHANG,陈山长,陳山長,Chen Headmaster,陳山長,천 서원장
UI_NPC_DIALOGUE_AFTER_CHEN_SHAN_ZHANG,大夫真是妙手回春啊。,大夫真是妙手回春啊。,"Doctor, your skill is remarkable. I feel restored.",先生の腕は本当に見事です。,"의원님, 정말 솜씨가 신묘하십니다."
UI_NPC_DIALOGUE_FAILED_CHEN_SHAN_ZHANG,医术不精，还敢自称郎中！,醫術不精，還敢自稱郎中！,You call yourself a physician with skills like that?!,腕もないくせに医者を名乗るな！,의술도 변변치 않으면서 감히 의원을 자처하다니!
UI_NPC_NAME_DU_ER_SAO,杜二嫂,杜二嫂,Du Second Sister-in-law,杜二嫂,두 둘째댁
UI_NPC_DIALOGUE_AFTER_DU_ER_SAO,真是多谢先生了，好多了,真是多謝先生了，好多了,"Thank you, Doctor. I feel much better.",先生、本当にありがとうございます。楽になりました。,"선생님, 정말 감사합니다. 훨씬 나아졌어요."
UI_NPC_DIALOGUE_FAILED_DU_ER_SAO,哎哟...哎哟…,哎喲...哎喲…,Ow... ow...,あいたた……あいたた……,아이고… 아이고…
UI_NPC_NAME_FENG_JUN_BAO,冯军保,馮軍保,Feng Army Protector,馮军保,펑쥔바오
UI_NPC_DIALOGUE_AFTER_FENG_JUN_BAO,多谢先生，感觉好多了。,多謝先生，感覺好多了。,"Thank you, Doctor. I feel much better.",先生、ありがとうございます。だいぶ楽になりました。,"선생님, 감사합니다. 훨씬 나아졌어요."
UI_NPC_DIALOGUE_FAILED_FENG_JUN_BAO,哎…奇怪…,哎…奇怪…,Hmm... that's strange...,あれ……おかしいな……,어… 이상하군요…
UI_NPC_NAME_GAO_XIU_LIAN,高秀莲,高秀蓮,Gao Elegant Lotus,高秀蓮,가오슈롄
UI_NPC_DIALOGUE_AFTER_GAO_XIU_LIAN,感觉好多了，多谢先生。,感覺好多了，多謝先生。,"I feel much better. Thank you, Doctor.",だいぶ楽になりました。先生、ありがとうございます。,"훨씬 나아졌어요. 선생님, 감사합니다."
UI_NPC_DIALOGUE_FAILED_GAO_XIU_LIAN,哎哟...哎哟…,哎喲...哎喲…,Ow... ow...,あいたた……あいたた……,아이고… 아이고…
UI_NPC_NAME_HAN_ZHANG_GUI,韩掌柜,韓掌櫃,Han Shopkeeper,韓店主,한 주인장
UI_NPC_DIALOGUE_AFTER_HAN_ZHANG_GUI,多谢大夫啦。,多謝大夫啦。,"Thank you, Doctor.",先生、ありがとうございます。,"의원님, 고맙습니다."
UI_NPC_DIALOGUE_FAILED_HAN_ZHANG_GUI,大夫，我这病怎么还不见好？,大夫，我這病怎麼還不見好？,"Doctor, why am I still not getting better?",先生、どうしてまだ治らないんですか？,"의원님, 제 병은 왜 아직도 낫지 않는 겁니까?"
UI_NPC_NAME_HE_SAN_JIE,贺三姐,賀三姐,He Third Sister,賀三姐,허싼제
UI_NPC_DIALOGUE_AFTER_HE_SAN_JIE,多谢大夫，感觉好多了。,多謝大夫，感覺好多了。,"Thank you, Doctor. I feel much better.",先生、ありがとうございます。楽になりました。,"의원님, 감사합니다. 훨씬 나아졌어요."
UI_NPC_DIALOGUE_FAILED_HE_SAN_JIE,你会不会看病啊？,你會不會看病啊？,Do you actually know how to treat people?,本当に診察できるんですか？,정말 진료할 줄 아는 거예요?
UI_NPC_NAME_HE_ZHANG_SHAO,何掌勺,何掌勺,He Cook,何料理長,허 주방장
UI_NPC_DIALOGUE_AFTER_HE_ZHANG_SHAO,多谢先生了。,多謝先生了。,"Thank you, Doctor.",先生、ありがとうございます。,"선생님, 감사합니다."
UI_NPC_DIALOGUE_FAILED_HE_ZHANG_SHAO,还是好难受啊…,還是好難受啊…,I still feel awful...,まだとてもつらい……,아직도 너무 괴로워요…
UI_NPC_NAME_HUA_JIN_NIANG,华锦娘,華錦娘,Hua Brocade Maiden,華錦娘,화진냥
UI_NPC_DIALOGUE_AFTER_HUA_JIN_NIANG,多谢先生，感觉好多了。,多謝先生，感覺好多了。,"Thank you, Doctor. I feel much better.",先生、ありがとうございます。だいぶ楽になりました。,"선생님, 감사합니다. 훨씬 나아졌어요."
UI_NPC_DIALOGUE_FAILED_HUA_JIN_NIANG,您给我开的这是什么药啊…,您給我開的這是什麼藥啊…,What kind of medicine did you give me...?,これはいったい何の薬ですか……,대체 무슨 약을 지어 주신 건가요…?
UI_NPC_NAME_HUA_YUN,花芸,花芸,Hua Rue,花芸,화윈
UI_NPC_DIALOGUE_AFTER_HUA_YUN,有劳先生了，感觉好多了。,有勞先生了，感覺好多了。,"Thank you, Doctor. I feel much better.",先生、お世話になりました。ずいぶん楽になりました。,"선생님, 수고하셨습니다. 훨씬 나아졌어요."
UI_NPC_DIALOGUE_FAILED_HUA_YUN,嗯？感觉好奇怪啊…,嗯？感覺好奇怪啊…,Huh? I feel strange...,えっ？　なんだか変な感じがします……,응? 느낌이 너무 이상한데요…
UI_NPC_NAME_HUANG_NIU_ER,黄牛儿,黃牛兒,Huang Little Ox,黄牛児,황뉴얼
UI_NPC_DIALOGUE_AFTER_HUANG_NIU_ER,真是太谢谢大夫了。,真是太謝謝大夫了。,"Thank you so much, Doctor.",先生、本当にありがとうございます。,"의원님, 정말 감사합니다."
UI_NPC_DIALOGUE_FAILED_HUANG_NIU_ER,感觉不太对啊…,感覺不太對啊…,Something doesn't feel right...,どうも様子がおかしい……,뭔가 느낌이 좋지 않아요…
UI_NPC_NAME_HUANG_QIU_JU,黄秋菊,黃秋菊,Huang Autumn Chrysanthemum,黄秋菊,황추쥐
UI_NPC_DIALOGUE_AFTER_HUANG_QIU_JU,多谢先生，我好多了。,多謝先生，我好多了。,"Thank you, Doctor. I feel much better.",先生、ありがとうございます。ずいぶん楽になりました。,"선생님, 감사합니다. 훨씬 나아졌어요."
UI_NPC_DIALOGUE_FAILED_HUANG_QIU_JU,还是好难受啊…,還是好難受啊…,I still feel awful...,まだとてもつらい……,아직도 너무 괴로워요…
UI_NPC_NAME_JI_YUN_NIANG,季云娘,季雲娘,Ji Cloud Maiden,季雲娘,지윈냥
UI_NPC_DIALOGUE_AFTER_JI_YUN_NIANG,有劳先生了，感觉好多了。,有勞先生了，感覺好多了。,"Thank you, Doctor. I feel much better.",先生、お世話になりました。ずいぶん楽になりました。,"선생님, 수고하셨습니다. 훨씬 나아졌어요."
UI_NPC_DIALOGUE_FAILED_JI_YUN_NIANG,嗯…哎哟…,嗯…哎喲…,Mm... ow...,うう……痛い……,음… 아이고…
UI_NPC_NAME_JIANG_CHUAN_ER,蒋船儿,蔣船兒,Jiang Little Boat,蔣船児,장촨얼
UI_NPC_DIALOGUE_AFTER_JIANG_CHUAN_ER,多谢先生，我好多了。,多謝先生，我好多了。,"Thank you, Doctor. I feel much better.",先生、ありがとうございます。ずいぶん楽になりました。,"선생님, 감사합니다. 훨씬 나아졌어요."
UI_NPC_DIALOGUE_FAILED_JIANG_CHUAN_ER,嗯…哎哟…,嗯…哎喲…,Mm... ow...,うう……痛い……,음… 아이고…
UI_NPC_NAME_JIANG_YUE_NIANG,姜月娘,姜月娘,Jiang Moon Maiden,姜月娘,장웨냥
UI_NPC_DIALOGUE_AFTER_JIANG_YUE_NIANG,先生医术真是高明，多谢了,先生醫術真是高明，多謝了,"Your skill is impressive, Doctor. Thank you.",先生の腕は見事ですね。ありがとうございます。,선생님 의술이 정말 훌륭하군요. 감사합니다.
UI_NPC_DIALOGUE_FAILED_JIANG_YUE_NIANG,嗯？感觉好奇怪啊…,嗯？感覺好奇怪啊…,Huh? I feel strange...,えっ？　なんだか変な感じがします……,응? 느낌이 너무 이상한데요…
UI_NPC_NAME_LI_GOU_DAN,李狗蛋,李狗蛋,Li Dog Egg,李狗蛋,리거우단
UI_NPC_DIALOGUE_AFTER_LI_GOU_DAN,真是太谢谢大夫了。,真是太謝謝大夫了。,"Thank you so much, Doctor.",先生、本当にありがとうございます。,"의원님, 정말 감사합니다."
UI_NPC_DIALOGUE_FAILED_LI_GOU_DAN,嗯…哎哟…,嗯…哎喲…,Mm... ow...,うう……痛い……,음… 아이고…
UI_NPC_NAME_LI_JIN_QING,李近卿,李近卿,Li Near Noble,李近卿,리진칭
UI_NPC_DIALOGUE_AFTER_LI_JIN_QING,有劳先生了，感觉好多了。,有勞先生了，感覺好多了。,"Thank you, Doctor. I feel much better.",先生、お世話になりました。ずいぶん楽になりました。,"선생님, 수고하셨습니다. 훨씬 나아졌어요."
UI_NPC_DIALOGUE_FAILED_LI_JIN_QING,先生，我这病怎么还不见好？,先生，我這病怎麼還不見好？,"Doctor, why am I still not getting better?",先生、どうしてまだ治らないんですか？,"선생님, 제 병은 왜 아직도 낫지 않는 겁니까?"
UI_NPC_NAME_LI_SI,李四,李四,Li Fourth,李四,리쓰
UI_NPC_DIALOGUE_AFTER_LI_SI,多谢先生，我感觉好多了。,多謝先生，我感覺好多了。,"Thank you, Doctor. I feel much better.",先生、ありがとうございます。だいぶ楽になりました。,"선생님, 감사합니다. 훨씬 나아졌어요."
UI_NPC_DIALOGUE_FAILED_LI_SI,大夫，我这病怎么还不见好？,大夫，我這病怎麼還不見好？,"Doctor, why am I still not getting better?",先生、どうしてまだ治らないんですか？,"의원님, 제 병은 왜 아직도 낫지 않는 겁니까?"
UI_NPC_NAME_LI_YUAN_WAI,李员外,李員外,Li Squire,李員外,리 원외
UI_NPC_DIALOGUE_AFTER_LI_YUAN_WAI,嗯，不错不错，医术高明啊。,嗯，不錯不錯，醫術高明啊。,"Mm, very good. Your medical skill is impressive.",うむ、素晴らしい。見事な腕前だ。,"음, 좋군. 좋군. 의술이 훌륭하오."
UI_NPC_DIALOGUE_FAILED_LI_YUAN_WAI,你这庸医，招摇撞骗！,你這庸醫，招搖撞騙！,You quack! You're nothing but a fraud!,このやぶ医者め、よくも騙したな！,이 돌팔이 같으니! 사람을 속이고 다녔구나!
UI_NPC_NAME_LIN_QIAO_NIANG,林巧娘,林巧娘,Lin Clever Maiden,林巧娘,린차오냥
UI_NPC_DIALOGUE_AFTER_LIN_QIAO_NIANG,多谢先生了。,多謝先生了。,"Thank you, Doctor.",先生、ありがとうございます。,"선생님, 감사합니다."
UI_NPC_DIALOGUE_FAILED_LIN_QIAO_NIANG,感觉不太对啊…,感覺不太對啊…,Something doesn't feel right...,どうも様子がおかしい……,뭔가 느낌이 좋지 않아요…
UI_NPC_NAME_LIU_DA,刘大,劉大,Liu Eldest,劉大,류다
UI_NPC_DIALOGUE_AFTER_LIU_DA,多谢大夫，感觉好多了。,多謝大夫，感覺好多了。,"Thank you, Doctor. I feel much better.",先生、ありがとうございます。楽になりました。,"의원님, 감사합니다. 훨씬 나아졌어요."
UI_NPC_DIALOGUE_FAILED_LIU_DA,感觉不太对啊…,感覺不太對啊…,Something doesn't feel right...,どうも様子がおかしい……,뭔가 느낌이 좋지 않아요…
UI_NPC_NAME_LIU_FU,刘福,劉福,Liu Fortune,劉福,류푸
UI_NPC_DIALOGUE_AFTER_LIU_FU,多谢先生了。,多謝先生了。,"Thank you, Doctor.",先生、ありがとうございます。,"선생님, 감사합니다."
UI_NPC_DIALOGUE_FAILED_LIU_FU,呃...不对啊。,呃...不對啊。,Uh... something's not right.,あれ……おかしいな。,어… 뭔가 잘못됐는데요.
UI_NPC_NAME_LIU_TAI_GONG,刘太公,劉太公,Liu Elder,劉太公,류 태공
UI_NPC_DIALOGUE_AFTER_LIU_TAI_GONG,麻烦大夫啦，好多了。,麻煩大夫啦，好多了。,"Thank you, Doctor. I feel much better.",先生、お世話になりました。楽になりました。,"의원님, 수고하셨습니다. 훨씬 나아졌어요."
UI_NPC_DIALOGUE_FAILED_LIU_TAI_GONG,咳咳咳，哎哟…,咳咳咳，哎喲…,"Cough, cough... ow...",ゴホゴホ……あいたた……,콜록콜록… 아이고…
UI_NPC_NAME_LIU_WEN_PO,刘稳婆,劉穩婆,Liu Midwife,劉産婆,류 산파
UI_NPC_DIALOGUE_AFTER_LIU_WEN_PO,哎哟，谢谢先生，您真是神医啊！,哎喲，謝謝先生，您真是神醫啊！,"Oh, thank you, Doctor! You're a marvelous physician!",先生、ありがとうございます！　本当に名医ですね！,"아이고, 고맙습니다, 선생님! 정말 명의시네요!"
UI_NPC_DIALOGUE_FAILED_LIU_WEN_PO,哎，不对啊…,哎，不對啊…,"Hmm, something's not right...",あれ、おかしいな……,"어, 이게 아닌데…"
UI_NPC_NAME_LIU_YING_ER,柳莺儿,柳鶯兒,Liu Little Oriole,柳鶯児,류잉얼
UI_NPC_DIALOGUE_AFTER_LIU_YING_ER,多谢先生了，我好多了。,多謝先生了，我好多了。,"Thank you, Doctor. I feel much better.",先生、ありがとうございます。だいぶ良くなりました。,"선생님, 감사합니다. 훨씬 나아졌어요."
UI_NPC_DIALOGUE_FAILED_LIU_YING_ER,哎…奇怪…,哎…奇怪…,Hmm... that's strange...,あれ……おかしいな……,어… 이상하군요…
UI_NPC_NAME_LV_TAI_JUN,吕太君,呂太君,Lü Matriarch,呂太君,뤼 태군
UI_NPC_DIALOGUE_AFTER_LV_TAI_JUN,多谢小先生，老婆子我好多啦。,多謝小先生，老婆子我好多啦。,"Thank you, Doctor. I feel much better.",若先生、ありがとうございます。ずいぶん楽になりました。,"젊은 의원님, 고맙습니다. 이 늙은이가 훨씬 나아졌어요."
UI_NPC_DIALOGUE_FAILED_LV_TAI_JUN,咳咳咳，你这开的是什么药啊？,咳咳咳，你這開的是什麼藥啊？,Something doesn't feel right...,ゴホゴホ……これは何の薬なんですか？,"콜록콜록… 젊은 의원님, 대체 무슨 약을 지어 주신 거예요?"
UI_NPC_NAME_MA_CHANG_FENG,马长风,馬長風,Ma Long Wind,馬長风,마창펑
UI_NPC_DIALOGUE_AFTER_MA_CHANG_FENG,麻烦大夫啦，好多了。,麻煩大夫啦，好多了。,"Thank you, Doctor. I feel much better.",先生、お世話になりました。楽になりました。,"의원님, 수고하셨습니다. 훨씬 나아졌어요."
UI_NPC_DIALOGUE_FAILED_MA_CHANG_FENG,您给我开的这是什么药啊…,您給我開的這是什麼藥啊…,What kind of medicine did you give me...?,これはいったい何の薬ですか……,대체 무슨 약을 지어 주신 건가요…?
UI_NPC_NAME_QIAN_BU_LOU,钱不漏,錢不漏,Qian No Leak,銭不漏,첸부러우
UI_NPC_DIALOGUE_AFTER_QIAN_BU_LOU,谢啦。,謝啦。,Thanks.,ありがとう。,고맙소.
UI_NPC_DIALOGUE_FAILED_QIAN_BU_LOU,这开的是什么药，我要到官府告你！,這開的是什麼藥，我要到官府告你！,What medicine is this? I'll report you to the authorities!,これは何の薬だ！　役所に訴えてやる！,이게 대체 무슨 약이오? 관아에 고발하겠소!
UI_NPC_NAME_QIN_SAN_NIANG,秦三娘,秦三娘,Qin Third Lady,秦三娘,친싼냥
UI_NPC_DIALOGUE_AFTER_QIN_SAN_NIANG,多谢先生，感觉好多了。,多謝先生，感覺好多了。,"Thank you, Doctor. I feel much better.",先生、ありがとうございます。だいぶ楽になりました。,"선생님, 감사합니다. 훨씬 나아졌어요."
UI_NPC_DIALOGUE_FAILED_QIN_SAN_NIANG,哎哟...哎哟…,哎喲...哎喲…,Ow... ow...,あいたた……あいたた……,아이고… 아이고…
UI_NPC_NAME_SHEN_GUI,沈贵,沈貴,Shen Noble,沈貴,선구이
UI_NPC_DIALOGUE_AFTER_SHEN_GUI,多谢多谢。,多謝多謝。,"Thank you, Doctor. I feel much better.",どうもありがとう。,"감사합니다, 정말 감사합니다."
UI_NPC_DIALOGUE_FAILED_SHEN_GUI,你会不会看病啊？,你會不會看病啊？,Do you actually know how to treat people?,本当に診察できるんですか？,정말 진료할 줄 아는 거 맞아요?
UI_NPC_NAME_SHI_GAN,石敢,石敢,Shi Daring,石敢,스간
UI_NPC_DIALOGUE_AFTER_SHI_GAN,哎呀，真是太感谢了，好多了。,哎呀，真是太感謝了，好多了。,"Oh, thank you so much. I feel much better.",本当にありがとうございます。楽になりました。,"아이고, 정말 고맙습니다. 훨씬 나아졌어요."
UI_NPC_DIALOGUE_FAILED_SHI_GAN,哎…奇怪…,哎…奇怪…,Hmm... that's strange...,あれ……おかしいな……,어… 이상하군요…
UI_NPC_NAME_SHI_GENG_SHENG,史更生,史更生,Shi Reborn,史更生,스겅성
UI_NPC_DIALOGUE_AFTER_SHI_GENG_SHENG,好多了，真是太谢谢先生了。,好多了，真是太謝謝先生了。,"I feel much better. Thank you so much, Doctor.",ずいぶん良くなりました。先生、本当にありがとうございます。,"훨씬 나아졌어요. 선생님, 정말 감사합니다."
UI_NPC_DIALOGUE_FAILED_SHI_GENG_SHENG,你给我开的什么药啊…,你給我開的什麼藥啊…,What medicine did you give me...?,いったい何の薬を出したんですか……,대체 무슨 약을 지어 준 거요…
UI_NPC_NAME_SU_XIU_HE,苏绣荷,蘇繡荷,Su Embroidered Lotus,蘇繍荷,쑤슈허
UI_NPC_DIALOGUE_AFTER_SU_XIU_HE,好多了，真是太谢谢先生了。,好多了，真是太謝謝先生了。,"I feel much better. Thank you so much, Doctor.",ずいぶん良くなりました。先生、本当にありがとうございます。,"훨씬 나아졌어요. 선생님, 정말 감사합니다."
UI_NPC_DIALOGUE_FAILED_SU_XIU_HE,咳咳咳，好难受啊,咳咳咳，好難受啊,"Cough, cough... I feel terrible.",ゴホゴホ……つらい……,콜록콜록… 너무 괴로워요.
UI_NPC_NAME_SUN_JIANG_ER,孙匠儿,孫匠兒,Sun Little Craftsman,孫匠児,쑨장얼
UI_NPC_DIALOGUE_AFTER_SUN_JIANG_ER,多谢先生了。,多謝先生了。,"Thank you, Doctor.",先生、ありがとうございます。,"선생님, 감사합니다."
UI_NPC_DIALOGUE_FAILED_SUN_JIANG_ER,呃…不对啊,呃…不對啊,Uh... something's not right.,あれ……おかしいな。,어… 뭔가 잘못됐는데요.
UI_NPC_NAME_SUN_XIAO_MEI,孙小妹,孫小妹,Sun Little Sister,孫小妹,쑨샤오메이
UI_NPC_DIALOGUE_AFTER_SUN_XIAO_MEI,多谢先生了。,多謝先生了。,"Thank you, Doctor.",先生、ありがとうございます。,"선생님, 감사합니다."
UI_NPC_DIALOGUE_FAILED_SUN_XIAO_MEI,咳咳咳，好难受啊,咳咳咳，好難受啊,"Cough, cough... I feel terrible.",ゴホゴホ……つらい……,콜록콜록… 너무 괴로워요.
UI_NPC_NAME_TIAN_CHUN_LUO,田春萝,田春蘿,Tian Spring Vine,田春萝,톈춘뤄
UI_NPC_DIALOGUE_AFTER_TIAN_CHUN_LUO,感觉好多了，多谢先生。,感覺好多了，多謝先生。,"I feel much better. Thank you, Doctor.",だいぶ楽になりました。先生、ありがとうございます。,"훨씬 나아졌어요. 선생님, 감사합니다."
UI_NPC_DIALOGUE_FAILED_TIAN_CHUN_LUO,嗯？感觉好奇怪啊…,嗯？感覺好奇怪啊…,Huh? I feel strange...,えっ？　なんだか変な感じがします……,응? 느낌이 너무 이상한데요…
UI_NPC_NAME_WANG_CHAO_FENG,王朝奉,王朝奉,Wang Court Attendant,王朝奉,왕차오펑
UI_NPC_DIALOGUE_AFTER_WANG_CHAO_FENG,好多了，多谢大夫。,好多了，多謝大夫。,"I feel much better. Thank you, Doctor.",楽になりました。先生、ありがとうございます。,"훨씬 나아졌습니다. 의원님, 감사합니다."
UI_NPC_DIALOGUE_FAILED_WANG_CHAO_FENG,你给我开的什么药啊…,你給我開的什麼藥啊…,What medicine did you give me...?,いったい何の薬を出したんですか……,대체 무슨 약을 지어 준 거요…
UI_NPC_NAME_WANG_DA_SAO,王大嫂,王大嫂,Wang Sister-in-law,王おばさん,왕 아주머니
UI_NPC_DIALOGUE_AFTER_WANG_DA_SAO,麻烦先生了，我感觉好多了,麻煩先生了，我感覺好多了,"Thank you, Doctor. I feel much better.",先生、お世話になりました。楽になりました。,"선생님, 수고하셨습니다. 훨씬 나아졌어요."
UI_NPC_DIALOGUE_FAILED_WANG_DA_SAO,哎哟...哎哟…,哎喲...哎喲…,Ow... ow...,あいたた……あいたた……,아이고… 아이고…
UI_NPC_NAME_WANG_LAO_AN_REN,王老安人,王老安人,Wang Old Madam,王老夫人,왕 노부인
UI_NPC_DIALOGUE_AFTER_WANG_LAO_AN_REN,真是多谢先生了，好多了,真是多謝先生了，好多了,"Thank you, Doctor. I feel much better.",先生、本当にありがとうございます。楽になりました。,"선생님, 정말 감사합니다. 훨씬 나아졌어요."
UI_NPC_DIALOGUE_FAILED_WANG_LAO_AN_REN,咳咳咳，哎哟...,咳咳咳，哎喲...,"Cough, cough... ow...",ゴホゴホ……あいたた……,콜록콜록… 아이고…
UI_NPC_NAME_WANG_WU,王五,王五,Wang Fifth,王五,왕우
UI_NPC_DIALOGUE_AFTER_WANG_WU,多谢大夫，感觉好多了。,多謝大夫，感覺好多了。,"Thank you, Doctor. I feel much better.",先生、ありがとうございます。楽になりました。,"의원님, 감사합니다. 훨씬 나아졌어요."
UI_NPC_DIALOGUE_FAILED_WANG_WU,还是好难受啊…,還是好難受啊…,I still feel awful...,まだとてもつらい……,아직도 너무 괴로워요…
UI_NPC_NAME_WANG_YUAN_SHAN,王远山,王遠山,Wang Distant Mountain,王遠山,왕위안산
UI_NPC_DIALOGUE_AFTER_WANG_YUAN_SHAN,多谢先生了，我好多了。,多謝先生了，我好多了。,"Thank you, Doctor. I feel much better.",先生、ありがとうございます。だいぶ良くなりました。,"선생님, 감사합니다. 훨씬 나아졌어요."
UI_NPC_DIALOGUE_FAILED_WANG_YUAN_SHAN,呃...不对啊。,呃...不對啊。,Uh... something's not right.,あれ……おかしいな。,어… 뭔가 잘못됐는데요.
UI_NPC_NAME_WEI_DA_JIAO,魏大脚,魏大腳,Wei Bigfoot,魏大脚,웨이다자오
UI_NPC_DIALOGUE_AFTER_WEI_DA_JIAO,真是麻烦大夫啦，我感觉好多了。,真是麻煩大夫啦，我感覺好多了。,"Thank you for your trouble, Doctor. I feel much better.",先生、お世話になりました。楽になりました。,"의원님, 수고 많으셨습니다. 훨씬 나아졌어요."
UI_NPC_DIALOGUE_FAILED_WEI_DA_JIAO,感觉更不舒服了…,感覺更不舒服了…,I feel even worse...,前より具合が悪くなりました……,전보다 더 불편해졌어요…
UI_NPC_NAME_WU_BAN_TOU,吴班头,吳班頭,Wu Constable,呉班頭,우 반두
UI_NPC_DIALOGUE_AFTER_WU_BAN_TOU,有劳先生了，感觉好多了。,有勞先生了，感覺好多了。,"Thank you, Doctor. I feel much better.",先生、お世話になりました。ずいぶん楽になりました。,"선생님, 수고하셨습니다. 훨씬 나아졌어요."
UI_NPC_DIALOGUE_FAILED_WU_BAN_TOU,他娘的，你给我吃的是什么？,他娘的，你給我吃的是什麼？,"Damn it, what did you make me take?",ちくしょう、何を飲ませたんだ？,"젠장, 대체 나한테 뭘 먹인 거야?"
UI_NPC_NAME_XU_SI_GU,徐四姑,徐四姑,Xu Fourth Aunt,徐四姑,쉬쓰구
UI_NPC_DIALOGUE_AFTER_XU_SI_GU,多谢大夫。,多謝大夫。,"Thank you, Doctor.",先生、ありがとうございます。,"의원님, 감사합니다."
UI_NPC_DIALOGUE_FAILED_XU_SI_GU,这是什么药？你想害死本姑娘啊？,這是什麼藥？你想害死本姑娘啊？,What is this medicine? Are you trying to kill me?,何の薬よ？　私を殺す気？,이게 무슨 약이에요? 절 죽이기라도 하려는 거예요?
UI_NPC_NAME_XU_XIANG_JUN,许香君,許香君,Xu Fragrant Lady,許香君,쉬샹쥔
UI_NPC_DIALOGUE_AFTER_XU_XIANG_JUN,多谢先生了，我好多了。,多謝先生了，我好多了。,"Thank you, Doctor. I feel much better.",先生、ありがとうございます。だいぶ良くなりました。,"선생님, 감사합니다. 훨씬 나아졌어요."
UI_NPC_DIALOGUE_FAILED_XU_XIANG_JUN,您给我开的这是什么药啊…,您給我開的這是什麼藥啊…,What kind of medicine did you give me...?,これはいったい何の薬ですか……,대체 무슨 약을 지어 주신 건가요…?
UI_NPC_NAME_YAN_BU_TOU,严捕头,嚴捕頭,Yan Constable,厳捕頭,옌 포두
UI_NPC_DIALOGUE_AFTER_YAN_BU_TOU,好多了，多谢先生。,好多了，多謝先生。,"Thank you, Doctor. I feel much better.",楽になりました。先生、ありがとうございます。,"훨씬 나아졌어요. 선생님, 감사합니다."
UI_NPC_DIALOGUE_FAILED_YAN_BU_TOU,嗯…哎哟…,嗯…哎喲…,Mm... ow...,うう……痛い……,음… 아이고…
UI_NPC_NAME_YAN_PO,严婆,嚴婆,Yan Granny,厳婆,옌 노파
UI_NPC_DIALOGUE_AFTER_YAN_PO,感觉好多了，多谢先生。,感覺好多了，多謝先生。,"I feel much better. Thank you, Doctor.",だいぶ楽になりました。先生、ありがとうございます。,"훨씬 나아졌어요. 선생님, 감사합니다."
UI_NPC_DIALOGUE_FAILED_YAN_PO,咳咳咳，哎哟...,咳咳咳，哎喲...,"Cough, cough... ow...",ゴホゴホ……あいたた……,콜록콜록… 아이고…
UI_NPC_NAME_YANG_XIU_CAI,杨秀才,楊秀才,Yang Scholar,楊秀才,양 수재
UI_NPC_DIALOGUE_AFTER_YANG_XIU_CAI,有劳大夫了，我好多了。,有勞大夫了，我好多了。,"Thank you, Doctor. I feel much better.",先生、お世話になりました。ずいぶん楽になりました。,"의원님, 수고하셨습니다. 훨씬 나아졌어요."
UI_NPC_DIALOGUE_FAILED_YANG_XIU_CAI,您给我开的这是什么药啊…,您給我開的這是什麼藥啊…,What kind of medicine did you give me...?,これはいったい何の薬ですか……,대체 무슨 약을 지어 주신 건가요…?
UI_NPC_NAME_YAO_ZHANG_GUI,姚掌柜,姚掌櫃,Yao Shopkeeper,姚店主,야오 주인장
UI_NPC_DIALOGUE_AFTER_YAO_ZHANG_GUI,多谢先生，我好多了。,多謝先生，我好多了。,"Thank you, Doctor. I feel much better.",先生、ありがとうございます。ずいぶん楽になりました。,"선생님, 감사합니다. 훨씬 나아졌어요."
UI_NPC_DIALOGUE_FAILED_YAO_ZHANG_GUI,大夫，我这病怎么还不见好？,大夫，我這病怎麼還不見好？,"Doctor, why am I still not getting better?",先生、どうしてまだ治らないんですか？,"의원님, 제 병은 왜 아직도 낫지 않는 겁니까?"
UI_NPC_NAME_YE_JIANG_ZHOU,叶江舟,葉江舟,Ye River Boat,葉江舟,예장저우
UI_NPC_DIALOGUE_AFTER_YE_JIANG_ZHOU,麻烦先生了，我感觉好多了,麻煩先生了，我感覺好多了,"Thank you, Doctor. I feel much better.",先生、お世話になりました。楽になりました。,"선생님, 수고하셨습니다. 훨씬 나아졌어요."
UI_NPC_DIALOGUE_FAILED_YE_JIANG_ZHOU,咳咳咳，好难受啊,咳咳咳，好難受啊,"Cough, cough... I feel terrible.",ゴホゴホ……つらい……,콜록콜록… 너무 괴로워요.
UI_NPC_NAME_YOU_XIU_GU,尤秀姑,尤秀姑,You Graceful Maiden,尤秀姑,유슈구
UI_NPC_DIALOGUE_AFTER_YOU_XIU_GU,多谢先生，感觉好多了。,多謝先生，感覺好多了。,"Thank you, Doctor. I feel much better.",先生、ありがとうございます。だいぶ楽になりました。,"선생님, 감사합니다. 훨씬 나아졌어요."
UI_NPC_DIALOGUE_FAILED_YOU_XIU_GU,嗯…哎哟…,嗯…哎喲…,Mm... ow...,うう……痛い……,음… 아이고…
UI_NPC_NAME_ZHANG_SAN,张三,張三,Zhang Third,張三,장싼
UI_NPC_DIALOGUE_AFTER_ZHANG_SAN,多谢大夫，我好多了。,多謝大夫，我好多了。,"Thank you, Doctor. I feel much better.",先生、ありがとうございます。楽になりました。,"의원님, 감사합니다. 훨씬 나아졌어요."
UI_NPC_DIALOGUE_FAILED_ZHANG_SAN,哎…奇怪…,哎…奇怪…,Hmm... that's strange...,あれ……おかしいな……,어… 이상하군요…
UI_NPC_NAME_ZHANG_TU,张屠,張屠,Zhang Butcher,張屠,장 도살꾼
UI_NPC_DIALOGUE_AFTER_ZHANG_TU,哈哈哈，太谢谢了。,哈哈哈，太謝謝了。,Ha! Thank you very much.,ははは、本当にありがとう。,"하하하, 정말 고맙네!"
UI_NPC_DIALOGUE_FAILED_ZHANG_TU,他娘的怎么感觉怪怪的,他娘的怎麼感覺怪怪的,"Damn it, why do I feel so strange?",ちくしょう、なんだか変な感じがする。,"젠장, 왜 이렇게 느낌이 이상하지?"
UI_NPC_NAME_ZHANG_YU_ZHI,张玉枝,張玉枝,Zhang Jade Branch,張玉枝,장위즈
UI_NPC_DIALOGUE_AFTER_ZHANG_YU_ZHI,真是多谢先生了，好多了,真是多謝先生了，好多了,"Thank you, Doctor. I feel much better.",先生、本当にありがとうございます。楽になりました。,"선생님, 정말 감사합니다. 훨씬 나아졌어요."
UI_NPC_DIALOGUE_FAILED_ZHANG_YU_ZHI,嗯？感觉好奇怪啊…,嗯？感覺好奇怪啊…,Huh? I feel strange...,えっ？　なんだか変な感じがします……,응? 느낌이 너무 이상한데요…
UI_NPC_NAME_ZHAO_LIU,赵六,趙六,Zhao Sixth,趙六,자오류
UI_NPC_DIALOGUE_AFTER_ZHAO_LIU,多谢先生，我好多了。,多謝先生，我好多了。,"Thank you, Doctor. I feel much better.",先生、ありがとうございます。ずいぶん楽になりました。,"선생님, 감사합니다. 훨씬 나아졌어요."
UI_NPC_DIALOGUE_FAILED_ZHAO_LIU,还是好难受啊…,還是好難受啊…,I still feel awful...,まだとてもつらい……,아직도 너무 괴로워요…
UI_NPC_NAME_ZHAO_YA_PO,赵牙婆,趙牙婆,Zhao Matchmaker,趙仲人,자오 중매쟁이
UI_NPC_DIALOGUE_AFTER_ZHAO_YA_PO,哎哟，谢谢先生，您真是神医啊！,哎喲，謝謝先生，您真是神醫啊！,"Oh, thank you, Doctor! You're a marvelous physician!",先生、ありがとうございます！　本当に名医ですね！,"아이고, 고맙습니다, 선생님! 정말 명의시네요!"
UI_NPC_DIALOGUE_FAILED_ZHAO_YA_PO,哎，不对啊…,哎，不對啊…,"Hmm, something's not right...",あれ、おかしいな……,"어, 이게 아닌데…"
UI_NPC_NAME_ZHENG_ER_JIE,郑二姐,鄭二姐,Zheng Second Sister,鄭二姐,정얼제
UI_NPC_DIALOGUE_AFTER_ZHENG_ER_JIE,有劳先生了，感觉好多了。,有勞先生了，感覺好多了。,"Thank you, Doctor. I feel much better.",先生、お世話になりました。ずいぶん楽になりました。,"선생님, 수고하셨습니다. 훨씬 나아졌어요."
UI_NPC_DIALOGUE_FAILED_ZHENG_ER_JIE,哎…奇怪…,哎…奇怪…,Hmm... that's strange...,あれ……おかしいな……,어… 이상하군요…
UI_NPC_NAME_ZHOU_LU_AN,周炉安,周爐安,Zhou Hearth Peace,周炉安,저우루안
UI_NPC_DIALOGUE_AFTER_ZHOU_LU_AN,多谢先生了。,多謝先生了。,"Thank you, Doctor.",先生、ありがとうございます。,"선생님, 감사합니다."
UI_NPC_DIALOGUE_FAILED_ZHOU_LU_AN,先生，我这病怎么还不见好？,先生，我這病怎麼還不見好？,"Doctor, why am I still not getting better?",先生、どうしてまだ治らないんですか？,"선생님, 제 병은 왜 아직도 낫지 않는 겁니까?"
UI_NPC_DIALOGUE_PREFIX_CHA_BO_SHI,我最近几日,我最近幾日,"These past few days, I've been",ここ数日、,요 며칠
UI_NPC_DIALOGUE_SUFFIX_CHA_BO_SHI,劳烦先生给小可看看。,勞煩先生給小可看看。,"Would you kindly examine me, Doctor?",先生、診ていただけますか。,"선생님, 소인을 한번 진찰해 주십시오."
UI_NPC_DIALOGUE_PREFIX_CHEN_ER,先生，我最近,先生，我最近,"Doctor, lately I've been",先生、最近、,"선생님, 요즘"
UI_NPC_DIALOGUE_SUFFIX_CHEN_ER,帮我看看吧。,幫我看看吧。,Could you take a look?,診てください。,한번 봐 주세요.
UI_NPC_DIALOGUE_PREFIX_CHEN_PO,先生，老婆子我这几日,先生，老婆子我這幾日,"Doctor, these past few days I've been",先生、ここ数日、,"선생님, 이 늙은이가 며칠 전부터"
UI_NPC_DIALOGUE_SUFFIX_CHEN_PO,您快帮我看看吧。,您快幫我看看吧。,"Please, have a look at me quickly.",早く診てください。,어서 진찰해 주세요.
UI_NPC_DIALOGUE_PREFIX_CHEN_SHAN_ZHANG,大夫，我这几日,大夫，我這幾日,"Doctor, these past few days I've been",先生、ここ数日、,"의원님, 며칠 전부터"
UI_NPC_DIALOGUE_SUFFIX_CHEN_SHAN_ZHANG,劳烦您给我看看。,勞煩您給我看看。,Would you kindly take a look?,診ていただけますか。,한번 진찰해 주시겠습니까?
UI_NPC_DIALOGUE_PREFIX_DU_ER_SAO,先生，我这两天,先生，我這兩天,"Doctor, for the past couple of days I've been",先生、この二日ほど、,"선생님, 이틀 전부터"
UI_NPC_DIALOGUE_SUFFIX_DU_ER_SAO,请您帮我看看。,請您幫我看看。,Could you please examine me?,診ていただけますか。,한번 진찰해 주세요.
UI_NPC_DIALOGUE_PREFIX_FENG_JUN_BAO,我这几日,我這幾日,"These past few days, I've been",ここ数日、,며칠 전부터
UI_NPC_DIALOGUE_SUFFIX_FENG_JUN_BAO,请您帮我看看吧。,請您幫我看看吧。,"Please, could you take a look?",診ていただけませんか。,한번 진찰해 주세요.
UI_NPC_DIALOGUE_PREFIX_GAO_XIU_LIAN,大夫，我最近,大夫，我最近,"Doctor, lately I've been",先生、最近、,"의원님, 요즘"
UI_NPC_DIALOGUE_SUFFIX_GAO_XIU_LIAN,麻烦您给瞧瞧,麻煩您給瞧瞧,Would you mind taking a look?,診ていただけますか。,한번 살펴봐 주시겠어요?
UI_NPC_DIALOGUE_PREFIX_HAN_ZHANG_GUI,大夫，我这两天,大夫，我這兩天,"Doctor, for the past couple of days I've been",先生、この二日ほど、,"의원님, 이틀 전부터"
UI_NPC_DIALOGUE_SUFFIX_HAN_ZHANG_GUI,劳烦您给我看看。,勞煩您給我看看。,Would you kindly take a look?,診ていただけますか。,한번 진찰해 주시겠습니까?
UI_NPC_DIALOGUE_PREFIX_HE_SAN_JIE,我这两天,我這兩天,"For the past couple of days, I've been",この二日ほど、,이틀 전부터
UI_NPC_DIALOGUE_SUFFIX_HE_SAN_JIE,请您给我看看吧。,請您給我看看吧。,Please take a look and see what's wrong.,診察をお願いします。,한번 진찰해 주세요.
UI_NPC_DIALOGUE_PREFIX_HE_ZHANG_SHAO,大夫，我最近,大夫，我最近,"Doctor, lately I've been",先生、最近、,"의원님, 요즘"
UI_NPC_DIALOGUE_SUFFIX_HE_ZHANG_SHAO,大夫快给我看看吧。,大夫快給我看看吧。,"Doctor, please have a look at me quickly.",先生、早く診てください。,"의원님, 어서 진찰해 주세요."
UI_NPC_DIALOGUE_PREFIX_HUA_JIN_NIANG,我这几日,我這幾日,"These past few days, I've been",ここ数日、,며칠 전부터
UI_NPC_DIALOGUE_SUFFIX_HUA_JIN_NIANG,劳烦先生您给小妇看看。,勞煩先生您給小婦看看。,"Would you kindly examine me, Doctor?",先生、私を診ていただけませんか。,"선생님, 저도 한번 진찰해 주세요."
UI_NPC_DIALOGUE_PREFIX_HUA_YUN,先生，我这几天,先生，我這幾天,"Doctor, these past few days I've been",先生、ここ数日、,"선생님, 며칠 전부터"
UI_NPC_DIALOGUE_SUFFIX_HUA_YUN,烦请先生给我看看。,煩請先生給我看看。,"Doctor, would you please take a look?",先生、どうか診てください。,"선생님, 한번 살펴봐 주세요."
UI_NPC_DIALOGUE_PREFIX_HUANG_NIU_ER,哎哟大夫，我,哎喲大夫，我,"Oh dear, Doctor, I've been",あいたた……先生、私は,"아이고, 의원님…"
UI_NPC_DIALOGUE_SUFFIX_HUANG_NIU_ER,快给我看看吧。,快給我看看吧。,Please have a look at me quickly.,早く診てください。,어서 좀 봐 주세요.
UI_NPC_DIALOGUE_PREFIX_HUANG_QIU_JU,我这两天,我這兩天,"For the past couple of days, I've been",この二日ほど、,이틀 전부터
UI_NPC_DIALOGUE_SUFFIX_HUANG_QIU_JU,请您给小女看看吧。,請您給小女看看吧。,Please take a look at me.,娘を診ていただけませんか。,저도 한번 진찰해 주세요.
UI_NPC_DIALOGUE_PREFIX_JI_YUN_NIANG,先生，我这几日,先生，我這幾日,"Doctor, these past few days I've been",先生、ここ数日、,"선생님, 며칠 전부터"
UI_NPC_DIALOGUE_SUFFIX_JI_YUN_NIANG,麻烦您给小女子看看。,麻煩您給小女子看看。,Would you mind examining me?,私を診ていただけませんか。,저도 한번 진찰해 주시겠어요?
UI_NPC_DIALOGUE_PREFIX_JIANG_CHUAN_ER,大夫，我这几天,大夫，我這幾天,"Doctor, these past few days I've been",先生、ここ数日、,"의원님, 며칠 전부터"
UI_NPC_DIALOGUE_SUFFIX_JIANG_CHUAN_ER,给我看看吧。,給我看看吧。,"Have a look at me, please.",診てください。,한번 봐 주세요.
UI_NPC_DIALOGUE_PREFIX_JIANG_YUE_NIANG,我这几日,我這幾日,"These past few days, I've been",ここ数日、,며칠 전부터
UI_NPC_DIALOGUE_SUFFIX_JIANG_YUE_NIANG,劳烦先生给我看看。,勞煩先生給我看看。,"Doctor, would you kindly take a look?",先生、診ていただけますか。,"선생님, 한번 진찰해 주세요."
UI_NPC_DIALOGUE_PREFIX_LI_GOU_DAN,先生，俺这两天,先生，俺這兩天,"Doctor, these past couple of days I've been",先生、この二日ほど、,"선생님, 제가 이틀 전부터"
UI_NPC_DIALOGUE_SUFFIX_LI_GOU_DAN,请您给俺看看吧。,請您給俺看看吧。,Please take a look at me.,どうか診てください。,저 좀 진찰해 주세요.
UI_NPC_DIALOGUE_PREFIX_LI_JIN_QING,先生，我这几日,先生，我這幾日,"Doctor, these past few days I've been",先生、ここ数日、,"선생님, 며칠 전부터"
UI_NPC_DIALOGUE_SUFFIX_LI_JIN_QING,烦请先生给看看。,煩請先生給看看。,"Doctor, please take a look.",先生、どうか診てください。,"선생님, 한번 살펴봐 주세요."
UI_NPC_DIALOGUE_PREFIX_LI_SI,先生，我这几天,先生，我這幾天,"Doctor, these past few days I've been",先生、ここ数日、,"선생님, 며칠 전부터"
UI_NPC_DIALOGUE_SUFFIX_LI_SI,麻烦您帮我看看吧。,麻煩您幫我看看吧。,Could you please see what's wrong?,どうか診ていただけませんか。,한번 봐 주시겠어요?
UI_NPC_DIALOGUE_PREFIX_LI_YUAN_WAI,小郎中啊，老夫这几日,小郎中啊，老夫這幾日,"Young doctor, these past few days I've been",若い先生、ここ数日、,"젊은 의원, 내가 며칠 전부터"
UI_NPC_DIALOGUE_SUFFIX_LI_YUAN_WAI,你给老夫瞧瞧。,你給老夫瞧瞧。,"Take a look at me, young doctor.",わしを診てくれ。,나를 한번 살펴봐 주시오.
UI_NPC_DIALOGUE_PREFIX_LIN_QIAO_NIANG,我这几日,我這幾日,"These past few days, I've been",ここ数日、,며칠 전부터
UI_NPC_DIALOGUE_SUFFIX_LIN_QIAO_NIANG,劳烦先生您给小妇看看。,勞煩先生您給小婦看看。,"Would you kindly examine me, Doctor?",先生、私を診ていただけませんか。,"선생님, 저도 한번 진찰해 주세요."
UI_NPC_DIALOGUE_PREFIX_LIU_DA,大夫，俺这两天,大夫，俺這兩天,"Doctor, these past couple of days I've been",先生、この二日ほど、,"의원님, 제가 이틀 전부터"
UI_NPC_DIALOGUE_SUFFIX_LIU_DA,麻烦您帮俺看看吧。,麻煩您幫俺看看吧。,Could you please see what's wrong with me?,どうか診てください。,저 좀 봐 주세요.
UI_NPC_DIALOGUE_PREFIX_LIU_FU,大夫，我最近,大夫，我最近,"Doctor, lately I've been",先生、最近、,"의원님, 요즘"
UI_NPC_DIALOGUE_SUFFIX_LIU_FU,给我看看吧。,給我看看吧。,"Have a look at me, please.",診てください。,한번 봐 주세요.
UI_NPC_DIALOGUE_PREFIX_LIU_TAI_GONG,先生啊，老朽这几日,先生啊，老朽這幾日,"Doctor, these past few days I've been",先生、ここ数日、,"선생, 이 늙은이가 며칠 전부터"
UI_NPC_DIALOGUE_SUFFIX_LIU_TAI_GONG,麻烦您给我看看。,麻煩您給我看看。,Would you mind taking a look?,診察をお願いします。,좀 진찰해 주시겠소?
UI_NPC_DIALOGUE_PREFIX_LIU_WEN_PO,先生啊，俺这几天,先生啊，俺這幾天,"Doctor, these past few days I've been",先生、ここ数日、,"선생님, 제가 요 며칠"
UI_NPC_DIALOGUE_SUFFIX_LIU_WEN_PO,请您给俺看看。,請您給俺看看。,Please have a look at me.,どうか診てください。,저 좀 진찰해 주세요.
UI_NPC_DIALOGUE_PREFIX_LIU_YING_ER,先生，我这几天,先生，我這幾天,"Doctor, these past few days I've been",先生、ここ数日、,"선생님, 며칠 전부터"
UI_NPC_DIALOGUE_SUFFIX_LIU_YING_ER,请您给小女看看吧。,請您給小女看看吧。,Please take a look at me.,娘を診ていただけませんか。,저도 한번 진찰해 주세요.
UI_NPC_DIALOGUE_PREFIX_LV_TAI_JUN,小先生啊，老婆子我最近,小先生啊，老婆子我最近,"Young doctor, lately I've been",若先生、最近、,"젊은 의원님, 이 늙은이가 요즘"
UI_NPC_DIALOGUE_SUFFIX_LV_TAI_JUN,您给我瞧瞧。,您給我瞧瞧。,"Have a look at me, would you?",診ていただけますか。,한번 살펴봐 주시겠어요?
UI_NPC_DIALOGUE_PREFIX_MA_CHANG_FENG,先生，我最近,先生，我最近,"Doctor, lately I've been",先生、最近、,"선생님, 요즘"
UI_NPC_DIALOGUE_SUFFIX_MA_CHANG_FENG,麻烦您给看看。,麻煩您給看看。,Would you mind having a look?,診察をお願いします。,한번 봐 주시겠어요?
UI_NPC_DIALOGUE_PREFIX_QIAN_BU_LOU,我最近,我最近,"Lately, I've been",最近、,요즘
UI_NPC_DIALOGUE_SUFFIX_QIAN_BU_LOU,快快，快给我看看。,快快，快給我看看。,Quickly—please take a look at me.,早く、早く診てくれ。,"어서, 어서 좀 봐 주시오."
UI_NPC_DIALOGUE_PREFIX_QIN_SAN_NIANG,咳咳，大夫，我这几日,咳咳，大夫，我這幾日,"Ahem... Doctor, these past few days I've been",ゴホゴホ……先生、ここ数日、,"콜록콜록… 의원님, 며칠 전부터"
UI_NPC_DIALOGUE_SUFFIX_QIN_SAN_NIANG,劳烦您给我看看。,勞煩您給我看看。,Would you kindly take a look?,診ていただけますか。,한번 진찰해 주시겠습니까?
UI_NPC_DIALOGUE_PREFIX_SHEN_GUI,哎哟哟，我,哎喲喲，我,Oh dear... I've been,あいたた……私は,아이고…
UI_NPC_DIALOGUE_SUFFIX_SHEN_GUI,快给我看看吧。,快給我看看吧。,Please have a look at me quickly.,早く診てください。,어서 좀 봐 주세요.
UI_NPC_DIALOGUE_PREFIX_SHI_GAN,咳咳，先生我这两天,咳咳，先生我這兩天,"Ahem... Doctor, these past couple of days I've been",ゴホゴホ……先生、この二日ほど、,"콜록콜록… 선생님, 이틀 전부터"
UI_NPC_DIALOGUE_SUFFIX_SHI_GAN,您快帮我看看吧。,您快幫我看看吧。,"Please, have a look at me quickly.",早く診てください。,어서 진찰해 주세요.
UI_NPC_DIALOGUE_PREFIX_SHI_GENG_SHENG,我最近几天,我最近幾天,"These past few days, I've been",ここ数日、,요 며칠
UI_NPC_DIALOGUE_SUFFIX_SHI_GENG_SHENG,请您给看看吧。,請您給看看吧。,Please have a look.,どうか診てください。,한번 진찰해 주세요.
UI_NPC_DIALOGUE_PREFIX_SU_XIU_HE,先生，我这几日,先生，我這幾日,"Doctor, these past few days I've been",先生、ここ数日、,"선생님, 며칠 전부터"
UI_NPC_DIALOGUE_SUFFIX_SU_XIU_HE,麻烦您给小女子看看。,麻煩您給小女子看看。,Would you mind examining me?,私を診ていただけませんか。,저도 한번 진찰해 주시겠어요?
UI_NPC_DIALOGUE_PREFIX_SUN_JIANG_ER,先生，我这几日,先生，我這幾日,"Doctor, these past few days I've been",先生、ここ数日、,"선생님, 며칠 전부터"
UI_NPC_DIALOGUE_SUFFIX_SUN_JIANG_ER,请您帮我看看吧。,請您幫我看看吧。,"Please, could you take a look?",診ていただけませんか。,한번 진찰해 주세요.
UI_NPC_DIALOGUE_PREFIX_SUN_XIAO_MEI,我这几天,我這幾天,"These past few days, I've been",ここ数日、,며칠 전부터
UI_NPC_DIALOGUE_SUFFIX_SUN_XIAO_MEI,请您给我看看吧。,請您給我看看吧。,Please take a look and see what's wrong.,診察をお願いします。,한번 진찰해 주세요.
UI_NPC_DIALOGUE_PREFIX_TIAN_CHUN_LUO,我最近几日,我最近幾日,"These past few days, I've been",ここ数日、,요 며칠
UI_NPC_DIALOGUE_SUFFIX_TIAN_CHUN_LUO,请您给看看。,請您給看看。,Please take a look.,診ていただけますか。,한번 진찰해 주세요.
UI_NPC_DIALOGUE_PREFIX_WANG_CHAO_FENG,咳咳，我最近,咳咳，我最近,"Ahem... Lately, I've been",ゴホゴホ……最近、,콜록콜록… 요즘
UI_NPC_DIALOGUE_SUFFIX_WANG_CHAO_FENG,您帮老夫瞧瞧。,您幫老夫瞧瞧。,"Would you take a look at me, Doctor?",わしを診ていただけますか。,나를 한번 살펴봐 주시오.
UI_NPC_DIALOGUE_PREFIX_WANG_DA_SAO,先生，俺这两天,先生，俺這兩天,"Doctor, these past couple of days I've been",先生、この二日ほど、,"선생님, 제가 이틀 전부터"
UI_NPC_DIALOGUE_SUFFIX_WANG_DA_SAO,您帮俺瞧瞧。,您幫俺瞧瞧。,Could you have a look at me?,診ていただけますか。,저 좀 살펴봐 주세요.
UI_NPC_DIALOGUE_PREFIX_WANG_LAO_AN_REN,先生，老妇这两天,先生，老婦這兩天,"Doctor, these past couple of days I've been",先生、この二日ほど、,"선생님, 이 늙은이가 이틀 전부터"
UI_NPC_DIALOGUE_SUFFIX_WANG_LAO_AN_REN,劳烦您给我看看。,勞煩您給我看看。,Would you kindly take a look?,診ていただけますか。,한번 진찰해 주시겠습니까?
UI_NPC_DIALOGUE_PREFIX_WANG_WU,大夫，我这两天,大夫，我這兩天,"Doctor, for the past couple of days I've been",先生、この二日ほど、,"의원님, 이틀 전부터"
UI_NPC_DIALOGUE_SUFFIX_WANG_WU,给我看看吧。,給我看看吧。,"Have a look at me, please.",診てください。,한번 봐 주세요.
UI_NPC_DIALOGUE_PREFIX_WANG_YUAN_SHAN,先生，我最近,先生，我最近,"Doctor, lately I've been",先生、最近、,"선생님, 요즘"
UI_NPC_DIALOGUE_SUFFIX_WANG_YUAN_SHAN,请您给我看看吧。,請您給我看看吧。,Please take a look and see what's wrong.,診察をお願いします。,한번 진찰해 주세요.
UI_NPC_DIALOGUE_PREFIX_WEI_DA_JIAO,哎哟，俺这两天,哎喲，俺這兩天,Oh dear... These past couple of days I've been,あいたた……この二日ほど、,아이고… 제가 이틀 전부터
UI_NPC_DIALOGUE_SUFFIX_WEI_DA_JIAO,麻烦您给瞧瞧,麻煩您給瞧瞧,Would you mind taking a look?,診ていただけますか。,한번 살펴봐 주시겠어요?
UI_NPC_DIALOGUE_PREFIX_WU_BAN_TOU,大夫，我最近,大夫，我最近,"Doctor, lately I've been",先生、最近、,"의원님, 요즘"
UI_NPC_DIALOGUE_SUFFIX_WU_BAN_TOU,您快帮我看看吧。,您快幫我看看吧。,"Please, have a look at me quickly.",早く診てください。,어서 진찰해 주세요.
UI_NPC_DIALOGUE_PREFIX_XU_SI_GU,我最近,我最近,"Lately, I've been",最近、,요즘
UI_NPC_DIALOGUE_SUFFIX_XU_SI_GU,快给我看看吧。,快給我看看吧。,Please have a look at me quickly.,早く診てください。,어서 좀 봐 주세요.
UI_NPC_DIALOGUE_PREFIX_XU_XIANG_JUN,先生，我这几日,先生，我這幾日,"Doctor, these past few days I've been",先生、ここ数日、,"선생님, 며칠 전부터"
UI_NPC_DIALOGUE_SUFFIX_XU_XIANG_JUN,烦请先生给奴家看看。,煩請先生給奴家看看。,"Doctor, would you kindly examine me?",先生、どうか私を診てください。,"선생님, 제 병도 한번 살펴봐 주세요."
UI_NPC_DIALOGUE_PREFIX_YAN_BU_TOU,我这几日,我這幾日,"These past few days, I've been",ここ数日、,며칠 전부터
UI_NPC_DIALOGUE_SUFFIX_YAN_BU_TOU,烦请先生给看看。,煩請先生給看看。,"Doctor, please take a look.",先生、どうか診てください。,"선생님, 한번 살펴봐 주세요."
UI_NPC_DIALOGUE_PREFIX_YAN_PO,先生，老妇这两天,先生，老婦這兩天,"Doctor, these past couple of days I've been",先生、この二日ほど、,"선생님, 이 늙은이가 이틀 전부터"
UI_NPC_DIALOGUE_SUFFIX_YAN_PO,请您帮我看看吧。,請您幫我看看吧。,"Please, could you take a look?",診ていただけませんか。,한번 진찰해 주세요.
UI_NPC_DIALOGUE_PREFIX_YANG_XIU_CAI,大夫，学生这几日,大夫，學生這幾日,"Doctor, these past few days I've been",先生、ここ数日、,"의원님, 소생이 며칠 전부터"
UI_NPC_DIALOGUE_SUFFIX_YANG_XIU_CAI,请您给看看吧。,請您給看看吧。,Please have a look.,どうか診てください。,한번 진찰해 주세요.
UI_NPC_DIALOGUE_PREFIX_YAO_ZHANG_GUI,先生，我这两天,先生，我這兩天,"Doctor, for the past couple of days I've been",先生、この二日ほど、,"선생님, 이틀 전부터"
UI_NPC_DIALOGUE_SUFFIX_YAO_ZHANG_GUI,请您给看看。,請您給看看。,Please take a look.,診ていただけますか。,한번 진찰해 주세요.
UI_NPC_DIALOGUE_PREFIX_YE_JIANG_ZHOU,先生，我这几日,先生，我這幾日,"Doctor, these past few days I've been",先生、ここ数日、,"선생님, 며칠 전부터"
UI_NPC_DIALOGUE_SUFFIX_YE_JIANG_ZHOU,劳烦先生给小可看看。,勞煩先生給小可看看。,"Would you kindly examine me, Doctor?",先生、診ていただけますか。,"선생님, 소인을 한번 진찰해 주십시오."
UI_NPC_DIALOGUE_PREFIX_YOU_XIU_GU,我最近几天,我最近幾天,"These past few days, I've been",ここ数日、,요 며칠
UI_NPC_DIALOGUE_SUFFIX_YOU_XIU_GU,请先生给我看看吧,請先生給我看看吧,"Doctor, please take a look at me.",先生、どうか診てください。,"선생님, 한번 진찰해 주세요."
UI_NPC_DIALOGUE_PREFIX_ZHANG_SAN,大夫，我这几天,大夫，我這幾天,"Doctor, these past few days I've been",先生、ここ数日、,"의원님, 며칠 전부터"
UI_NPC_DIALOGUE_SUFFIX_ZHANG_SAN,帮我看看吧。,幫我看看吧。,Could you take a look?,診てください。,한번 봐 주세요.
UI_NPC_DIALOGUE_PREFIX_ZHANG_TU,哎哟大夫，俺,哎喲大夫，俺,"Oh dear, Doctor, I've been",あいたた……先生、私は,"아이고, 의원님…"
UI_NPC_DIALOGUE_SUFFIX_ZHANG_TU,快给俺看看吧。,快給俺看看吧。,"Please, have a look at me quickly.",早く診てください。,어서 좀 봐 주세요.
UI_NPC_DIALOGUE_PREFIX_ZHANG_YU_ZHI,大夫，我这两天,大夫，我這兩天,"Doctor, for the past couple of days I've been",先生、この二日ほど、,"의원님, 이틀 전부터"
UI_NPC_DIALOGUE_SUFFIX_ZHANG_YU_ZHI,麻烦您帮我看看吧。,麻煩您幫我看看吧。,Could you please see what's wrong?,どうか診ていただけませんか。,한번 봐 주시겠어요?
UI_NPC_DIALOGUE_PREFIX_ZHAO_LIU,先生，我最近,先生，我最近,"Doctor, lately I've been",先生、最近、,"선생님, 요즘"
UI_NPC_DIALOGUE_SUFFIX_ZHAO_LIU,麻烦您给我看看。,麻煩您給我看看。,Would you mind taking a look?,診察をお願いします。,한번 진찰해 주시겠어요?
UI_NPC_DIALOGUE_PREFIX_ZHAO_YA_PO,大夫，老婆子我这几日,大夫，老婆子我這幾日,"Doctor, these past few days I've been",先生、ここ数日、,"의원님, 이 늙은이가 며칠 전부터"
UI_NPC_DIALOGUE_SUFFIX_ZHAO_YA_PO,劳烦您给我看看。,勞煩您給我看看。,Would you kindly take a look?,診ていただけますか。,한번 진찰해 주시겠습니까?
UI_NPC_DIALOGUE_PREFIX_ZHENG_ER_JIE,先生，我最近,先生，我最近,"Doctor, lately I've been",先生、最近、,"선생님, 요즘"
UI_NPC_DIALOGUE_SUFFIX_ZHENG_ER_JIE,麻烦您给我看看。,麻煩您給我看看。,Would you mind taking a look?,診察をお願いします。,한번 진찰해 주시겠어요?
UI_NPC_DIALOGUE_PREFIX_ZHOU_LU_AN,大夫，我这几天,大夫，我這幾天,"Doctor, these past few days I've been",先生、ここ数日、,"의원님, 며칠 전부터"
UI_NPC_DIALOGUE_SUFFIX_ZHOU_LU_AN,麻烦您给我看看。,麻煩您給我看看。,Would you mind taking a look?,診察をお願いします。,한번 진찰해 주시겠어요?
UI_NPC_GENERIC_SYMPTOM,身体不适,身體不適,feeling unwell,体調が優れません,몸이 좋지 않아요
STORY_000_01_001_TEXT,转眼多年过去…,轉眼多年過去…,Years passed in the blink of an eye…,それから長い年月が流れた……,눈 깜짝할 사이에 여러 해가 흘렀다…
STORY_000_01_002_TEXT,李东璧去各地实地考察，采集样本，参考800多种书籍，历经三次改写，终于完成著作。全书共52卷，载药1892种，方剂11096首，插图1109幅，约190万字。,李東璧去各地實地考察，採集樣本，參考800多種書籍，歷經三次改寫，終於完成著作。全書共52卷，載藥1892種，方劑11096首，插圖1109幅，約190萬字。,"Li Dongbi traveled far and wide to study medicinal plants and collect specimens. Drawing on more than 800 books, he revised his manuscript three times before finally completing it: 52 volumes describing 1,892 medicinal substances and 11,096 prescriptions, with 1,109 illustrations and roughly 1.9 million Chinese characters.",李東璧は各地を実地調査し、標本を集め、800種を超える書物を参照した。原稿を三度書き直し、ついに著作を完成させた。全52巻、収録した薬は1892種、処方は11096方、挿絵は1109点、文字数は約190万字に及ぶ。,"이동벽은 각지를 직접 답사하며 표본을 모으고, 800여 권의 서적을 참고했다. 세 차례 원고를 고친 끝에 마침내 저술을 완성했다. 전 52권에 약재 1,892종, 처방 11,096수, 삽화 1,109점, 약 190만 자를 담았다."
STORY_000_01_003_SPEAKER,李东璧,李東璧,Li Dongbi,李東璧,이동벽
STORY_000_01_003_TEXT,终于完成了…,終於完成了…,At last… it's finished.,ようやく完成した……,드디어 끝났다…
STORY_000_01_004_SPEAKER,吴芷兰,吳芷蘭,Wu Zhilan,呉芷蘭,오지란
STORY_000_01_004_TEXT,老头子...,老頭子...,You old man…,あなた……,이 양반아…
STORY_000_01_005_SPEAKER,李建中,李建中,Li Jianzhong,李建中,이건중
STORY_000_01_005_TEXT,爹，您写的这部旷世奇书一定要出版发行，让天下人都能用上。,爹，您寫的這部曠世奇書一定要出版發行，讓天下人都能用上。,"Father, this extraordinary book of yours must be published, so people everywhere can put it to use.",父上、この世にまたとない大著は、ぜひ出版してください。天下の人々の役に立つはずです。,아버지가 쓰신 이 불후의 명저는 반드시 출판해야 합니다. 그래야 온 세상 사람들이 활용할 수 있습니다.
STORY_000_02_001_SPEAKER,胡承龙,胡承龍,Hu Chenglong,胡承竜,호승룡
STORY_000_02_001_TEXT,李老先生，打扰啦。在下胡承龙，是做书籍生意的，听说您有书想要刻板发行？,李老先生，打擾啦。在下胡承龍，是做書籍生意的，聽說您有書想要刻板發行？,"Master Li, pardon the intrusion. I am Hu Chenglong, a bookseller. I hear you have a book you wish to have printed?",李先生、お邪魔いたします。書肆を営む胡承竜と申します。版木を彫って出版したい本があると伺いましたが？,"이 선생님, 실례합니다. 저는 호승룡이라 하며 서적상을 하고 있습니다. 선생님께서 판각하여 출간하고 싶은 책이 있다고 들었습니다."
STORY_000_02_002_SPEAKER,李东璧,李東璧,Li Dongbi,李東璧,이동벽
STORY_000_02_002_TEXT,辛苦胡老板亲自来一趟，在下确实有一部医书想要拜托您发行。,辛苦胡老闆親自來一趟，在下確實有一部醫書想要拜託您發行。,"Thank you for coming in person, Master Hu. I do indeed have a medical book I would like you to publish.",胡殿、わざわざお越しいただき恐縮です。確かに医学書の刊行をお願いしたいのです。,"직접 와 주셔서 고맙소, 호 사장. 나에게는 출판을 부탁하고 싶은 의서가 하나 있소."
STORY_000_02_003_TEXT,胡承龙大致确认了书的内容,胡承龍大致確認了書的內容,Hu Chenglong briefly examined the manuscript.,胡承竜は書物の内容をひととおり確かめた。,호승룡이 원고의 내용을 대략 살펴보았다
STORY_000_02_004_SPEAKER,胡承龙,胡承龍,Hu Chenglong,胡承竜,호승룡
STORY_000_02_004_TEXT,哎呀，老先生大作真是让在下佩服，真是古今医书之集大成者啊。,哎呀，老先生大作真是讓在下佩服，真是古今醫書之集大成者啊。,"What a remarkable work, Master Li! It brings together the finest medical knowledge of past and present.",いやはや、先生の大著には感服いたしました。古今の医学書を集大成した一冊ですな。,"아이고, 선생님의 대작에는 정말 감탄했습니다. 고금의 의서를 집대성한 책이라 할 만합니다."
STORY_000_02_005_SPEAKER,李东璧,李東璧,Li Dongbi,李東璧,이동벽
STORY_000_02_005_TEXT,胡老板过奖了，您看什么时候能开始刻板？,胡老闆過獎了，您看什麼時候能開始刻板？,"You flatter me, Master Hu. When might you begin carving the printing blocks?",お褒めにあずかり恐縮です。版木の彫刻はいつ始められますか？,"과찬이오, 호 사장. 언제쯤 판각을 시작할 수 있겠소?"
STORY_000_02_006_SPEAKER,胡承龙,胡承龍,Hu Chenglong,胡承竜,호승룡
STORY_000_02_006_TEXT,唉，老先生我就跟您实话实说吧。,唉，老先生我就跟您實話實說吧。,"Master Li, I had best speak frankly.",はあ……先生には正直に申し上げましょう。,"선생님, 솔직히 말씀드리겠습니다."
STORY_000_02_007_SPEAKER,胡承龙,胡承龍,Hu Chenglong,胡承竜,호승룡
STORY_000_02_007_TEXT,您的书确实是医家至宝，可当今世人爱看的是英雄演义，才子佳人，就算发行了恐怕也是卖不出去的。,您的書確實是醫家至寶，可當今世人愛看的是英雄演義，才子佳人，就算發行了恐怕也是賣不出去的。,"Your book is a treasure for physicians, but readers these days want heroic tales and romances. I fear it would not sell even if we printed it.",確かに医家にとっては宝ですが、今の世で好まれるのは英雄譚や恋物語。刊行しても売れないでしょう。,"선생님의 책은 의원들에게는 더없이 귀한 보물이지만, 요즘 사람들은 영웅담이나 재자가인의 연애 이야기를 즐겨 읽습니다. 출간해도 아마 잘 팔리지 않을 겁니다."
STORY_000_02_008_SPEAKER,胡承龙,胡承龍,Hu Chenglong,胡承竜,호승룡
STORY_000_02_008_TEXT,再者，您这大作洋洋洒洒几百万字，还有大量插图。,再者，您這大作洋洋灑灑幾百萬字，還有大量插圖。,"Besides, your manuscript runs to millions of characters and contains a great many illustrations.",しかも、これだけの大著には何百万もの文字と大量の挿絵があります。,게다가 이 대작은 수백만 자에 달하고 삽화도 아주 많습니다.
STORY_000_02_009_SPEAKER,胡承龙,胡承龍,Hu Chenglong,胡承竜,호승룡
STORY_000_02_009_TEXT,我按市价每百字一钱银子算，再加上油墨，纸张，木料，装订各种费用，初版二十套的发行，我估计要花费两千两白银。,我按市價每百字一錢銀子算，再加上油墨，紙張，木料，裝訂各種費用，初版二十套的發行，我估計要花費兩千兩白銀。,"At the market rate of one qian of silver per hundred characters, plus ink, paper, wood and binding, I estimate that an initial run of twenty sets would cost two thousand taels of silver.",相場どおり百字につき銀一銭として、墨、紙、木材、製本の費用も加えると、初版二十組だけで銀二千両はかかるでしょう。,"시세대로 백 자당 은전 한 전으로 계산하고, 먹·종이·목재·제본 비용까지 더하면 초판 20질을 인쇄하는 데 은 2천 냥이 들 것으로 보입니다."
STORY_000_02_010_SPEAKER,胡承龙,胡承龍,Hu Chenglong,胡承竜,호승룡
STORY_000_02_010_TEXT,虽然您这书确实是好书，可我们也不能做亏本买卖不是。,雖然您這書確實是好書，可我們也不能做虧本買賣不是。,"It is an excellent book, but I cannot run my business at a loss.",良書であるのは間違いありませんが、こちらも赤字の商売はできません。,"좋은 책인 것은 분명하지만, 밑지는 장사를 할 수는 없지 않습니까."
STORY_000_02_011_SPEAKER,胡承龙,胡承龍,Hu Chenglong,胡承竜,호승룡
STORY_000_02_011_TEXT,您老要是想自己掏钱印书，胡某也不是无情无义之人，我不赚钱，给您按最低的成本价给您发行，您看如何？,您老要是想自己掏錢印書，胡某也不是無情無義之人，我不賺錢，給您按最低的成本價給您發行，您看如何？,"If you can pay to print it yourself, I will charge you only the bare cost. I would earn nothing from it. What do you say?",先生が自費で印刷なさるなら、私も利益を取らず、最低限の実費で引き受けます。いかがでしょう？,"직접 돈을 내고 책을 인쇄하실 생각이라면, 저도 무정한 사람은 아니니 이윤 없이 최소 원가로 출판해 드리겠습니다. 어떠십니까?"
STORY_000_02_012_SPEAKER,李东璧,李東璧,Li Dongbi,李東璧,이동벽
STORY_000_02_012_TEXT,两千两…我上哪弄两千两银子啊…,兩千兩…我上哪弄兩千兩銀子啊…,Two thousand taels… Where could I possibly find that much silver?,二千両……そんな大金をどこから用意すれば……,2천 냥이라니… 그 많은 은전을 어디서 구한단 말인가…
STORY_000_02_013_SPEAKER,胡承龙,胡承龍,Hu Chenglong,胡承竜,호승룡
STORY_000_02_013_TEXT,老先生您慢慢考虑，在下就先告辞了。,老先生您慢慢考慮，在下就先告辭了。,"Take your time to consider it, Master Li. I shall take my leave.",どうぞゆっくりお考えください。私はこれで失礼します。,"천천히 생각해 보십시오, 선생님. 저는 이만 물러가겠습니다."
STORY_000_03_001_SPEAKER,李建中,李建中,Li Jianzhong,李建中,이건중
STORY_000_03_001_TEXT,爹，今天和书商谈得怎么样？,爹，今天和書商談得怎麼樣？,"Father, how did the meeting with the bookseller go today?",父上、今日の書肆との話し合いはどうでしたか？,"아버지, 오늘 서적상과의 이야기는 어떻게 됐습니까?"
STORY_000_03_002_SPEAKER,李东璧,李東璧,Li Dongbi,李東璧,이동벽
STORY_000_03_002_TEXT,那书商说，刻板发行需要两千两银子…,那書商說，刻板發行需要兩千兩銀子…,He says it will cost two thousand taels of silver to carve the blocks and print the book…,版木を彫って刊行するには銀二千両が必要だそうだ……,그 책 장수가 판각하고 출판하려면 은 2천 냥이 필요하다고 하더구나…
STORY_000_03_003_SPEAKER,李建中,李建中,Li Jianzhong,李建中,이건중
STORY_000_03_003_TEXT,两千两？要这么多银子！,兩千兩？要這麼多銀子！,Two thousand taels? That much?,二千両？　そんなにかかるのですか！,2천 냥이라고요? 그렇게나 많은 은전이요!
STORY_000_03_004_SPEAKER,李东璧,李東璧,Li Dongbi,李東璧,이동벽
STORY_000_03_004_TEXT,唉，要是不能出版，我看这书怕是没有多少年头就要失传了…,唉，要是不能出版，我看這書怕是沒有多少年頭就要失傳了…,"If it cannot be published, I fear the book will be lost within a few years…",はあ……出版できなければ、この書もそう遠くないうちに失われるだろう……,출판하지 못하면 이 책도 몇 년 지나지 않아 실전될까 걱정되는구나…
STORY_000_03_005_SPEAKER,李建中,李建中,Li Jianzhong,李建中,이건중
STORY_000_03_005_TEXT,儿子没用，不能给父亲分忧…,兒子沒用，不能給父親分憂…,"I have failed you, Father. I cannot help shoulder this burden…",息子の力が足りず、父上のお役に立てません……,소자가 부족하여 아버님의 근심을 덜어 드리지 못했습니다…
STORY_000_03_006_SPEAKER,李东璧,李東璧,Li Dongbi,李東璧,이동벽
STORY_000_03_006_TEXT,这是哪儿的话，你可是咱家最有出息的了。,這是哪兒的話，你可是咱家最有出息的了。,Do not say that. You have accomplished more than anyone else in this family.,何を言う。お前は我が家で一番の出世頭だ。,그게 무슨 말이냐. 너는 우리 집에서 가장 출세한 사람이지 않느냐.
STORY_000_03_007_SPEAKER,李东璧,李東璧,Li Dongbi,李東璧,이동벽
STORY_000_03_007_TEXT,你为官清廉，是官场清流，全家都以你为荣。这书的事儿，咱们再想想办法。,你為官清廉，是官場清流，全家都以你為榮。這書的事兒，咱們再想想辦法。,"You are an honest official, a rare bright light in government. We are all proud of you. We will find another way to publish the book.",お前は清廉な役人として、一家の誇りだ。この書のことは、また方法を考えよう。,"너는 청렴한 관리로 이름이 높고, 온 가족이 너를 자랑스러워한다. 책 문제는 우리가 다시 방법을 찾아보자꾸나."
STORY_000_03_008_SPEAKER,吴芷兰,吳芷蘭,Wu Zhilan,呉芷蘭,오지란
STORY_000_03_008_TEXT,老头子，你的恩师顾老先生和当今文坛第一人王世贞是世交，若能请他给你的书写一个序，天下学子必慕名而来，到时候肯定有书商愿意出版此书。,老頭子，你的恩師顧老先生和當今文壇第一人王世貞是世交，若能請他給你的書寫一個序，天下學子必慕名而來，到時候肯定有書商願意出版此書。,"Dear, your mentor Master Gu is an old family friend of Wang Shizhen, the leading man of letters today. If Wang wrote a preface for your book, scholars everywhere would seek it out. Surely a bookseller would then agree to publish it.",あなたの恩師である顧先生は、今の文壇の第一人者、王世貞先生と古いお知り合いでしょう。王先生に序文を書いていただければ、名を慕って多くの人が読み、出版を引き受ける書肆も現れるはずです。,"여보, 당신의 스승인 고 선생님은 지금 문단의 제일가는 인물인 왕세정과 대대로 친분이 있잖아요. 그분에게 책의 서문을 부탁하면 천하의 선비들이 이름을 듣고 찾아올 테니, 그때는 분명 이 책을 출판하려는 서적상이 나타날 거예요."
STORY_000_03_009_SPEAKER,李东璧,李東璧,Li Dongbi,李東璧,이동벽
STORY_000_03_009_TEXT,哎呀，还得是你啊老婆子，这主意好，这主意好。,哎呀，還得是你啊老婆子，這主意好，這主意好。,"Ah, my dear, you have done it! What a fine idea!",さすがはお前だ。いい考えだ、実にいい。,"역시 당신이 최고구려, 여보. 좋은 생각이오, 정말 좋은 생각이오."
STORY_000_03_010_SPEAKER,李建中,李建中,Li Jianzhong,李建中,이건중
STORY_000_03_010_TEXT,儿子明日就去太仓拜访王老先生！,兒子明日就去太倉拜訪王老先生！,I will go to Taicang tomorrow and visit Master Wang!,明日、私が太倉へ行って王先生を訪ねます！,제가 내일 타이창으로 가서 왕 선생님을 찾아뵙겠습니다!
STORY_000_04_001_SPEAKER,李建中,李建中,Li Jianzhong,李建中,이건중
STORY_000_04_001_TEXT,爹，我回来了，王老先生给您的书写了序。,爹，我回來了，王老先生給您的書寫了序。,"Father, I am back. Master Wang has written a preface for your book.",父上、ただいま戻りました。王先生が序文を書いてくださいました。,"아버지, 다녀왔습니다. 왕 선생께서 아버지 책에 서문을 써 주셨습니다."
STORY_000_04_002_TEXT,此帝王之秘箓，臣民之重宝。兹集也，藏之深山石室，无当。盖锲之，以共天下后世味太玄如子云者。,此帝王之秘籙，臣民之重寶。茲集也，藏之深山石室，無當。蓋鍥之，以共天下後世味太玄如子雲者。,"A secret record fit for emperors, a precious treasure for ministers and common people alike. This collection should not be hidden away in some mountain vault. Let it be carved and printed, so that future generations throughout the world may study its profound mysteries.",これは帝王の秘録にして、臣民の重宝である。この書を深山の石室にしまい込むのはふさわしくない。版木に刻み、後世の人々と広く分かち合うべきだ。,"이는 제왕의 비록이요, 신민의 귀중한 보배이다. 이 책을 깊은 산의 석실에 감춰 두는 것은 옳지 않다. 마땅히 판각하여 천하 후세의 사람들이 그 심오한 뜻을 음미하도록 해야 한다."
STORY_000_04_003_SPEAKER,李东璧,李東璧,Li Dongbi,李東璧,이동벽
STORY_000_04_003_TEXT,太好了。,太好了。,Wonderful.,それは素晴らしい。,정말 잘됐구나.
STORY_000_04_004_SPEAKER,李建中,李建中,Li Jianzhong,李建中,이건중
STORY_000_04_004_TEXT,我还去找了胡承龙，他答应出资帮您出书。再加上这些年您医治的病人，咱家的亲戚朋友，也有愿意出钱帮忙的，咱们只要再凑六百两就可以出版此书。,我還去找了胡承龍，他答應出資幫您出書。再加上這些年您醫治的病人，咱家的親戚朋友，也有願意出錢幫忙的，咱們只要再湊六百兩就可以出版此書。,"I also spoke to Hu Chenglong. He has agreed to contribute to the publication. Some of your former patients, along with our relatives and friends, are willing to help as well. We need only raise another six hundred taels to publish the book.",胡承竜にも会いました。出版費用を出してくれるそうです。父上が治療した患者や親戚、友人にも援助を申し出てくれた人がいます。あと六百両集めれば刊行できます。,"호승룡도 찾아갔는데, 아버지의 출판을 돕기 위해 돈을 보태겠다고 했습니다. 게다가 그동안 아버지에게 치료받은 환자들과 우리 친척·친구들 중에도 돕겠다는 사람들이 있습니다. 이제 600냥만 더 모으면 이 책을 출판할 수 있습니다."
STORY_000_04_005_SPEAKER,李东璧,李東璧,Li Dongbi,李東璧,이동벽
STORY_000_04_005_TEXT,六百也不是个小数目，但总归是有盼头了…,六百也不是個小數目，但總歸是有盼頭了…,"Six hundred is still a great deal of money, but at least there is hope now…",六百両も小さな額ではないが、ようやく希望が見えた……,"600냥도 적은 돈은 아니지만, 그래도 이제 희망은 있구나…"
STORY_000_05_001_TEXT,万历二十一年李东璧病逝，终年76岁…,萬曆二十一年李東璧病逝，終年76歲…,"Li Dongbi died in the twenty-first year of the Wanli reign, aged seventy-six…",万暦二十一年、李東璧は七十六歳で世を去った……,"만력 21년, 이동벽이 병으로 세상을 떠났다. 향년 76세…"
STORY_000_05_002_TEXT,万历二十四年，这部耗尽他一生心血的医书终于刻板发行…,萬曆二十四年，這部耗盡他一生心血的醫書終於刻板發行…,"In the twenty-fourth year of Wanli, the medical book to which he had devoted his life was finally printed…",万暦二十四年、生涯をかけて書き上げた医学書が、ついに版木を彫って刊行された……,"만력 24년, 그가 평생 심혈을 기울인 의서가 마침내 판각되어 출간되었다…"
STORY_000_05_003_TEXT,时珍，荆楚鄙人也。幼多羸疾，质成钝椎。僭纂述之权，岁历三十稔，书考八百余家，稿凡三易，复者芟之，阙者缉之，讹者绳之。旧本一千五百二十八种，今增药三百七十四种，分为一十六部，著成五十二卷，僭名曰本草纲目。,時珍，荊楚鄙人也。幼多羸疾，質成鈍椎。僭纂述之權，歲歷三十稔，書考八百餘家，稿凡三易，復者芟之，闕者緝之，訛者繩之。舊本一千五百二十八種，今增藥三百七十四種，分為一十六部，著成五十二卷，僭名曰本草綱目。,"I, Shizhen, am a humble man of Jingchu. Sickly as a child and slow of mind, I presumed to undertake this compilation. Over thirty years I consulted more than eight hundred works and revised the manuscript three times, cutting repetition, filling gaps and correcting errors. To the 1,528 medicinal substances in earlier works, I added 374, arranged them in sixteen divisions and completed fifty-two volumes. I have dared to call it the Compendium of Materia Medica.",時珍は荊楚の片田舎の者である。幼少より病弱で、才も鈍かった。僭越ながら書を編むこと三十年余り、八百余家の書を調べ、稿を三度改め、重複を削り、欠落を補い、誤りを正した。旧書の薬千五百二十八種に三百七十四種を加え、十六部、五十二巻にまとめ、恐れ多くも『本草綱目』と名づけた。,"나 시진은 형초의 보잘것없는 사람이다. 어려서부터 병약했고 자질도 둔했다. 감히 이 편찬을 맡아 30년 세월을 보내며 800여 가문의 책을 고증하고, 원고를 세 번 고쳤다. 중복된 것은 덜어 내고, 빠진 것은 보충하고, 잘못된 것은 바로잡았다. 옛 책에 실린 1,528종에 374종의 약재를 더하고, 이를 16부로 나누어 52권을 완성했으며, 감히 《본초강목》이라 이름 붙였다."
STORY_000_06_001_SPEAKER,李言闻,李言聞,Li Yanwen,李言聞,이언문
STORY_000_06_001_TEXT,东璧啊，咱们这医馆已经经营不下去了，我们收拾行李回乡下老家吧…,東璧啊，咱們這醫館已經經營不下去了，我們收拾行李回鄉下老家吧…,"Dongbi, we can no longer keep this clinic open. Let us pack our things and return to our hometown in the countryside…",東璧、この診療所はもう続けられないわ。荷物をまとめて故郷の村へ帰りましょう……,"둥비야, 우리 의원을 더는 운영할 수 없겠구나. 짐을 꾸려 시골 고향으로 돌아가자…"
STORY_000_06_002_TEXT,因经营不善，医馆被迫关闭,因經營不善，醫館被迫關閉,The clinic was forced to close after falling into financial difficulty.,経営難のため、診療所は閉鎖を余儀なくされた。,운영난으로 의원은 문을 닫을 수밖에 없었다.
STORY_000_07_001_SPEAKER,衙役,衙役,Constable,役人,포졸
STORY_000_07_001_TEXT,李东璧，有人告你医术不精，招摇撞骗，跟我们去衙门走一趟吧。,李東璧，有人告你醫術不精，招搖撞騙，跟我們去衙門走一趟吧。,"Li Dongbi, someone has accused you of practicing medicine without skill and deceiving your patients. Come with us to the magistrate's office.",李東璧、お前の医術が未熟で、人を騙していると訴えがあった。役所まで来てもらうぞ。,"이동벽, 누군가 네 의술이 미숙하고 의술을 빙자해 사람들을 속였다고 고발했다. 우리와 함께 관아로 가자."
STORY_000_07_002_SPEAKER,李东璧,李東璧,Li Dongbi,李東璧,이동벽
STORY_000_07_002_TEXT,冤枉啊！冤枉！,冤枉啊！冤枉！,I am innocent! I have been wronged!,濡れ衣です！　無実です！,억울합니다! 억울해요!
STORY_000_07_003_SPEAKER,衙役,衙役,Constable,役人,포졸
STORY_000_07_003_TEXT,少废话，快走！,少廢話，快走！,Enough talk. Move!,黙れ、早く歩け！,잔말 말고 어서 가!
STORY_000_07_004_TEXT,李东璧因行医时过失杀人，被杖四十，永世不得为医。,李東璧因行醫時過失殺人，被杖四十，永世不得為醫。,"Li Dongbi was found responsible for a patient's death, flogged forty times and forbidden to practice medicine ever again.",李東璧は診療中の過失によって人を死なせた罪で、杖刑四十回を受け、生涯医業を禁じられた。,"이동벽은 진료 중 과실로 사람을 죽게 한 죄로 곤장 40대를 맞고, 평생 다시는 의원으로 일할 수 없게 되었다."
STORY_000_08_001_TEXT,万历二十一年李东璧病逝，终年76岁…,萬曆二十一年李東璧病逝，終年76歲…,"Li Dongbi died in the twenty-first year of the Wanli reign, aged seventy-six…",万暦二十一年、李東璧は七十六歳で世を去った……,"만력 21년, 이동벽이 병으로 세상을 떠났다. 향년 76세…"
STORY_000_08_002_TEXT,遗憾的是这部耗尽一生编写的医书，最终没能保存下来…,遺憾的是這部耗盡一生編寫的醫書，最終沒能保存下來…,"Sadly, the medical book he had spent a lifetime writing was never preserved…",残念ながら、生涯をかけて編纂した医学書は、後世に残らなかった……,안타깝게도 평생을 바쳐 편찬한 이 의서는 끝내 보존되지 못했다…
STORY_001_001_TEXT,明嘉靖十九年，武昌府放榜处,明嘉靖十九年，武昌府放榜處,"The examination results are posted in Wuchang Prefecture, in the nineteenth year of the Jiajing reign.",明の嘉靖十九年、武昌府の合格者掲示場。,"명나라 가정 19년, 무창부의 합격자 게시 장소"
STORY_001_002_SPEAKER,陈皮,陳皮,Chen Pi,陳皮,진피
STORY_001_002_TEXT,老爷，榜上没找到少爷的名字。,老爺，榜上沒找到少爺的名字。,"Master, the young master's name is not on the list.",旦那様、合格者の中に若旦那のお名前がありません。,"나리, 합격자 명단에 도련님의 이름이 없습니다."
STORY_001_003_SPEAKER,李东璧,李東璧,Li Dongbi,李東璧,이동벽
STORY_001_003_TEXT,嘶...... 又没中......,嘶...... 又沒中......,Ah… I failed again…,はあ……また落ちたか……,아… 또 떨어졌구나…
STORY_001_004_SPEAKER,李言闻,李言聞,Li Yanwen,李言聞,이언문
STORY_001_004_TEXT,你们再仔细看看。,你們再仔細看看。,"Look again, more carefully.",もう一度よく見てくれ。,다시 잘 살펴보거라.
STORY_001_005_SPEAKER,陈皮,陳皮,Chen Pi,陳皮,진피
STORY_001_005_TEXT,我看了好几遍了，确实没有少爷的名字...,我看了好幾遍了，確實沒有少爺的名字...,I have checked several times. His name really is not there…,何度も確かめましたが、やはり若旦那のお名前はありません……,몇 번이나 확인했습니다. 정말 도련님의 이름이 없습니다…
STORY_001_006_SPEAKER,李东璧,李東璧,Li Dongbi,李東璧,이동벽
STORY_001_006_TEXT,考了三次都没中举，爹，看来我不是读书的材料...,考了三次都沒中舉，爹，看來我不是讀書的材料...,"Three attempts, and still no success in the provincial examination. Father, perhaps I am simply not made for scholarship…",三度受けても郷試に受かりません。父上、私には学問が向いていないようです……,"세 번이나 시험을 치렀지만 향시에 합격하지 못했어요. 아버지, 저는 아무래도 공부할 재목이 아닌가 봐요…"
STORY_001_007_SPEAKER,李言闻,李言聞,Li Yanwen,李言聞,이언문
STORY_001_007_TEXT,这说的是什么话，你看隔壁村那个老范，考了大半辈子童试，年过半百才中秀才，后来又中了举人，你这才哪儿到哪儿。,這說的是什麼話，你看隔壁村那個老範，考了大半輩子童試，年過半百才中秀才，後來又中了舉人，你這才哪兒到哪兒。,"Do not talk like that. Old Fan from the next village spent most of his life taking the lower examinations. He was over fifty when he finally earned his first degree, and later he passed the provincial examination too. You are still young.",何を言う。隣村の范じいさんは、半生を費やして童試を受け、五十を過ぎてようやく秀才になった。その後は挙人にもなったぞ。お前はまだまだこれからだ。,"그런 말 하지 마라. 옆 마을의 범 노인을 보거라. 반평생 동시를 치르고도 쉰이 넘어서야 수재가 되었고, 나중에는 거인에도 합격했다. 너는 아직 멀었다."
STORY_001_008_SPEAKER,李东璧,李東璧,Li Dongbi,李東璧,이동벽
STORY_001_008_TEXT,我看我还是跟您学医吧，科举八股什么的，孩儿实在是学不来…,我看我還是跟您學醫吧，科舉八股什麼的，孩兒實在是學不來…,I think I would rather study medicine with you. I simply cannot get the hang of those examination essays…,それなら、父上について医術を学びたいです。科挙の文章はどうにも身につきません……,아무래도 아버지께 의술을 배우는 게 낫겠어요. 과거의 팔고문 같은 건 정말 배울 수가 없어요…
STORY_001_009_SPEAKER,李言闻,李言聞,Li Yanwen,李言聞,이언문
STORY_001_009_TEXT,学医哪里比得上做官有前途啊，你爹我行医一辈子，辛苦又赚不到钱不说，医得不好还要受人白眼。,學醫哪裡比得上做官有前途啊，你爹我行醫一輩子，辛苦又賺不到錢不說，醫得不好還要受人白眼。,"A career in medicine offers nothing like the prospects of an official post. I have practiced all my life. The work is hard, the pay is poor, and if a treatment goes badly, people look down on you.",医者より役人のほうが将来があるだろう。わしは生涯医者をやってきたが、苦労の割に稼げず、治療がうまくいかなければ非難される。,의술을 배워서야 벼슬길만큼 앞날이 있겠느냐. 네 아비는 평생 의술을 펼쳤지만 고생만 하고 돈도 벌지 못했다. 치료를 잘못하면 사람들에게 멸시까지 받지.
STORY_001_010_SPEAKER,李东璧,李東璧,Li Dongbi,李東璧,이동벽
STORY_001_010_TEXT,可我真心喜欢研究那些药材方子，考证典籍，不赚钱我也愿意干。,可我真心喜歡研究那些藥材方子，考證典籍，不賺錢我也願意幹。,"But I truly love studying herbs, prescriptions and the old texts. I would do it even if I earned nothing.",それでも薬材や処方を調べ、古い書物を考証するのが好きなのです。儲からなくても構いません。,하지만 저는 약재와 처방을 연구하고 옛 의서를 고증하는 일이 정말 좋습니다. 돈을 벌지 못해도 하고 싶어요.
STORY_001_011_SPEAKER,李言闻,李言聞,Li Yanwen,李言聞,이언문
STORY_001_011_TEXT,唉......也罢，科举考功名的学子千千万，可真能博取个功名的又有几人呢？东璧呀，你若真的想从医，今日起便随为父从《内经》、《本草》学起吧。,唉......也罷，科舉考功名的學子千千萬，可真能博取個功名的又有幾人呢？東璧呀，你若真的想從醫，今日起便隨為父從《內經》、《本草》學起吧。,"Ah… Very well. Thousands pursue an official title through the examinations, but how many ever obtain one? Dongbi, if you truly wish to become a physician, then from today we shall begin with the Inner Canon and the materia medica.",はあ……それもよかろう。科挙を受ける者は数知れぬが、功名を得られる者はわずかだ。東璧、本当に医の道へ進みたいなら、今日から父と『内経』『本草』を学ぼう。,"허… 그래, 좋다. 과거로 공명을 구하는 선비는 수천수만이지만 실제로 공명을 얻는 사람이 몇이나 되겠느냐? 둥비야, 네가 정말 의술을 배우고 싶다면 오늘부터 아비를 따라 《내경》과 《본초》부터 배우도록 하자."
STORY_001_012_TEXT,李东璧十四岁考中秀才，可之后九年间三次参加乡试均告落榜，本就无心科举的李东璧决定开始随父亲学医,李東璧十四歲考中秀才，可之後九年間三次參加鄉試均告落榜，本就無心科舉的李東璧決定開始隨父親學醫,"Li Dongbi passed his first examination at fourteen, but failed the provincial examination three times over the next nine years. With little desire for an official career, he decided to study medicine under his father.",李東璧は十四歳で秀才となったが、その後九年間に三度の郷試で落第した。もとより科挙に心を向けていなかった彼は、父について医術を学ぶ決意をした。,"이동벽은 열네 살에 수재가 되었지만, 그 뒤 9년 동안 향시에 세 번 응시해 모두 낙방했다. 원래 과거에 뜻이 없었던 이동벽은 아버지를 따라 의술을 배우기 시작하기로 했다."
STORY_002_001_TEXT,一年后…,一年後…,One year later…,一年後……,1년 후…
STORY_002_002_SPEAKER,李东璧,李東璧,Li Dongbi,李東璧,이동벽
STORY_002_002_TEXT,麻桂相须，增强发汗散寒之力，专治表实无汗。麻杏相使，宣降相配，专治寒邪闭肺之喘逆…,麻桂相須，增強發汗散寒之力，專治表實無汗。麻杏相使，宣降相配，專治寒邪閉肺之喘逆…,"Ephedra and cinnamon twig work together to induce sweating and dispel cold, treating an exterior excess pattern without sweat. Ephedra and apricot kernel help the lungs diffuse and descend qi, treating wheezing caused by cold obstructing the lungs…",麻黄と桂枝を併用すれば、発汗と散寒の働きが強まり、表実で汗の出ない症に適する。麻黄と杏仁を組み合わせれば、肺気の宣発と下降を整え、寒邪が肺を塞ぐ喘ぎを治す……,마황과 계지는 서로 도와 발한·산한의 힘을 높여 표실무한을 치료한다. 마황과 행인은 함께 폐기를 선발하고 내려 한사가 폐를 막아 생긴 천식을 치료한다…
STORY_002_003_SPEAKER,吴芷兰,吳芷蘭,Wu Zhilan,呉芷蘭,오지란
STORY_002_003_TEXT,相公，晚饭做好了，该吃饭了。,相公，晚飯做好了，該吃飯了。,"Husband, dinner is ready. Come and eat.",あなた、夕食ができましたよ。,"여보, 저녁이 다 됐어요. 와서 식사하세요."
STORY_002_004_SPEAKER,李东璧,李東璧,Li Dongbi,李東璧,이동벽
STORY_002_004_TEXT,来了来了。,來了來了。,"Coming, coming.",今行くよ。,"가요, 가요."
STORY_002_005_SPEAKER,李言闻,李言聞,Li Yanwen,李言聞,이언문
STORY_002_005_TEXT,东璧啊，白天教你的都听明白了吗？,東璧啊，白天教你的都聽明白了嗎？,"Dongbi, did you understand everything I taught you today?",東璧、昼間教えたことは理解できたか？,"둥비야, 낮에 가르친 내용은 모두 이해했느냐?"
STORY_002_006_SPEAKER,李东璧,李東璧,Li Dongbi,李東璧,이동벽
STORY_002_006_TEXT,都明白了，平常日子里看您治病，其实已经窥得些门道了。,都明白了，平常日子裡看您治病，其實已經窺得些門道了。,"Yes. I have watched you treat patients for years, so I already know a little of how it works.",はい。普段から父上の診療を見て、少しは心得ていました。,"네, 이해했습니다. 평소 아버지께서 병을 치료하시는 모습을 보며 어느 정도 요령을 익혔습니다."
STORY_002_007_SPEAKER,李言闻,李言聞,Li Yanwen,李言聞,이언문
STORY_002_007_TEXT,学医最要紧的是积累，吃完晚饭去把这些天教你的内容再看一遍，明日一早你随我一起出诊。,學醫最要緊的是積累，吃完晚飯去把這些天教你的內容再看一遍，明日一早你隨我一起出診。,"The most important thing in medicine is to build experience. After dinner, review what I have taught you these past few days. Tomorrow morning, you will accompany me on my rounds.",医術で大切なのは積み重ねだ。夕食の後は、この数日教えたことを復習しなさい。明朝はわしと一緒に往診に行くぞ。,의술에서 가장 중요한 것은 쌓아 가는 것이란다. 저녁을 먹고 며칠 동안 가르친 내용을 다시 읽어 보거라. 내일 아침에는 나와 함께 왕진을 나가자.
STORY_002_008_SPEAKER,李东璧,李東璧,Li Dongbi,李東璧,이동벽
STORY_002_008_TEXT,哇，太好了！,哇，太好了！,"Oh, wonderful!",やった、ありがとうございます！,"와, 정말 좋아요!"
STORY_003_001_SPEAKER,李言闻,李言聞,Li Yanwen,李言聞,이언문
STORY_003_001_TEXT,从今天起，你就正式开始给病患治病。记住我教给你的，先把脉确定病性，辨证判断所患何病，再因病开方。如果记不住脉象、药方，就翻翻笔记。,從今天起，你就正式開始給病患治病。記住我教給你的，先把脈確定病性，辨證判斷所患何病，再因病開方。如果記不住脈象、藥方，就翻翻筆記。,"From today on, you will treat patients yourself. Remember what I taught you: first take the pulse to understand the nature of the illness, then identify the pattern and diagnose the condition before writing a prescription. If you forget a pulse pattern or formula, consult your notes.",今日からお前も正式に患者を診る。教えたことを忘れるな。まず脈を診て病の性質を確かめ、弁証によって病を判断し、それに合う処方を出す。脈や処方を忘れたら、手控えを読み返しなさい。,"오늘부터 네가 정식으로 환자를 치료하도록 해라. 내가 가르친 것을 기억하거라. 먼저 맥을 짚어 병의 성질을 확인하고, 변증하여 어떤 병인지 판단한 다음 병에 맞게 처방을 내리도록 해라. 맥상이나 처방이 기억나지 않으면 기록을 다시 보거라."
STORY_003_002_SPEAKER,李言闻,李言聞,Li Yanwen,李言聞,이언문
STORY_003_002_TEXT,好了，病人已经在等着你了，快去吧。,好了，病人已經在等著你了，快去吧。,"Now then, your patient is waiting. Go on.",患者が待っている。さあ、行きなさい。,"자, 환자가 이미 너를 기다리고 있다. 어서 가거라."
STORY_004_01_001_SPEAKER,顾问,顧問,Gu Wen,顧問,구원
STORY_004_01_001_TEXT,言闻兄别来无恙啊。,言聞兄別來無恙啊。,"Brother Yanwen, it has been too long. I hope you are well.",言聞殿、お変わりありませんか。,"언문 형, 오랜만입니다. 별일 없으셨지요?"
STORY_004_01_002_SPEAKER,李言闻,李言聞,Li Yanwen,李言聞,이언문
STORY_004_01_002_TEXT,哎哟，是日岩兄啊，失迎失迎。,哎喲，是日岩兄啊，失迎失迎。,"Ah, Brother Riyan! Forgive me for not greeting you sooner.",これは日岩殿。お迎えもせず失礼しました。,"아이고, 일암 형이셨군요! 미처 맞이하지 못해 죄송합니다."
STORY_004_01_003_SPEAKER,顾问,顧問,Gu Wen,顧問,구원
STORY_004_01_003_TEXT,东璧近来如何啊？,東璧近來如何啊？,How has Dongbi been lately?,東璧は近頃どうしていますか？,둥비는 요즘 어떻습니까?
STORY_004_01_004_SPEAKER,李言闻,李言聞,Li Yanwen,李言聞,이언문
STORY_004_01_004_TEXT,和我学了一年多医术，现在啊已经能自己出诊了。你还别说，这小子学得挺快，医馆让他打理，我也清闲许多。,和我學了一年多醫術，現在啊已經能自己出診了。你還別說，這小子學得挺快，醫館讓他打理，我也清閒許多。,"He has studied medicine with me for over a year and can already see patients on his own. He learns quickly, too. Now that he helps run the clinic, I have more time to rest.",もう一年余り医術を学び、今では一人で診療できるようになりました。覚えも早く、診療所を任せられるので、わしも少し楽になりましたよ。,저와 1년 넘게 의술을 배워 이제 혼자 왕진도 나갈 수 있습니다. 이 녀석이 배우는 속도도 빠릅니다. 의원을 맡겼더니 저도 한결 여유가 생겼지요.
STORY_004_01_005_SPEAKER,李东璧,李東璧,Li Dongbi,李東璧,이동벽
STORY_004_01_005_TEXT,顾先生，学生有礼了。,顧先生，學生有禮了。,"Master Gu, it is an honor to see you.",顧先生、ご無沙汰しております。,"고 선생님, 제자가 인사 올립니다."
STORY_004_01_006_SPEAKER,顾问,顧問,Gu Wen,顧問,구원
STORY_004_01_006_TEXT,正好我这几日不怎么舒服，东璧你给我看看。,正好我這幾日不怎麼舒服，東璧你給我看看。,"As it happens, I have not felt well these past few days. Dongbi, would you examine me?",ちょうどこの数日、体調が優れぬ。東璧、診てくれるか。,"마침 며칠 전부터 몸이 좋지 않았는데, 둥비야 네가 좀 봐 주려무나."
STORY_004_02_001_SPEAKER,李东璧,李東璧,Li Dongbi,李東璧,이동벽
STORY_004_02_001_TEXT,老师所患的是心阳虚之症，需注意休息，切勿过度操劳，学生这就去给您抓药。,老師所患的是心陽虛之症，需注意休息，切勿過度操勞，學生這就去給您抓藥。,"Master, you have a deficiency of heart yang. Please rest and avoid overwork. I will prepare your medicine.",先生は心陽虚の症です。休息を取り、働きすぎないようにしてください。すぐに薬を用意します。,스승님께서는 심양허 증을 앓고 계십니다. 충분히 쉬시고 무리하지 마십시오. 제가 바로 약을 지어 오겠습니다.
STORY_004_02_002_SPEAKER,顾问,顧問,Gu Wen,顧問,구원
STORY_004_02_002_TEXT,世人皆以为考取功名方为正途，你能认清本心承袭家学，济世安民，难得啊。,世人皆以為考取功名方為正途，你能認清本心承襲家學，濟世安民，難得啊。,"Most people believe the examinations and an official post are the only proper path. You have recognized your true calling, carried on your family's medicine and chosen to help others. That is rare indeed.",世間では科挙に受かって官職に就くことだけが正道と思われている。お前は自分の心を見つめ、家の医術を継いで人々を救う道を選んだ。立派なことだ。,세상 사람들은 모두 과거에 급제해 벼슬하는 것이 올바른 길이라고 생각하지. 하지만 너는 자신의 본심을 깨닫고 가학을 이어받아 세상을 구하고 백성을 편안하게 하려는구나. 참으로 귀한 일이다.
STORY_004_02_003_SPEAKER,李东璧,李東璧,Li Dongbi,李東璧,이동벽
STORY_004_02_003_TEXT,学生愚钝，辜负了老师的教导…,學生愚鈍，辜負了老師的教導…,"I was a poor student. I have let you down, Master…",私は不出来な弟子で、先生の教えに背いてしまいました……,제자가 어리석어 스승님의 가르침을 저버렸습니다…
STORY_004_02_004_SPEAKER,顾问,顧問,Gu Wen,顧問,구원
STORY_004_02_004_TEXT,你是我最中意的门生，以前是，现在也是。,你是我最中意的門生，以前是，現在也是。,"You were my favorite pupil then, and you still are.",お前は昔も今も、わしの一番の弟子だ。,"너는 내가 가장 아끼는 제자였다. 예전에도 그랬고, 지금도 그렇다."
STORY_004_02_005_SPEAKER,顾问,顧問,Gu Wen,顧問,구원
STORY_004_02_005_TEXT,人生在世不止科举取仕一条路，你能找到一条适合自己的路，为师很欣慰。,人生在世不止科舉取仕一條路，你能找到一條適合自己的路，為師很欣慰。,The examinations are not the only path in life. I am glad you have found one that suits you.,人生の道は科挙だけではない。自分に合った道を見つけたことを、師として嬉しく思う。,인생에는 과거로 벼슬길에 오르는 길만 있는 것이 아니다. 네게 맞는 길을 찾았으니 스승으로서 기쁘구나.
STORY_004_02_006_SPEAKER,李东璧,李東璧,Li Dongbi,李東璧,이동벽
STORY_004_02_006_TEXT,承蒙老师教诲，学生定不负师恩，精进医术。,承蒙老師教誨，學生定不負師恩，精進醫術。,"Thank you for your guidance, Master. I will honor your teaching by improving my medical skills.",先生の教えに感謝します。医術を磨き、ご恩に報います。,스승님의 가르침에 감사드립니다. 반드시 은혜를 저버리지 않고 의술을 갈고닦겠습니다.
STORY_004_03_001_SPEAKER,李东璧,李東璧,Li Dongbi,李東璧,이동벽
STORY_004_03_001_TEXT,不对，我需要好好想想这是什么病，该开什么方。,不對，我需要好好想想這是什麼病，該開什麼方。,"No, that is not right. I need to think carefully about the illness and the proper prescription.",違う。これは何の病か、どんな処方を出すべきか、よく考えなければ。,"아니야, 이건 틀렸어. 무슨 병인지, 어떤 처방을 써야 하는지 잘 생각해 봐야 해."
STORY_004_04_001_SPEAKER,李东璧,李東璧,Li Dongbi,李東璧,이동벽
STORY_004_04_001_TEXT,哎呀，是老师来了，学生失迎。,哎呀，是老師來了，學生失迎。,Master! Forgive me for not welcoming you sooner.,先生、いらしていたのですか。お迎えもせず失礼しました。,"아이고, 스승님 오셨습니까. 제자가 미처 맞이하지 못했습니다."
STORY_004_04_002_SPEAKER,顾问,顧問,Gu Wen,顧問,구원
STORY_004_04_002_TEXT,东璧啊，朝廷来了调令，命我去福建赴任。临走来看看你和你爹。,東璧啊，朝廷來了調令，命我去福建赴任。臨走來看看你和你爹。,"Dongbi, the court has ordered me to take up a post in Fujian. I came to see you and your father before I leave.",東璧よ、朝廷から福建への赴任を命じられた。発つ前に、お前とお父上に会いに来たのだ。,"둥비야, 조정에서 전임 명령이 내려와 내가 복건으로 부임하게 되었다. 떠나기 전에 너와 네 아버지를 보러 왔다."
STORY_004_04_003_SPEAKER,李东璧,李東璧,Li Dongbi,李東璧,이동벽
STORY_004_04_003_TEXT,老师请坐，我去给您泡壶茶。,老師請坐，我去給您泡壺茶。,"Please, have a seat, Master. I will make you some tea.",先生、お掛けください。お茶をお淹れします。,"스승님, 앉으십시오. 제가 차를 한 주전자 끓여 오겠습니다."
STORY_004_04_004_SPEAKER,顾问,顧問,Gu Wen,顧問,구원
STORY_004_04_004_TEXT,嗯，最近如何，学医有什么进展吗？,嗯，最近如何，學醫有什麼進展嗎？,"Well, how have you been? How are your medical studies coming along?",うむ、最近はどうだ。医術の勉強は進んでいるか？,"음, 요즘은 어떠냐? 의술 공부에는 진전이 있느냐?"
STORY_004_04_005_SPEAKER,李东璧,李東璧,Li Dongbi,李東璧,이동벽
STORY_004_04_005_TEXT,学生行医读书时发现，自《神农本草经》之后，历代本草著作屡经增补改订，其中药材、方子的遗漏、讹误不可枚举。一方之误，害及数人，一药之讹，误尽苍生。,學生行醫讀書時發現，自《神農本草經》之後，歷代本草著作屢經增補改訂，其中藥材、方子的遺漏、訛誤不可枚舉。一方之誤，害及數人，一藥之訛，誤盡蒼生。,"As I have practiced and studied, I have found that the materia medica has been expanded and revised many times since the Divine Farmer's Classic. Errors and omissions concerning herbs and prescriptions are beyond counting. A mistaken formula can harm several people; a mistaken herb can harm countless more.",診療と読書を続けるうちに、『神農本草経』以降の本草書には、度重なる増補や改訂によって薬材や処方の抜け、誤りが数えきれないほどあると気づきました。処方を一つ誤れば数人を害し、薬を一つ取り違えれば多くの命に関わります。,"제자가 진료하고 책을 읽으며 깨달은 바가 있습니다. 《신농본초경》 이후 역대 본초서가 거듭 증보·개정되었지만 약재와 처방의 누락과 오류는 헤아릴 수 없습니다. 처방 하나의 오류가 몇 사람을 해치고, 약재 하나의 오류가 수많은 백성을 그르칠 수 있습니다."
STORY_004_04_006_SPEAKER,李东璧,李東璧,Li Dongbi,李東璧,이동벽
STORY_004_04_006_TEXT,学生想核对典籍，拾遗补正，重新编写一部能为后人所用的医书。,學生想核對典籍，拾遺補正，重新編寫一部能為後人所用的醫書。,"I want to check the old texts, recover what was lost, correct their mistakes and write a new medical book for future generations.",古い典籍を照合し、欠けた部分を補い、誤りを正して、後世に役立つ医学書を新たに編みたいのです。,"제자는 의서를 대조해 빠진 내용을 보충하고 잘못을 바로잡아, 후세에 쓰일 수 있는 의서를 새로 편찬하고 싶습니다."
STORY_004_04_007_SPEAKER,顾问,顧問,Gu Wen,顧問,구원
STORY_004_04_007_TEXT,嗯，好啊东璧，你这想法甚好。,嗯，好啊東璧，你這想法甚好。,"A fine ambition, Dongbi. A fine ambition indeed.",うむ、よい考えだ、東璧。,"음, 좋구나 둥비야. 참으로 훌륭한 생각이다."
STORY_004_04_008_SPEAKER,顾问,顧問,Gu Wen,顧問,구원
STORY_004_04_008_TEXT,"宋儒张载有四句教：""为天地立心，为生民立命，为往圣继绝学，为万世开太平""。","宋儒張載有四句教：""為天地立心，為生民立命，為往聖繼絕學，為萬世開太平""。",The Song scholar Zhang Zai wrote: “Establish a heart for Heaven and Earth; secure a life for the people; carry forward the lost learning of the sages; and bring peace to all generations.”,宋の儒者、張載には四句の教えがある。「天地のために心を立て、生民のために命を立て、往聖のために絶学を継ぎ、万世のために太平を開く」。,"송나라 유학자 장재가 네 구절의 가르침을 남겼지. ""천지를 위해 마음을 세우고, 백성을 위해 삶의 도리를 세우며, 옛 성현의 끊어진 학문을 잇고, 만세를 위해 태평을 연다."""
STORY_004_04_009_SPEAKER,顾问,顧問,Gu Wen,顧問,구원
STORY_004_04_009_TEXT,若是能著成此书，真可谓是为生民立命，为往圣继绝学了啊。,若是能著成此書，真可謂是為生民立命，為往聖繼絕學了啊。,"If you complete this book, you will truly help secure a life for the people and carry forward the learning of the sages.",この書を書き上げれば、まさしく人々のために道を示し、先人の学問を後世へ伝えることになる。,"이 책을 완성한다면 참으로 백성을 위해 삶의 도리를 세우고, 옛 성현의 끊어진 학문을 잇는 일이 될 것이다."
STORY_004_04_010_SPEAKER,李东璧,李東璧,Li Dongbi,李東璧,이동벽
STORY_004_04_010_TEXT,为生民立命，为往圣继绝学…学生记下了。,為生民立命，為往聖繼絕學…學生記下了。,"Secure a life for the people, and carry forward the learning of the sages… I will remember that.",「生民のために命を立て、往聖のために絶学を継ぐ」……心に刻みます。,"백성을 위해 삶의 도리를 세우고, 옛 성현의 끊어진 학문을 잇는다… 제자가 명심하겠습니다."
STORY_005_01_001_TEXT,咚咚咚...咚咚咚咚咚…,咚咚咚...咚咚咚咚咚…,"Knock, knock… Knock, knock, knock, knock…",トントン……トントントントン……,"똑똑똑… 똑똑, 똑똑, 똑똑…"
STORY_005_01_002_SPEAKER,陈皮,陳皮,Chen Pi,陳皮,진피
STORY_005_01_002_TEXT,大半夜的谁啊，谁在敲门啊？,大半夜的誰啊，誰在敲門啊？,Who could be knocking in the middle of the night?,こんな夜中に誰だ？　誰が戸を叩いている？,한밤중에 누가 문을 두드리는 거야?
STORY_005_01_003_SPEAKER,陈皮,陳皮,Chen Pi,陳皮,진피
STORY_005_01_003_TEXT,啊！！！我的妈呀！！,啊！！！我的媽呀！！,Ah! Good heavens!,うわあっ！　びっくりした！,아! 세상에!
STORY_005_01_004_SPEAKER,李东璧,李東璧,Li Dongbi,李東璧,이동벽
STORY_005_01_004_TEXT,出什么事儿了？,出什麼事兒了？,What happened?,何があった？,무슨 일이야?
STORY_005_01_005_SPEAKER,李东璧,李東璧,Li Dongbi,李東璧,이동벽
STORY_005_01_005_TEXT,啊！,啊！,Ah!,あっ！,아!
STORY_005_01_006_SPEAKER,王府护卫,王府護衛,Palace Guard,王府の護衛,왕부 호위
STORY_005_01_006_TEXT,奉楚王谕令，请先生去王府走一趟。,奉楚王諭令，請先生去王府走一趟。,"By order of the Prince of Chu, you are requested at his residence.",楚王のご命令により、先生を王府へお連れします。,"초왕 전하의 명으로, 선생님께서 왕부에 한 번 와 주시길 청합니다."
STORY_005_01_007_SPEAKER,李东璧,李東璧,Li Dongbi,李東璧,이동벽
STORY_005_01_007_TEXT,是什么人病了？要我去看病吗？,是什麼人病了？要我去看病嗎？,Is someone ill? Am I being called to treat a patient?,どなたか病気なのですか？　診療に行くのですか？,누가 아픈 겁니까? 제가 진료하러 가는 건가요?
STORY_005_01_008_SPEAKER,王府护卫,王府護衛,Palace Guard,王府の護衛,왕부 호위
STORY_005_01_008_TEXT,事关重大您去了就知道了，马车已经备好了，请先生速速启程。,事關重大您去了就知道了，馬車已經備好了，請先生速速啓程。,It is a matter of great importance. You will learn more when you arrive. The carriage is ready. Please leave at once.,重大な件です。行けば分かります。馬車は用意してありますので、すぐにお発ちください。,중요한 일입니다. 도착하시면 아시게 될 겁니다. 마차를 준비했으니 어서 출발하시지요.
STORY_005_01_009_TEXT,一夜舟车劳顿，李东璧到了楚王府。,一夜舟車勞頓，李東璧到了楚王府。,"After a weary night on the road, Li Dongbi arrived at the Prince of Chu's residence.",一晩中の長旅を経て、李東璧は楚王府に到着した。,밤새 이동해 지친 끝에 이동벽은 초왕부에 도착했다.
STORY_005_01_010_SPEAKER,楚王,楚王,Prince of Chu,楚王,초왕
STORY_005_01_010_TEXT,您就是李神医啊，比我想得要年轻许多。请先生来，是小王有事相求。,您就是李神醫啊，比我想得要年輕許多。請先生來，是小王有事相求。,So you are the renowned Physician Li. You are much younger than I expected. I have asked you here because I need your help.,あなたが名医の李先生ですか。思ったよりずっとお若い。お呼びしたのは、私からお願いがあるからです。,당신이 바로 유명한 이 의원이오? 생각보다 훨씬 젊군. 선생을 부른 것은 내가 부탁할 일이 있어서요.
STORY_005_01_011_SPEAKER,李东璧,李東璧,Li Dongbi,李東璧,이동벽
STORY_005_01_011_TEXT,草民拜见王爷，有什么我能帮上忙的？,草民拜見王爺，有什麼我能幫上忙的？,"My respects, Your Highness. How may I help you?",楚王殿下に拝謁いたします。私に何ができましょうか。,소인이 전하를 뵙습니다. 제가 무엇을 도와드릴 수 있겠습니까?
STORY_005_01_012_SPEAKER,楚王,楚王,Prince of Chu,楚王,초왕
STORY_005_01_012_TEXT,犬子前些日子突然病倒了，卧床不起。精神萎靡，食欲不振。小王请了好几位大夫，给开了好多方子，都不见好转。眼见着人一天比一天瘦，再这么下去怕是要坏事了…,犬子前些日子突然病倒了，臥床不起。精神萎靡，食慾不振。小王請了好幾位大夫，給開了好多方子，都不見好轉。眼見著人一天比一天瘦，再這麼下去怕是要壞事了…,"My son suddenly fell ill some days ago and has been confined to bed. He is listless and has no appetite. I have called several physicians and tried many prescriptions, but he has not improved. He grows thinner by the day. I fear what may happen if this continues…",息子が先日突然倒れ、床から起きられなくなった。気力も食欲もない。何人も医者を呼び、さまざまな処方を試したが良くならぬ。日に日に痩せて、このままでは取り返しがつかない……,"내 아들이 며칠 전 갑자기 병이 나서 자리에서 일어나지 못하고 있소. 기운이 없고 식욕도 없지. 여러 의원을 불러 많은 처방을 써 보았지만 나아지지 않았소. 날이 갈수록 여위고 있으니, 이대로 가면 큰일이 날까 두렵소…"
STORY_005_01_013_SPEAKER,楚王,楚王,Prince of Chu,楚王,초왕
STORY_005_01_013_TEXT,听闻蕲州李先生医术高明，特请先生来给犬子医治。,聽聞蘄州李先生醫術高明，特請先生來給犬子醫治。,"I heard of your skill in Qizhou, Physician Li, and asked you here to treat my son.",蘄州の李先生は腕のよい医者だと聞き、息子の治療をお願いしたのです。,기주에서 이 선생의 의술이 뛰어나다고 들었기에 특별히 선생을 불러 아들을 치료해 달라고 부탁한 것이오.
STORY_005_01_014_SPEAKER,世子,世子,The Heir,世子,세자
STORY_005_01_014_TEXT,咳咳咳，父王…,咳咳咳，父王…,"Cough, cough… Father…",ゴホゴホ……父上……,"콜록콜록, 아버님…"
STORY_005_01_015_SPEAKER,楚王,楚王,Prince of Chu,楚王,초왕
STORY_005_01_015_TEXT,先生，小王就这么一个儿子，请您救救孩子吧。,先生，小王就這麼一個兒子，請您救救孩子吧。,"He is my only son, Doctor. Please save him.",私にはこの子しかおりません。先生、どうか息子をお救いください。,"선생, 내게는 이 아이 하나뿐이오. 부디 아이를 살려 주시오."
STORY_005_02_001_SPEAKER,世子,世子,The Heir,世子,세자
STORY_005_02_001_TEXT,父王，我觉得好多了。,父王，我覺得好多了。,"Father, I feel much better.",父上、ずいぶん楽になりました。,"아버님, 저는 훨씬 나아진 것 같습니다."
STORY_005_02_002_SPEAKER,李东璧,李東璧,Li Dongbi,李東璧,이동벽
STORY_005_02_002_TEXT,世子所患的是脾虚湿盛之证，只要按方每日吃药，病情就无大碍了。,世子所患的是脾虛濕盛之證，只要按方每日吃藥，病情就無大礙了。,"Your son has spleen deficiency with an excess of dampness. If he takes the medicine as prescribed each day, he should recover well.",世子様は脾虚湿盛の証です。この処方の薬を毎日飲めば、大事には至りません。,세자께서는 비허습성 증을 앓고 계십니다. 처방대로 매일 약을 복용하면 큰 문제 없이 회복하실 수 있습니다.
STORY_005_02_003_SPEAKER,楚王,楚王,Prince of Chu,楚王,초왕
STORY_005_02_003_TEXT,先生真是华佗再世，小王无以为报。这一千两白银是我的一点心意，感谢先生救命之恩。,先生真是華佗再世，小王無以為報。這一千兩白銀是我的一點心意，感謝先生救命之恩。,You are Hua Tuo reborn! I cannot thank you enough. Please accept this thousand taels of silver as a token of gratitude for saving his life.,先生はまさに華佗の再来だ。感謝してもしきれぬ。この銀千両は気持ちばかりの謝礼です。命を救っていただき、ありがとうございます。,선생은 화타의 환생이오! 이 은혜를 어찌 갚겠소. 목숨을 구해 준 보답으로 은전 천 냥을 받아 주시오.
STORY_005_02_004_SPEAKER,李东璧,李東璧,Li Dongbi,李東璧,이동벽
STORY_005_02_004_TEXT,一千两太多了，草民不能收。,一千兩太多了，草民不能收。,A thousand taels is far too much. I cannot accept it.,千両は多すぎます。いただけません。,천 냥은 너무 많습니다. 소인은 받을 수 없습니다.
STORY_005_02_005_SPEAKER,陈皮,陳皮,Chen Pi,陳皮,진피
STORY_005_02_005_TEXT,少掌柜的，那可是一千两白银啊！,少掌櫃的，那可是一千兩白銀啊！,"Young master, that is a thousand taels of silver!",若旦那、銀千両ですよ！,"도련님, 그건 은전 천 냥이라고요!"
STORY_005_02_006_SPEAKER,李东璧,李東璧,Li Dongbi,李東璧,이동벽
STORY_005_02_006_TEXT,世子乃人中龙凤，可草民眼里看到的只有一位需要医治的病人，王爷只需付一两白银诊费即可。,世子乃人中龍鳳，可草民眼裡看到的只有一位需要醫治的病人，王爺只需付一兩白銀診費即可。,"Your son is of noble birth, but to me he is simply a patient in need of care. One tael of silver for the consultation will suffice, Your Highness.",世子様は尊いお方ですが、私にとっては治療を必要とする一人の患者です。診察料として銀一両だけいただきます。,"세자는 귀한 분이지만, 제 눈에는 치료가 필요한 환자일 뿐입니다. 전하께서는 은전 한 냥의 진료비만 주시면 됩니다."
STORY_005_02_007_SPEAKER,楚王,楚王,Prince of Chu,楚王,초왕
STORY_005_02_007_TEXT,……先生好风骨，本王平日见的那些儒生满口仁义，可见了真金白银没几个不迷糊的。有您这样的大夫是天下苍生之福啊。,……先生好風骨，本王平日見的那些儒生滿口仁義，可見了真金白銀沒幾個不迷糊的。有您這樣的大夫是天下蒼生之福啊。,"…You are a man of rare integrity. Many scholars speak of virtue, yet few keep their heads when they see silver. The people are fortunate to have a doctor like you.",……先生の気骨には恐れ入った。日頃会う儒者は仁義を語るが、大金を前にして心を乱さぬ者は少ない。あなたのような医者がいるのは民の幸せだ。,…선생의 기개가 참으로 대단하오. 평소 만나는 유생들은 입으로는 인의를 말하면서도 진짜 은전을 보면 정신을 못 차리기 일쑤지. 선생 같은 의원이 있다는 것은 천하 백성의 복이오.
STORY_005_02_008_SPEAKER,楚王,楚王,Prince of Chu,楚王,초왕
STORY_005_02_008_TEXT,先生的恩情本王记下了，日后有能帮到先生的地方尽管开口。,先生的恩情本王記下了，日後有能幫到先生的地方儘管開口。,"I will remember what you have done. If there is ever anything I can do for you, you need only ask.",このご恩は忘れません。いつか力になれることがあれば、遠慮なくおっしゃってください。,선생의 은혜는 기억해 두겠소. 훗날 도움이 필요하면 무엇이든 말씀하시오.
STORY_005_02_009_TEXT,名望+1000，收入一两白银,名望+1000，收入一兩白銀,Reputation +1000; received one tael of silver.,名声＋1000、収入：銀一両,"명망 +1000, 은전 한 냥 수입"
STORY_005_03_001_SPEAKER,世子,世子,The Heir,世子,세자
STORY_005_03_001_TEXT,咳咳咳，啊…,咳咳咳，啊…,"Cough, cough… Ah…",ゴホゴホ……うっ……,"콜록콜록, 아…"
STORY_005_03_002_SPEAKER,楚王,楚王,Prince of Chu,楚王,초왕
STORY_005_03_002_TEXT,我的儿，你怎么了！,我的兒，你怎麼了！,My son! What is happening to you?,息子よ、どうした！,"내 아들아, 어찌 된 일이냐!"
STORY_005_03_003_SPEAKER,李东璧,李東璧,Li Dongbi,李東璧,이동벽
STORY_005_03_003_TEXT,哎呀，这个…王爷你听我解释…,哎呀，這個…王爺你聽我解釋…,"Ah, well… Your Highness, please let me explain…",あの、その……王様、どうか話を聞いて……,"아, 그게… 전하, 제 설명을 들어 주십시오…"
STORY_005_03_004_SPEAKER,楚王,楚王,Prince of Chu,楚王,초왕
STORY_005_03_004_TEXT,来人！把这个挨千刀的江湖骗子给我叉出去剁了！,來人！把這個挨千刀的江湖騙子給我叉出去剁了！,Guards! Drag this damned charlatan out and execute him!,誰か！　この詐欺師を連れ出して斬れ！,여봐라! 이 천하의 사기꾼을 끌어내 목을 쳐라!
STORY_005_03_005_SPEAKER,李东璧,李東璧,Li Dongbi,李東璧,이동벽
STORY_005_03_005_TEXT,不好！啊啊啊啊！！！,不好！啊啊啊啊！！！,Oh no! Aaaah!,まずい！　うわあああ！,큰일이다! 아아아아！！！
STORY_006_001_SPEAKER,贾荃,賈荃,Jia Quan,賈荃,가전
STORY_006_001_TEXT,生意兴隆啊老板，嘿嘿嘿。,生意興隆啊老闆，嘿嘿嘿。,"May business prosper, Master Li. Heh, heh, heh.",ご繁盛ですね、旦那。へへへ。,"장사 번창하십시오, 사장님. 헤헤헤."
STORY_006_002_SPEAKER,李东璧,李東璧,Li Dongbi,李東璧,이동벽
STORY_006_002_TEXT,敢问您是？(这人什么时候进来的...),敢問您是？(這人什麼時候進來的...),And you are…? (When did he come in…?),失礼ですが、どなたですか？（いつの間に入ってきたんだ……）,실례지만 누구십니까? (이 사람은 언제 들어온 거지…)
STORY_006_003_SPEAKER,贾荃,賈荃,Jia Quan,賈荃,가전
STORY_006_003_TEXT,在下贾荃，是做药材生意的，在湖广省小有一点名气，嘿嘿嘿。,在下賈荃，是做藥材生意的，在湖廣省小有一點名氣，嘿嘿嘿。,"I am Jia Quan, a medicinal herb merchant of some repute in Huguang Province. Heh, heh, heh.",薬材商の賈荃と申します。湖広では少し名の知れた商人ですよ。へへへ。,저는 가전이라 하는 약재 상인입니다. 호광성에서 조금 이름이 알려져 있지요. 헤헤헤.
STORY_006_004_SPEAKER,李东璧,李東璧,Li Dongbi,李東璧,이동벽
STORY_006_004_TEXT,久闻久闻，不知今日来小馆所为何事？,久聞久聞，不知今日來小館所為何事？,Of course I have heard of you. What brings you to my humble clinic today?,お名前はかねがね。今日は当院に何のご用ですか？,명성은 익히 들었습니다. 오늘 누추한 의원에는 무슨 일로 오셨습니까?
STORY_006_005_SPEAKER,贾荃,賈荃,Jia Quan,賈荃,가전
STORY_006_005_TEXT,呃，呵呵，今日是想找李神医谈一桩好生意。,呃，呵呵，今日是想找李神醫談一樁好生意。,"Well, I have come to discuss a profitable arrangement with the famous Physician Li.",ええ、李先生にうまい商談を持ってきたのです。,"어… 허허, 오늘은 이 의원님과 좋은 거래 하나를 의논하러 왔습니다."
STORY_006_006_SPEAKER,李东璧,李東璧,Li Dongbi,李東璧,이동벽
STORY_006_006_TEXT,哦？愿闻其详。,哦？願聞其詳。,Oh? I am listening.,ほう？　詳しく聞かせてください。,오? 자세히 말씀해 보시지요.
STORY_006_007_SPEAKER,贾荃,賈荃,Jia Quan,賈荃,가전
STORY_006_007_TEXT,小可上个月进了一批人参，想请李兄在医馆帮忙出货。,小可上個月進了一批人參，想請李兄在醫館幫忙出貨。,I acquired a shipment of ginseng last month. I was hoping you could help me sell it through your clinic.,先月、人参を大量に仕入れましてね。先生の診療所で売っていただけませんか。,"제가 지난달 인삼 한 물량을 들여왔는데, 이 의원에서 좀 팔아 주시면 어떨까 합니다."
STORY_006_008_SPEAKER,李东璧,李東璧,Li Dongbi,李東璧,이동벽
STORY_006_008_TEXT,小馆平时接待的病患多是平常百姓，人参这种名贵药材用量是不多的。,小館平時接待的病患多是平常百姓，人參這種名貴藥材用量是不多的。,Most of my patients are ordinary people. We have little need for an expensive herb like ginseng.,うちに来る患者は普通の民が大半です。人参のような高価な薬材を使うことはあまりありません。,이 의원을 찾는 환자들은 대부분 평범한 백성이라 인삼 같은 귀한 약재는 많이 쓰지 않습니다.
STORY_006_009_SPEAKER,贾荃,賈荃,Jia Quan,賈荃,가전
STORY_006_009_TEXT,李兄此言差矣，人参是补药，是病就得补。像那种头疼脑热的小病您也给加一点，这量不就有了嘛。,李兄此言差矣，人參是補藥，是病就得補。像那種頭疼腦熱的小病您也給加一點，這量不就有了嘛。,"You are looking at it all wrong, Brother Li. Ginseng is a tonic. Every illness needs a tonic! Add a little even for a headache or a fever, and you will move plenty of it.",それは違いますよ。人参は補薬、病気には滋養が必要です。頭痛や熱程度の患者にも少し足せば、すぐに使い切れます。,"이 선생, 그건 잘못 생각하신 겁니다. 인삼은 보약이니 어떤 병이든 보해야 합니다! 머리가 아프거나 열이 나는 작은 병에도 조금씩 넣으면 금방 물량이 소진될 겁니다."
STORY_006_010_SPEAKER,李东璧,李東璧,Li Dongbi,李東璧,이동벽
STORY_006_010_TEXT,按病开方岂能胡乱加药？,按病開方豈能胡亂加藥？,How could I add herbs at random instead of prescribing for the patient's condition?,病に合わせて処方するのに、むやみに薬を加えられますか。,병에 맞게 처방해야지 어찌 약을 함부로 더하겠습니까?
STORY_006_011_SPEAKER,贾荃,賈荃,Jia Quan,賈荃,가전
STORY_006_011_TEXT,不白加，每斤人参我给您一两白银的提成，怎么样，是桩好生意吧。,不白加，每斤人參我給您一兩白銀的提成，怎麼樣，是樁好生意吧。,"You would not be doing it for nothing. I will pay you one tael of silver for every jin of ginseng you sell. A fine arrangement, is it not?",ただとは言いません。人参一斤につき銀一両の歩合を差し上げます。いい話でしょう？,"공짜로 더하라는 말이 아닙니다. 인삼 한 근을 팔 때마다 은전 한 냥을 수수료로 드리지요. 어떻습니까, 좋은 장사 아닙니까?"
STORY_006_012_SPEAKER,李东璧,李東璧,Li Dongbi,李東璧,이동벽
STORY_006_012_TEXT,您还是请回吧，陈皮，送客。,您還是請回吧，陳皮，送客。,"I think you should leave. Chen Pi, show our guest out.",お帰りください。陳皮、お見送りを。,"그만 돌아가 주십시오. 진피, 손님을 배웅해 드리거라."
STORY_006_013_SPEAKER,陈皮,陳皮,Chen Pi,陳皮,진피
STORY_006_013_TEXT,贾老板，您这边请。,賈老闆，您這邊請。,"This way, Master Jia.",賈旦那、こちらへどうぞ。,"가전 사장, 이쪽입니다."
STORY_006_014_SPEAKER,贾荃,賈荃,Jia Quan,賈荃,가전
STORY_006_014_TEXT,哼，不知好歹。,哼，不知好歹。,Hmph. You do not know a good offer when you see one.,ふん、融通の利かないやつだ。,"흥, 호의를 알아보지 못하는군."
STORY_007_01_001_SPEAKER,雷万钧,雷萬鈞,Lei Wanjun,雷万鈞,뇌만균
STORY_007_01_001_TEXT,贤弟，别来无恙啊。,賢弟，別來無恙啊。,"My friend, it has been a while. I hope you are well.",友よ、元気にしていたか。,"현제, 오랜만일세. 별일 없었나?"
STORY_007_01_002_SPEAKER,李东璧,李東璧,Li Dongbi,李東璧,이동벽
STORY_007_01_002_TEXT,雷总旗，好久不见啊。,雷總旗，好久不見啊。,Captain Lei! It is good to see you again.,雷隊長、お久しぶりです。,"뇌 총기, 오랜만입니다."
STORY_007_01_003_SPEAKER,雷万钧,雷萬鈞,Lei Wanjun,雷万鈞,뇌만균
STORY_007_01_003_TEXT,哎呀，老毛病犯了，又得麻烦你啦。,哎呀，老毛病犯了，又得麻煩你啦。,My old trouble has flared up. I am afraid I must impose on you again.,また持病が出てしまってな。世話になるよ。,"아이고, 고질병이 도졌구나. 또 자네를 번거롭게 해야겠네."
STORY_007_01_004_SPEAKER,李东璧,李東璧,Li Dongbi,李東璧,이동벽
STORY_007_01_004_TEXT,哪里的话，请坐。,哪裡的話，請坐。,"It is no trouble. Please, sit down.",お気になさらず。お掛けください。,별말씀을요. 앉으십시오.
STORY_007_02_001_SPEAKER,李东璧,李東璧,Li Dongbi,李東璧,이동벽
STORY_007_02_001_TEXT,雷兄，你这肝阳上亢的老毛病，除了吃药，还得注意控制情绪，切莫扰动肝火。,雷兄，你這肝陽上亢的老毛病，除了吃藥，還得注意控制情緒，切莫擾動肝火。,"Brother Lei, your liver yang is rising again. Along with taking the medicine, you must keep your temper in check and avoid stirring up liver fire.",雷兄、肝陽上亢の持病は、薬を飲むだけでなく、気持ちを落ち着けることも大切です。怒りで肝火を強めないようにしてください。,"뇌 형, 간양상항의 고질병은 약을 먹는 것 외에도 감정을 잘 다스리고 간화를 자극하지 않도록 해야 합니다."
STORY_007_02_002_SPEAKER,雷万钧,雷萬鈞,Lei Wanjun,雷万鈞,뇌만균
STORY_007_02_002_TEXT,哎呀，这都被你看出来啦。,哎呀，這都被你看出來啦。,Ha! You saw right through me.,はは、見抜かれてしまったか。,"아이고, 그것까지 알아보셨나."
STORY_007_02_003_SPEAKER,雷万钧,雷萬鈞,Lei Wanjun,雷万鈞,뇌만균
STORY_007_02_003_TEXT,昨日我带着兄弟们和州府的征粮官去收粮，这帮狗腿子淋尖踢斛下脚那叫一个狠，气得我当场骂娘。,昨日我帶著兄弟們和州府的徵糧官去收糧，這幫狗腿子淋尖踢斛下腳那叫一個狠，氣得我當場罵娘。,Yesterday my men and I accompanied the prefecture's grain tax collectors. Those lackeys were heaping and kicking the measures so hard that I cursed them on the spot.,昨日、部下と徴税官を連れて年貢米を集めに行ったんだが、あの役人どもが升を蹴って米を巻き上げるやり方がひどくてな。思わずその場で怒鳴ったよ。,"어제 아우들과 함께 주부의 세곡 징수관을 따라 곡식을 거두러 갔네. 그 앞잡이들이 곡식 자루를 넘치게 담고 말로 쳐서 떨어뜨리는 짓을 어찌나 심하게 하던지, 화가 나서 그 자리에서 욕을 했다네."
STORY_007_02_004_SPEAKER,李东璧,李東璧,Li Dongbi,李東璧,이동벽
STORY_007_02_004_TEXT,"什么叫""淋尖踢斛""呀？","什麼叫""淋尖踢斛""呀？",What do you mean by “heaping and kicking the measures”?,升を蹴るとは、どういうことですか？,‘임첨척곡(淋尖踢斛)’이란 게 무엇입니까?
STORY_007_02_005_SPEAKER,雷万钧,雷萬鈞,Lei Wanjun,雷万鈞,뇌만균
STORY_007_02_005_TEXT,"贤弟你有所不知，百姓交粮时，要把粮食倒进斛里，堆得高出斛口，堆成尖尖的，这叫""淋尖""。","賢弟你有所不知，百姓交糧時，要把糧食倒進斛裡，堆得高出斛口，堆成尖尖的，這叫""淋尖""。","When common folk pay their grain tax, they pour grain into a measuring vessel until it forms a mound above the rim. That is the “heaping.”",民が年貢を納めるとき、升の縁より高く山になるまで米を盛らせる。それを「尖り盛り」と呼ぶんだ。,"아우가 잘 모르는군. 백성들이 세곡을 낼 때 곡식을 말에 붓고, 말 가장자리보다 높이 뾰족하게 쌓는데 이것을 ‘임첨(淋尖)’이라고 하지."
STORY_007_02_006_SPEAKER,雷万钧,雷萬鈞,Lei Wanjun,雷万鈞,뇌만균
STORY_007_02_006_TEXT,官吏再踢一脚斛，那些被震落、洒在斛外的粮食，不算入百姓缴纳的赋税，直接入了这帮狗腿子的口袋。,官吏再踢一腳斛，那些被震落、灑在斛外的糧食，不算入百姓繳納的賦稅，直接入了這幫狗腿子的口袋。,Then an official kicks the vessel. The grain that spills out does not count toward the tax. Those lackeys pocket it instead.,役人が升を蹴ってこぼした米は納税分に数えられず、そのまま役人の懐に入る。,"관리가 다시 말에 발길질을 하면, 진동해 밖으로 떨어진 곡식은 백성의 세금으로 인정되지 않고 앞잡이들 주머니로 바로 들어간다네."
STORY_007_02_007_SPEAKER,李东璧,李東璧,Li Dongbi,李東璧,이동벽
STORY_007_02_007_TEXT,啊…这也太过分了…,啊…這也太過分了…,That is outrageous…,そんな……ひどすぎます……,아… 이건 너무 심하군요…
STORY_007_02_008_SPEAKER,雷万钧,雷萬鈞,Lei Wanjun,雷万鈞,뇌만균
STORY_007_02_008_TEXT,现在这淋尖踢斛已经是各处不成文的规矩了，但昨天那帮混蛋踢得太狠，简直成明抢了。,現在這淋尖踢斛已經是各處不成文的規矩了，但昨天那幫混蛋踢得太狠，簡直成明搶了。,"It has become an unwritten rule everywhere, but yesterday those scoundrels kicked so hard it was open robbery.",今ではどこでも暗黙の慣習だが、昨日の連中は蹴りすぎだ。あれではただの強奪だよ。,"지금은 이런 일이 곳곳의 불문율이 되었지만, 어제 그놈들이 너무 심하게 발길질하는 바람에 대놓고 강탈한 것이나 다름없었네."
STORY_007_02_009_SPEAKER,李东璧,李東璧,Li Dongbi,李東璧,이동벽
STORY_007_02_009_TEXT,百姓的日子是越来越不好过了，我去给你抓药，雷兄稍候。,百姓的日子是越來越不好過了，我去給你抓藥，雷兄稍候。,"Life is getting harder for the people. I will prepare your medicine, Brother Lei. Please wait here.",民の暮らしは苦しくなる一方ですね。薬を取ってきますので、雷兄は少々お待ちください。,백성들의 삶은 갈수록 힘들어지는구나. 내가 약을 지어 줄 테니 뇌 형은 잠시 기다리시오.
STORY_007_02_010_SPEAKER,雷万钧,雷萬鈞,Lei Wanjun,雷万鈞,뇌만균
STORY_007_02_010_TEXT,有劳贤弟。,有勞賢弟。,"Thank you, my friend.",すまないな。,"수고 많네, 아우."
STORY_007_03_001_SPEAKER,李东璧,李東璧,Li Dongbi,李東璧,이동벽
STORY_007_03_001_TEXT,不对，我需要好好想想这是什么病，该开什么方。,不對，我需要好好想想這是什麼病，該開什麼方。,"No, that is not right. I need to think carefully about the illness and the proper prescription.",違う。これは何の病か、どんな処方を出すべきか、よく考えなければ。,"아니야, 이건 틀렸어. 무슨 병인지, 어떤 처방을 써야 하는지 잘 생각해 봐야 해."
STORY_008_01_001_SPEAKER,陆忠,陸忠,Lu Zhong,陸忠,육충
STORY_008_01_001_TEXT,大夫大夫！救命啊大夫！我家老爷要不行了！,大夫大夫！救命啊大夫！我家老爺要不行了！,"Doctor! Doctor, help! My master is dying!",先生！　先生！　助けてください！　うちの旦那様が危ないんです！,의원님! 의원님! 살려 주십시오! 우리 나리께서 위독하십니다!
STORY_008_01_002_SPEAKER,李东璧,李東璧,Li Dongbi,李東璧,이동벽
STORY_008_01_002_TEXT,出什么事了？,出什麼事了？,What happened?,何があったんですか？,무슨 일이오?
STORY_008_01_003_SPEAKER,陆忠,陸忠,Lu Zhong,陸忠,육충
STORY_008_01_003_TEXT,我家老爷刚才在醉仙楼喝酒，突然就开始胡言乱语，神志不清了。,我家老爺剛才在醉仙樓喝酒，突然就開始胡言亂語，神志不清了。,He was drinking at the Drunken Immortal Tavern when he suddenly began speaking nonsense. He no longer knows what is going on.,旦那様が酔仙楼で飲んでいたところ、突然訳の分からないことを言い始め、意識もはっきりしなくなりました。,우리 나리께서 방금 취선루에서 술을 드시다가 갑자기 헛소리를 하기 시작하시더니 정신을 잃으셨습니다.
STORY_008_01_004_SPEAKER,贾荃,賈荃,Jia Quan,賈荃,가전
STORY_008_01_004_TEXT,我是湖广首富！哈哈哈哈，我看谁再敢小看我！,我是湖廣首富！哈哈哈哈，我看誰再敢小看我！,"I am the richest man in Huguang! Ha, ha, ha! Let us see who dares look down on me now!",私は湖広一の大金持ちだ！　ははは！　もう誰にも見下されないぞ！,"나는 호광 최고의 부자다! 하하하하, 누가 감히 나를 업신여기는지 보자고!"
STORY_008_01_005_SPEAKER,李东璧,李東璧,Li Dongbi,李東璧,이동벽
STORY_008_01_005_TEXT,这不是贾老板吗，快把他抬过来。,這不是賈老闆嗎，快把他抬過來。,"Is that Master Jia? Bring him over here, quickly.",賈旦那じゃないか。早くここへ運んで。,이분은 가전 사장 아닌가? 어서 그를 이쪽으로 옮겨 오시오.
STORY_008_01_006_SPEAKER,贾荃,賈荃,Jia Quan,賈荃,가전
STORY_008_01_006_TEXT,我有一桩大买卖，天大的买卖！呕~,我有一樁大買賣，天大的買賣！嘔~,"I have a grand deal, the greatest deal of all! Urgh…",大きな商売がある、ものすごい商売だ！　うっ……,나는 엄청난 장사를… 하늘이 놀랄 장사를 한다고! 우욱~
STORY_008_02_001_SPEAKER,贾荃,賈荃,Jia Quan,賈荃,가전
STORY_008_02_001_TEXT,哎哟，我的头好晕啊。,哎喲，我的頭好暈啊。,"Oh, my head is spinning.",ああ、頭がくらくらする……,"아이고, 머리가 너무 어지럽구나."
STORY_008_02_002_SPEAKER,李东璧,李東璧,Li Dongbi,李東璧,이동벽
STORY_008_02_002_TEXT,贾老板的神志不清是由痰火扰心所致，心情大起大落再加上饮酒过度，使病情加剧。需要戒酒静养，按时服药。,賈老闆的神志不清是由痰火擾心所致，心情大起大落再加上飲酒過度，使病情加劇。需要戒酒靜養，按時服藥。,"Master Jia's confusion was caused by phlegm fire disturbing the heart. Strong swings in mood and too much wine made it worse. He must avoid alcohol, rest and take his medicine regularly.",賈旦那の意識の乱れは、痰火が心を乱したためです。激しい感情の起伏と飲みすぎで悪化しました。酒を断って静養し、薬を時間どおりに飲んでください。,가전 사장의 정신 혼란은 담화요심 때문입니다. 감정의 큰 기복에다 과음까지 겹쳐 병세가 심해진 것입니다. 술을 끊고 안정을 취하며 제때 약을 복용해야 합니다.
STORY_008_02_003_SPEAKER,陆忠,陸忠,Lu Zhong,陸忠,육충
STORY_008_02_003_TEXT,真是太谢谢先生了，老爷，我们走吧。,真是太謝謝先生了，老爺，我們走吧。,"Thank you so much, Doctor. Come, Master, let us go home.",先生、本当にありがとうございます。旦那様、帰りましょう。,"정말 감사합니다, 선생님. 나리, 이제 돌아가시지요."
STORY_008_02_004_SPEAKER,陈皮,陳皮,Chen Pi,陳皮,진피
STORY_008_02_004_TEXT,这贾老板怎么突然犯病了呀？我看是这个奸商干坏事儿遭报应了。,這賈老闆怎麼突然犯病了呀？我看是這個奸商幹壞事兒遭報應了。,Why did Master Jia suddenly fall ill? I bet that crooked merchant is getting what he deserves.,賈旦那はどうして急に倒れたんでしょう？　悪事を働いた報いじゃありませんか。,가전 사장이 왜 갑자기 발작한 거지? 저 악덕 상인이 나쁜 짓을 한 벌을 받는 모양이군.
STORY_008_02_005_SPEAKER,李东璧,李東璧,Li Dongbi,李東璧,이동벽
STORY_008_02_005_TEXT,别乱说，快去把他吐的地方收拾收拾，还有病患要看病呢。,別亂說，快去把他吐的地方收拾收拾，還有病患要看病呢。,Do not say that. Clean up where he was sick. We still have patients to see.,余計なことを言わず、吐いた場所を片づけて。まだ患者を診なくては。,그런 말 하지 마라. 그가 토한 곳을 치우거라. 아직 진료할 환자가 있다.
STORY_008_03_001_SPEAKER,李东璧,李東璧,Li Dongbi,李東璧,이동벽
STORY_008_03_001_TEXT,不对，我需要好好想想这是什么病，该开什么方。,不對，我需要好好想想這是什麼病，該開什麼方。,"No, that is not right. I need to think carefully about the illness and the proper prescription.",違う。これは何の病か、どんな処方を出すべきか、よく考えなければ。,"아니야, 이건 틀렸어. 무슨 병인지, 어떤 처방을 써야 하는지 잘 생각해 봐야 해."
STORY_009_01_001_SPEAKER,衙役,衙役,Constable,役人,포졸
STORY_009_01_001_TEXT,李大夫，知州大人请您去州衙有事商议。,李大夫，知州大人請您去州衙有事商議。,"Doctor Li, the prefect requests your presence at the government office.",李先生、知州様が州役所で相談したいことがあるそうです。,"이 의원, 지주 대감께서 주 아문으로 와서 의논할 일이 있다고 하십니다."
STORY_009_01_002_SPEAKER,李东璧,李東璧,Li Dongbi,李東璧,이동벽
STORY_009_01_002_TEXT,我知道了，我这就去。,我知道了，我這就去。,Understood. I will go at once.,分かりました。すぐ参ります。,알겠습니다. 바로 가겠습니다.
STORY_009_01_003_SPEAKER,吴世良,吳世良,Wu Shiliang,呉世良,오세량
STORY_009_01_003_TEXT,今日召诸位来，是朝廷有旨意下达。,今日召諸位來，是朝廷有旨意下達。,I have summoned you all today to convey an order from the court.,今日皆を集めたのは、朝廷から命が下ったためだ。,오늘 여러분을 부른 것은 조정의 명을 전달하기 위해서입니다.
STORY_009_01_004_SPEAKER,吴世良,吳世良,Wu Shiliang,呉世良,오세량
STORY_009_01_004_TEXT,浙江省淳安建德两县突发水灾，周边各地已有瘟疫出现，朝廷为防止疫情扩散，特令周边州府发放赈灾药材。,浙江省淳安建德兩縣突發水災，周邊各地已有瘟疫出現，朝廷為防止疫情擴散，特令周邊州府發放賑災藥材。,"Flooding has struck Chun'an and Jiande counties in Zhejiang. Disease has already appeared in nearby districts. To prevent an epidemic from spreading, the court has ordered surrounding prefectures to distribute medicinal supplies for disaster relief.",浙江省の淳安県と建徳県で突然洪水が起き、周辺では疫病も発生している。感染の拡大を防ぐため、朝廷は近隣の州府に救済用の薬材を配るよう命じた。,"절강성 순안현과 건덕현에 갑자기 수해가 발생했고, 주변 여러 지역에는 이미 역병이 나타났습니다. 조정은 전염병 확산을 막기 위해 인근 주부에 구휼 약재를 나누어 주도록 명했습니다."
STORY_009_01_005_SPEAKER,吴世良,吳世良,Wu Shiliang,呉世良,오세량
STORY_009_01_005_TEXT,昨日，赈灾药材已采办完备，这次除了惠民药局，还要各医馆药铺配合诊治病患、发放药材。,昨日，賑災藥材已採辦完備，這次除了惠民藥局，還要各醫館藥鋪配合診治病患、發放藥材。,"The supplies were procured yesterday. This time, private clinics and apothecaries must help the public dispensary treat patients and distribute medicine.",薬材の調達は昨日終わった。今回は恵民薬局だけでなく、各診療所と薬舗にも患者の診療と薬材の配布に協力してもらう。,어제 구휼 약재의 조달을 마쳤습니다. 이번에는 혜민약국뿐 아니라 각 의원과 약방도 환자 진료와 약재 배포에 협조해야 합니다.
STORY_009_01_006_SPEAKER,吴世良,吳世良,Wu Shiliang,呉世良,오세량
STORY_009_01_006_TEXT,一会儿诸位就去库房画押登记，明日起官府会张贴榜文，通知百姓就近领取药材。,一會兒諸位就去庫房畫押登記，明日起官府會張貼榜文，通知百姓就近領取藥材。,"You will sign the register at the storehouse shortly. Starting tomorrow, the authorities will post notices telling residents where to collect medicine nearby.",皆にはこのあと倉庫で署名と登録をしてもらう。明日から役所が告示を出し、民に近くで薬を受け取るよう知らせる。,잠시 후 모두 창고로 가서 서명하고 등록하십시오. 내일부터 관아에서 고시문을 붙여 백성들에게 가까운 곳에서 약재를 받도록 알릴 것입니다.
STORY_009_01_007_SPEAKER,杨善泉,楊善泉,Yang Shanquan,楊善泉,양선천
STORY_009_01_007_TEXT,诸位到我这画押，排好队一个一个来，写好收货地址，我们会专门派人运送。,諸位到我這畫押，排好隊一個一個來，寫好收貨地址，我們會專門派人運送。,"Line up here to sign, one at a time. Write down your delivery address and we will send someone with the supplies.",皆さん、こちらで署名してください。一列に並んで順番に。届け先の住所を書けば、担当者が運びます。,"여기서 서명하십시오. 한 사람씩 줄을 서서 오시고, 받을 주소를 적어 주시면 저희가 따로 사람을 보내 운송하겠습니다."
STORY_009_01_008_SPEAKER,杨善泉,楊善泉,Yang Shanquan,楊善泉,양선천
STORY_009_01_008_TEXT,李大夫您在这画押，上面催得紧，我们赶着发运呢。,李大夫您在這畫押，上面催得緊，我們趕著發運呢。,"Doctor Li, please sign here. Our superiors are pressing us to dispatch everything quickly.",李先生、こちらに署名を。上から急かされており、すぐに発送しなければなりません。,"이 의원, 여기 서명하십시오. 위에서 재촉이 심해 서둘러 운송해야 합니다."
STORY_009_01_009_SPEAKER,李东璧,李東璧,Li Dongbi,李東璧,이동벽
STORY_009_01_009_TEXT,好的好的。,好的好的。,"Yes, of course.",はい、分かりました。,"알겠습니다, 알겠습니다."
STORY_009_02_001_SPEAKER,李言闻,李言聞,Li Yanwen,李言聞,이언문
STORY_009_02_001_TEXT,东璧回来啦，什么事儿啊，一大早就被叫去了？,東璧回來啦，什麼事兒啊，一大早就被叫去了？,"Dongbi, you are back. Why did they call you away so early?",東璧、おかえり。朝早くから呼ばれて、何の用だったの？,"둥비야, 돌아왔구나. 무슨 일이길래 아침부터 불려 간 거냐?"
STORY_009_02_002_SPEAKER,李东璧,李東璧,Li Dongbi,李東璧,이동벽
STORY_009_02_002_TEXT,朝廷调拨了赈灾药材，这次不光惠民药局，咱们这些医馆药铺也要一起帮忙发放。,朝廷調撥了賑災藥材，這次不光惠民藥局，咱們這些醫館藥鋪也要一起幫忙發放。,"The court has sent medicine for disaster relief. This time, our clinics and apothecaries must help distribute it alongside the public dispensary.",朝廷が救済用の薬材を配るそうだ。今回は恵民薬局だけでなく、うちのような診療所も配布を手伝う。,조정에서 구휼 약재를 보냈습니다. 이번에는 혜민약국뿐 아니라 우리 같은 의원과 약방도 함께 나누어 주어야 합니다.
STORY_009_02_003_SPEAKER,吴芷兰,吳芷蘭,Wu Zhilan,呉芷蘭,오지란
STORY_009_02_003_TEXT,这几日我去菜市街买菜的时候，看到不少流民在城东，大灾之后必有大疫，朝廷这次赈灾太及时了。,這幾日我去菜市街買菜的時候，看到不少流民在城東，大災之後必有大疫，朝廷這次賑災太及時了。,I have seen many displaced people in the east of town on my way to the market. A great disaster is often followed by an epidemic. The relief could not have come sooner.,最近、市場へ買い物に行くと城の東で避難民をよく見かけます。大災害のあとには疫病が起こりやすいですし、朝廷の救済はちょうどよかったですね。,"요 며칠 채소 시장에 장을 보러 가면서 성 동쪽에 피란민이 많이 모여 있는 것을 보았어요. 큰 재난 뒤에는 반드시 큰 역병이 따르는 법인데, 조정의 이번 구휼은 정말 시의적절하네요."
STORY_009_02_004_SPEAKER,李东璧,李東璧,Li Dongbi,李東璧,이동벽
STORY_009_02_004_TEXT,陈皮，跟我去后院收拾收拾库房，一会儿药材就要送来了，得赶紧腾出地方。,陳皮，跟我去後院收拾收拾庫房，一會兒藥材就要送來了，得趕緊騰出地方。,"Chen Pi, come help me clear the storeroom out back. The medicine will arrive soon, and we need to make room.",陳皮、裏の倉庫を片づけに行こう。もうすぐ薬材が届くから、急いで場所を空けないと。,"진피, 나와 함께 뒷마당 창고를 정리하자. 곧 약재가 들어올 테니 서둘러 자리를 비워야 한다."
STORY_009_02_005_SPEAKER,陈皮,陳皮,Chen Pi,陳皮,진피
STORY_009_02_005_TEXT,好嘞。,好嘞。,Right away.,はい！,알겠습니다.
STORY_010_001_SPEAKER,李言闻,李言聞,Li Yanwen,李言聞,이언문
STORY_010_001_TEXT,数目都对，有劳几位了，进来喝点水吧。,數目都對，有勞幾位了，進來喝點水吧。,"The count is correct. Thank you, gentlemen. Would you come in for some water?",数は合っています。お疲れさまでした。中で水でも飲んでいきませんか。,수량은 모두 맞습니다. 수고 많으셨습니다. 들어와서 물이라도 드시지요.
STORY_010_002_SPEAKER,衙役,衙役,Constable,役人,포졸
STORY_010_002_TEXT,还有公务在身，就不劳烦李太医啦，兄弟们，走了！,還有公務在身，就不勞煩李太醫啦，兄弟們，走了！,"We are still on duty, Doctor Li. No need to trouble yourself. Men, let us go!",まだ公務がありますので、お構いなく。皆、行くぞ！,"아직 공무가 남아 있으니 이 태의를 번거롭게 할 수는 없습니다. 자, 가자!"
STORY_010_003_SPEAKER,李东璧,李東璧,Li Dongbi,李東璧,이동벽
STORY_010_003_TEXT,爹，货都到齐了吗？,爹，貨都到齊了嗎？,"Father, has everything arrived?",父上、荷は全部届きましたか？,"아버지, 물건은 모두 도착했습니까?"
STORY_010_004_SPEAKER,李言闻,李言聞,Li Yanwen,李言聞,이언문
STORY_010_004_TEXT,嗯，我都点数过了，这次是按份分装的，倒省得咱们再称量，不错不错。,嗯，我都點數過了，這次是按份分裝的，倒省得咱們再稱量，不錯不錯。,"Yes, I counted it all. It has already been packed into individual portions, so we will not need to weigh it ourselves. Excellent.",ああ、全部数えた。今回は一回分ずつ包んであるから、こちらで量り直さずに済む。よくできている。,"그래, 모두 세어 보았다. 이번에는 분량별로 포장되어 있어서 우리가 다시 무게를 잴 필요가 없겠구나. 아주 좋다."
STORY_010_005_SPEAKER,李言闻,李言聞,Li Yanwen,李言聞,이언문
STORY_010_005_TEXT,明日我带着芷兰他们发药，医馆的活计你好生照看。,明日我帶著芷蘭他們發藥，醫館的活計你好生照看。,Tomorrow I will distribute the medicine with Zhilan and the others. You look after the clinic.,明日はわしが芷蘭たちを連れて薬を配る。お前は診療所の仕事を頼む。,내일은 지란이와 함께 약을 나누어 주마. 너는 의원 일을 잘 돌보거라.
STORY_010_006_SPEAKER,李东璧,李東璧,Li Dongbi,李東璧,이동벽
STORY_010_006_TEXT,知道了爹。,知道了爹。,"Of course, Father.",分かりました、父上。,"알겠습니다, 아버지."
STORY_011_001_SPEAKER,吴芷兰,吳芷蘭,Wu Zhilan,呉芷蘭,오지란
STORY_011_001_TEXT,爹，药熬好了。,爹，藥熬好了。,"Father, the medicine is ready.",父上、薬が煎じ上がりました。,"아버지, 약을 다 달였습니다."
STORY_011_002_SPEAKER,李言闻,李言聞,Li Yanwen,李言聞,이언문
STORY_011_002_TEXT,忙活了一天，药材发得差不多了，咱们家也该把药喝了。我看看这次开的是什么方子。,忙活了一天，藥材發得差不多了，咱們家也該把藥喝了。我看看這次開的是什麼方子。,"After a full day's work, we have handed out nearly all the supplies. We should take our own medicine too. Let me see what formula they have given us.",一日働いて薬もほぼ配り終えた。わしらも飲んでおこう。今回はどんな処方か見せてくれ。,하루 종일 바빴구나. 약재도 거의 다 나누어 주었으니 우리 집에서도 약을 먹어야지. 이번에 무슨 처방을 받았는지 보자꾸나.
STORY_011_003_SPEAKER,李言闻,李言聞,Li Yanwen,李言聞,이언문
STORY_011_003_TEXT,嗯…有藿香，有紫苏，应该是藿香正气散的方子。,嗯…有藿香，有紫蘇，應該是藿香正氣散的方子。,Hmm… Agastache and perilla leaf. This should be Agastache Powder to Rectify the Qi.,うむ……藿香と紫蘇が入っている。藿香正気散だろう。,음… 곽향과 자소엽이 있구나. 곽향정기산 처방인 모양이야.
STORY_011_004_SPEAKER,李言闻,李言聞,Li Yanwen,李言聞,이언문
STORY_011_004_TEXT,嗯？…味道不对啊，这药里怎么掺了面粉？厚朴里也混杂了树皮充数。,嗯？…味道不對啊，這藥裡怎麼摻了麵粉？厚朴裡也混雜了樹皮充數。,"Hm? It does not taste right. Why is flour mixed in with the medicine? They have bulked out the magnolia bark with ordinary tree bark, too.",ん？　匂いがおかしい。薬に小麦粉が混じっているぞ。厚朴には別の木の皮まで混ぜてかさ増ししてある。,음? 맛이 이상하구나. 이 약에 밀가루가 섞여 있잖으냐? 후박에도 분량을 채우려고 다른 나무껍질을 섞었구나.
STORY_011_005_SPEAKER,李东璧,李東璧,Li Dongbi,李東璧,이동벽
STORY_011_005_TEXT,我尝尝…藿香用的是梗，气味微薄。,我嘗嘗…藿香用的是梗，氣味微薄。,Let me taste it… They used agastache stems. The aroma is weak.,少し味を見よう……藿香は茎ばかりで、香りが弱い。,제가 맛을 보겠습니다… 곽향은 줄기를 썼고 향이 약합니다.
STORY_011_006_SPEAKER,李言闻,李言聞,Li Yanwen,李言聞,이언문
STORY_011_006_TEXT,这…连赈灾药材都敢动手脚…,這…連賑災藥材都敢動手腳…,They even dared tamper with medicine meant for disaster relief…,そんな……救済用の薬材にまで手を加えるとは……,이… 구휼 약재까지 손을 대다니…
STORY_011_007_SPEAKER,李东璧,李東璧,Li Dongbi,李東璧,이동벽
STORY_011_007_TEXT,赈灾药材事关重大，我们得上报官府。,賑災藥材事關重大，我們得上報官府。,These supplies are too important. We must report this to the authorities.,救済用の薬材は大事なものだ。役所に報告しなければ。,구휼 약재는 중대한 일이니 관아에 보고해야 합니다.
STORY_011_008_SPEAKER,李言闻,李言聞,Li Yanwen,李言聞,이언문
STORY_011_008_TEXT,明日我去药剂局跟孙大夫商量商量。,明日我去藥劑局跟孫大夫商量商量。,Tomorrow I will discuss it with Doctor Sun at the dispensary.,明日、薬剤局へ行って孫先生に相談してみます。,내일 약제국에 가서 손 의원과 의논해 보마.
STORY_012_001_SPEAKER,李言闻,李言聞,Li Yanwen,李言聞,이언문
STORY_012_001_TEXT,坏事了坏事了，孙大夫被抓了。,壞事了壞事了，孫大夫被抓了。,Something terrible has happened! Doctor Sun has been arrested!,大変だ！　孫先生が捕まった！,"큰일이다, 큰일이야. 손 의원이 잡혀갔다."
STORY_012_002_SPEAKER,李东璧,李東璧,Li Dongbi,李東璧,이동벽
STORY_012_002_TEXT,出什么事了？,出什麼事了？,What happened?,何があった？,무슨 일입니까?
STORY_012_003_SPEAKER,李言闻,李言聞,Li Yanwen,李言聞,이언문
STORY_012_003_TEXT,孙大夫也发现赈灾药材有问题，去州衙找吴世良，谁知被扣了个私换药材的罪名，打了二十板子关进大狱里了。,孫大夫也發現賑災藥材有問題，去州衙找吳世良，誰知被扣了個私換藥材的罪名，打了二十板子關進大獄裡了。,"Doctor Sun noticed the problems with the relief medicine too. He went to confront Wu Shiliang at the prefectural office. Instead, they accused him of secretly swapping the medicine, flogged him twenty times and threw him in prison.",孫先生も薬材の異常に気づいて、州役所の呉世良に会いに行った。ところが薬材を勝手にすり替えたと罪を着せられ、杖で二十回打たれて牢に入れられたんだ。,"손 의원도 구휼 약재에 문제가 있다는 것을 알아채고 오세량을 찾아 주 아문으로 갔지만, 도리어 약재를 몰래 바꿔치기했다는 죄명을 뒤집어쓰고 곤장 20대를 맞은 뒤 감옥에 갇혔다."
STORY_012_004_SPEAKER,李言闻,李言聞,Li Yanwen,李言聞,이언문
STORY_012_004_TEXT,这个吴世良，平日里看着人模狗样的，真不是个东西啊。,這個吳世良，平日裡看著人模狗樣的，真不是個東西啊。,"Wu Shiliang always looked respectable, but he is rotten to the core.",呉世良め、普段は立派そうに見えたのに、とんでもないやつだ。,"그 오세량이란 놈은 평소에는 멀쩡한 사람처럼 굴더니, 정말 인간 말종이구나."
STORY_012_005_SPEAKER,李东璧,李東璧,Li Dongbi,李東璧,이동벽
STORY_012_005_TEXT,我们得给孙大夫讨回公道。,我們得給孫大夫討回公道。,We have to seek justice for Doctor Sun.,孫先生の無実を証明しなければ。,손 의원의 억울함을 풀어 드려야 합니다.
STORY_012_006_SPEAKER,李言闻,李言聞,Li Yanwen,李言聞,이언문
STORY_012_006_TEXT,儿啊，我看咱们还是别蹚浑水了，多一事不如少一事，明哲保身吧。这不是咱们平民百姓管得了的。,兒啊，我看咱們還是別蹚渾水了，多一事不如少一事，明哲保身吧。這不是咱們平民百姓管得了的。,"Son, I think we should stay out of this. Better to keep our heads down. Ordinary people like us cannot fight the authorities.",息子よ、この件には関わらないほうがいい。余計なことに首を突っ込まず、身を守りなさい。わしら庶民にどうにかできる話ではない。,"아들아, 우리는 이 일에 끼어들지 않는 게 좋겠다. 일을 벌이지 않는 것이 낫고, 몸을 보전해야지. 우리 같은 평민이 감당할 일이 아니다."
STORY_012_007_SPEAKER,李东璧,李東璧,Li Dongbi,李東璧,이동벽
STORY_012_007_TEXT,…...,…...,…,…………,…
STORY_013_001_SPEAKER,雷万钧,雷萬鈞,Lei Wanjun,雷万鈞,뇌만균
STORY_013_001_TEXT,贤弟，好久不见啊，今天来抓点药顺便来看看你。,賢弟，好久不見啊，今天來抓點藥順便來看看你。,"My friend, it has been too long. I came to pick up some medicine and thought I would visit you.",久しぶりだな。薬を買いに来たついでに、お前の顔も見に来たよ。,"현제, 정말 오랜만일세. 오늘 약을 지으러 왔다가 자네도 보려고 들렀네."
STORY_013_002_SPEAKER,李东璧,李東璧,Li Dongbi,李東璧,이동벽
STORY_013_002_TEXT,雷兄哪里不舒服？,雷兄哪裡不舒服？,"What is troubling you, Brother Lei?",雷兄、どこか具合が悪いのですか？,"뇌 형, 어디가 불편하십니까?"
STORY_013_003_SPEAKER,雷万钧,雷萬鈞,Lei Wanjun,雷万鈞,뇌만균
STORY_013_003_TEXT,这次省内各州县的赈灾药材都要从咱们蕲州调拨，我奉命押送，全省各处跑，路上染了点风寒。,這次省內各州縣的賑災藥材都要從咱們蘄州調撥，我奉命押送，全省各處跑，路上染了點風寒。,"All the disaster relief medicine for the province is being sent out from Qizhou. I was ordered to escort shipments from place to place, and I caught a chill on the road.",今回は省内各地へ送る救済用の薬材を、すべて蘄州から運ぶことになった。護送を命じられてあちこち走り回るうち、風邪をひいてしまった。,이번 성 안의 각 주현에 보낼 구휼 약재를 모두 우리 기주에서 조달하게 되었네. 내가 호송 명령을 받아 성 전체를 돌아다니다가 길에서 풍한을 얻었지.
STORY_013_004_SPEAKER,李东璧,李東璧,Li Dongbi,李東璧,이동벽
STORY_013_004_TEXT,全省都从蕲州调拨？,全省都從蘄州調撥？,The whole province is receiving supplies from Qizhou?,全省分を蘄州から運ぶのですか？,성 전체가 기주에서 약재를 받는 겁니까?
STORY_013_005_SPEAKER,雷万钧,雷萬鈞,Lei Wanjun,雷万鈞,뇌만균
STORY_013_005_TEXT,是啊，这次的药材统一由蕲州采办存放，哪里缺药就从咱们这调拨。,是啊，這次的藥材統一由蘄州採辦存放，哪裡缺藥就從咱們這調撥。,"Yes. All the medicine is bought and stored here, then sent wherever it is needed.",そうだ。蘄州で一括して買い入れ、保管している。薬が足りない所にはここから送る。,"그렇다네. 이번 약재는 모두 기주에서 통일해 조달하고 보관한 뒤, 약재가 부족한 곳으로 보내는 방식일세."
STORY_013_006_SPEAKER,李东璧,李東璧,Li Dongbi,李東璧,이동벽
STORY_013_006_TEXT,有件事儿你知道吗？这次的赈灾药材被人动了手脚，以次充好，根本治不了病。,有件事兒你知道嗎？這次的賑災藥材被人動了手腳，以次充好，根本治不了病。,Have you heard? Someone has tampered with these relief supplies. They have replaced good medicine with poor quality stock. It cannot cure anyone.,ご存じですか？　今回の薬材には粗悪品が混ざっています。あれでは病を治せません。,"한 가지 아십니까? 이번 구휼 약재가 누군가의 손을 타서 좋은 약재 대신 질 낮은 것을 넣었고, 도저히 병을 치료할 수 없게 되었습니다."
STORY_013_007_SPEAKER,雷万钧,雷萬鈞,Lei Wanjun,雷万鈞,뇌만균
STORY_013_007_TEXT,什么？有这事儿？,什麼？有這事兒？,What? Is that true?,何だって？　本当か？,뭐라고? 그런 일이 있었나?
STORY_013_008_SPEAKER,李东璧,李東璧,Li Dongbi,李東璧,이동벽
STORY_013_008_TEXT,药剂局的孙大夫去找吴世良理论，被关进大牢，知情的大夫们都不敢声张。,藥劑局的孫大夫去找吳世良理論，被關進大牢，知情的大夫們都不敢聲張。,Doctor Sun from the dispensary challenged Wu Shiliang about it and was imprisoned. The other doctors who know are afraid to speak up.,薬剤局の孫先生が呉世良に抗議したら、牢に入れられました。事情を知る医者は誰も声を上げられません。,"약제국의 손 의원이 오세량을 찾아 따졌지만 감옥에 갇혔고, 사정을 아는 의원들도 모두 입을 다물고 있습니다."
STORY_013_009_SPEAKER,雷万钧,雷萬鈞,Lei Wanjun,雷万鈞,뇌만균
STORY_013_009_TEXT,他娘的，没有王法了！这州府衙门肯定是不能去了，我到武昌府湖广按察司，把这事报上去。,他娘的，沒有王法了！這州府衙門肯定是不能去了，我到武昌府湖廣按察司，把這事報上去。,Damn them! Has the law lost all meaning? We cannot go to the local officials. I will report this to the Huguang Provincial Surveillance Commission in Wuchang.,なんてことだ、法もないのか！　州役所には訴えられないな。武昌府の湖広按察司へ行って、この件を上に報告する。,"젠장, 왕법도 없단 말인가! 주부 아문에는 가서는 안 되겠네. 무창부의 호광 안찰사에 이 일을 보고하러 가겠네."
STORY_013_010_SPEAKER,李东璧,李東璧,Li Dongbi,李東璧,이동벽
STORY_013_010_TEXT,雷兄这一趟要多加小心啊。,雷兄這一趟要多加小心啊。,"Take care on the journey, Brother Lei.",雷兄、どうかお気をつけて。,"뇌 형, 이번 길은 각별히 조심하십시오."
STORY_014_01_001_SPEAKER,沈修文,沈修文,Shen Xiuwen,沈修文,심수문
STORY_014_01_001_TEXT,李大夫，小生有礼了。,李大夫，小生有禮了。,"Doctor Li, it is a pleasure to see you.",李先生、ご無沙汰しております。,"이 의원님, 소생이 인사드립니다."
STORY_014_01_002_SPEAKER,李东璧,李東璧,Li Dongbi,李東璧,이동벽
STORY_014_01_002_TEXT,是沈先生啊，请坐。,是沈先生啊，請坐。,"Master Shen. Please, sit down.",沈殿でしたか。どうぞお掛けください。,심 선생이시군요. 앉으십시오.
STORY_014_01_003_SPEAKER,沈修文,沈修文,Shen Xiuwen,沈修文,심수문
STORY_014_01_003_TEXT,最近有点失眠，没什么食欲，来请李大夫给看看。,最近有點失眠，沒什麼食慾，來請李大夫給看看。,I have been sleeping poorly and have little appetite. I hoped you would examine me.,最近よく眠れず、食欲もありません。診ていただきたいのです。,최근 잠을 잘 못 자고 식욕도 없어 이 의원께 진찰을 부탁드리러 왔습니다.
STORY_014_02_001_SPEAKER,李东璧,李東璧,Li Dongbi,李東璧,이동벽
STORY_014_02_001_TEXT,先生这是心脾两虚之症，思虑过度暗耗心血导致心血不足，脾气虚弱。给您开一服归脾汤，您可要注意休息啊。,先生這是心脾兩虛之症，思慮過度暗耗心血導致心血不足，脾氣虛弱。給您開一服歸脾湯，您可要注意休息啊。,You have a deficiency of both heart and spleen. Too much worry has depleted your heart blood and weakened your spleen qi. I will prescribe Restore the Spleen Decoction. Please make sure you rest.,心脾両虚の証です。考えすぎて心血を消耗し、脾の気も弱っています。帰脾湯を処方しますから、しっかり休んでください。,선생께서는 심비양허 증입니다. 지나친 걱정이 몰래 심혈을 소모하여 심혈이 부족해지고 비기가 약해진 것입니다. 귀비탕을 한 첩 지어 드릴 테니 충분히 쉬셔야 합니다.
STORY_014_02_002_SPEAKER,沈修文,沈修文,Shen Xiuwen,沈修文,심수문
STORY_014_02_002_TEXT,李神医名不虚传，这阵子确实是公务繁忙，做钱谷师爷这一行，一刻也不得闲啊。,李神醫名不虛傳，這陣子確實是公務繁忙，做錢谷師爺這一行，一刻也不得閒啊。,Your reputation is well deserved. Official business has kept me very busy. A financial secretary never has a moment to spare.,さすが名医の李先生。最近は役所の仕事が忙しくて。金銭や穀物の帳簿を扱う書記は、休む暇もありません。,이 의원의 명성이 헛되지 않군요. 요즘 공무가 정말 바빴습니다. 전곡 사야 노릇을 하다 보니 잠시도 쉴 틈이 없었지요.
STORY_014_02_003_SPEAKER,李东璧,李東璧,Li Dongbi,李東璧,이동벽
STORY_014_02_003_TEXT,先生是操劳赈灾药材的采办之事？,先生是操勞賑災藥材的採辦之事？,Have you been occupied with buying the relief medicine?,救済用の薬材の調達でお忙しいのですか？,구휼 약재 조달 업무로 바쁘셨던 겁니까?
STORY_014_02_004_SPEAKER,沈修文,沈修文,Shen Xiuwen,沈修文,심수문
STORY_014_02_004_TEXT,这是衙门公务，在下不方便说，也劝李大夫不要打听衙门的事。,這是衙門公務，在下不方便說，也勸李大夫不要打聽衙門的事。,"That is government business. I cannot discuss it, and I advise you not to inquire into official affairs.",それは役所の公務ですから、お話しできません。先生も役所のことは詮索しないほうがいい。,관아의 공무라 말씀드리기 어렵습니다. 이 의원께서도 관아 일은 캐묻지 않는 게 좋겠습니다.
STORY_014_02_005_SPEAKER,李东璧,李東璧,Li Dongbi,李東璧,이동벽
STORY_014_02_005_TEXT,是在下唐突了。,是在下唐突了。,Forgive my presumption.,出過ぎたことを申しました。,제가 경솔했습니다.
STORY_014_02_006_SPEAKER,沈修文,沈修文,Shen Xiuwen,沈修文,심수문
STORY_014_02_006_TEXT,无妨，您和令尊医术高明，赈灾药材用的是什么，想必你们心里有数。,無妨，您和令尊醫術高明，賑災藥材用的是什麼，想必你們心裡有數。,No matter. You and your father are skilled physicians. I imagine you know exactly what is in the relief medicine.,いえ。あなたと父上ほどの医者なら、救済用の薬材に何が使われているか、お分かりでしょう。,괜찮습니다. 선생과 부친께서는 의술이 뛰어나시니 구휼 약재가 무엇으로 되어 있는지는 이미 잘 알고 계시겠지요.
STORY_014_02_007_SPEAKER,沈修文,沈修文,Shen Xiuwen,沈修文,심수문
STORY_014_02_007_TEXT,但我得提醒您一句，赈灾药材不只是一两个州府的事，更不是你我能管的事。,但我得提醒您一句，賑災藥材不只是一兩個州府的事，更不是你我能管的事。,But let me warn you: these supplies concern more than one or two prefectures. Neither you nor I can set things right.,ただ、ひとつ忠告します。この件は一つ二つの州府だけの問題ではない。私たちにどうにかできることでもありません。,"하지만 한마디 충고드리겠습니다. 구휼 약재는 한두 주부만의 일이 아니며, 더구나 당신과 제가 관여할 수 있는 일도 아닙니다."
STORY_014_02_008_SPEAKER,李东璧,李東璧,Li Dongbi,李東璧,이동벽
STORY_014_02_008_TEXT,......,......,…,…………,…
STORY_014_02_009_SPEAKER,沈修文,沈修文,Shen Xiuwen,沈修文,심수문
STORY_014_02_009_TEXT,先生医术闻名全省，在下十分钦佩，不要浪费了老天给您的才华。在下告辞。,先生醫術聞名全省，在下十分欽佩，不要浪費了老天給您的才華。在下告辭。,"Your medical skill is renowned throughout the province, and I admire it greatly. Do not squander the gift Heaven has given you. I shall take my leave.",先生の医術は省中に知れ渡っています。その天から授かった才能を無駄になさらぬよう。では失礼します。,"선생의 의술은 성 전체에 이름이 높고, 저는 매우 존경합니다. 하늘이 내린 재능을 낭비하지 마십시오. 저는 이만 물러가겠습니다."
STORY_014_02_010_TEXT,收入一两白银,收入一兩白銀,Received one tael of silver.,収入：銀一両,은전 한 냥 수입
STORY_014_03_001_SPEAKER,李东璧,李東璧,Li Dongbi,李東璧,이동벽
STORY_014_03_001_TEXT,不对，我需要好好想想这是什么病，该开什么方。,不對，我需要好好想想這是什麼病，該開什麼方。,"No, that is not right. I need to think carefully about the illness and the proper prescription.",違う。これは何の病か、どんな処方を出すべきか、よく考えなければ。,"아니야, 이건 틀렸어. 무슨 병인지, 어떤 처방을 써야 하는지 잘 생각해 봐야 해."
STORY_015_001_TEXT,咚咚咚…,咚咚咚…,"Knock, knock, knock…",トントン……,똑똑똑…
STORY_015_002_SPEAKER,李东璧,李東璧,Li Dongbi,李東璧,이동벽
STORY_015_002_TEXT,谁？,誰？,Who is there?,誰だ？,누구십니까?
STORY_015_003_SPEAKER,雷万钧,雷萬鈞,Lei Wanjun,雷万鈞,뇌만균
STORY_015_003_TEXT,贤弟，是我。,賢弟，是我。,"It is me, my friend.",私だよ。,"나일세, 아우."
STORY_015_004_SPEAKER,李东璧,李東璧,Li Dongbi,李東璧,이동벽
STORY_015_004_TEXT,雷兄，怎么样，事情有眉目了吗？,雷兄，怎麼樣，事情有眉目了嗎？,Brother Lei! Have you made any progress?,雷兄、どうでした？　何か分かりましたか？,뇌 형! 진전은 있었습니까?
STORY_015_005_SPEAKER,雷万钧,雷萬鈞,Lei Wanjun,雷万鈞,뇌만균
STORY_015_005_TEXT,唉…按察司、布政司都不受理，去所部都指挥使司面见老宪台，他老人家说这里面水太深，让我别多管闲事…,唉…按察司、布政司都不受理，去所部都指揮使司面見老憲台，他老人家說這裡面水太深，讓我別多管閒事…,No… Neither the provincial surveillance office nor the provincial administration would hear the case. I even went to see the commander at the military commission. He said the matter runs too deep and told me to stay out of it…,はあ……按察司も布政司も訴えを受け付けなかった。都指揮使司の長官にも会ったが、裏が深いから関わるなと言われたよ……,"없었네… 안찰사와 포정사 모두 이 사건을 받아 주지 않았네. 소속 도지휘사사까지 찾아가 노헌대감을 뵈었지만, 이 일은 너무 깊이 얽혀 있으니 괜히 끼어들지 말라고 하시더군…"
STORY_015_006_SPEAKER,李东璧,李東璧,Li Dongbi,李東璧,이동벽
STORY_015_006_TEXT,看来这事远比我们想的复杂…,看來這事遠比我們想的複雜…,Then this is far more complicated than we thought…,どうやら想像以上に複雑な話ですね……,그렇다면 우리가 생각한 것보다 훨씬 복잡하군…
STORY_015_007_SPEAKER,雷万钧,雷萬鈞,Lei Wanjun,雷万鈞,뇌만균
STORY_015_007_TEXT,放任不管的话，是要出大事的...,放任不管的話，是要出大事的...,"If we let it go, something terrible will happen…",放っておけば大変なことになる……,그냥 내버려 두면 큰일이 날 걸세…
STORY_015_008_SPEAKER,李东璧,李東璧,Li Dongbi,李東璧,이동벽
STORY_015_008_TEXT,我想到了一个能帮上忙的人。,我想到了一個能幫上忙的人。,I know someone who might help.,助けてくれそうな人に心当たりがあります。,도움을 청할 만한 사람이 한 명 있습니다.
STORY_015_009_SPEAKER,雷万钧,雷萬鈞,Lei Wanjun,雷万鈞,뇌만균
STORY_015_009_TEXT,哦？是谁？,哦？是誰？,Oh? Who?,ほう？　誰だ？,오? 누구입니까?
STORY_015_010_SPEAKER,李东璧,李東璧,Li Dongbi,李東璧,이동벽
STORY_015_010_TEXT,楚王。,楚王。,The Prince of Chu.,楚王です。,초왕 전하입니다.
STORY_015_011_SPEAKER,雷万钧,雷萬鈞,Lei Wanjun,雷万鈞,뇌만균
STORY_015_011_TEXT,贤弟认识这么大的人物？,賢弟認識這麼大的人物？,You know someone so powerful?,お前、そんな大物と知り合いなのか？,그렇게 높은 분을 알고 계셨습니까?
STORY_015_012_SPEAKER,李东璧,李東璧,Li Dongbi,李東璧,이동벽
STORY_015_012_TEXT,之前医治过世子，应该能说得上话。,之前醫治過世子，應該能說得上話。,I treated his son. He may be willing to hear me out.,以前、世子様を治療しました。話は聞いていただけるはずです。,그분의 아드님을 치료한 적이 있습니다. 제 말을 들어 주실지도 모릅니다.
STORY_015_013_SPEAKER,雷万钧,雷萬鈞,Lei Wanjun,雷万鈞,뇌만균
STORY_015_013_TEXT,那还等什么，我陪你现在就去！,那還等什麼，我陪你現在就去！,Then what are we waiting for? I will go with you now!,それならすぐに行こう。私も同行する！,그럼 무엇을 망설이십니까? 지금 함께 가겠습니다!
STORY_015_014_TEXT,一路无话，两人来到了楚王府,一路無話，兩人來到了楚王府,The two traveled to the Prince of Chu's residence in silence.,道中、二人は無言のまま楚王府へたどり着いた。,두 사람은 말없이 초왕의 저택으로 향했다.
STORY_015_015_SPEAKER,楚王,楚王,Prince of Chu,楚王,초왕
STORY_015_015_TEXT,前日一别，先生别来无恙啊。,前日一別，先生別來無恙啊。,"Doctor Li, it is good to see you again.",先日以来ですね。先生、お元気でしたか。,"이 의원, 다시 보니 반갑구려."
STORY_015_016_SPEAKER,李东璧,李東璧,Li Dongbi,李東璧,이동벽
STORY_015_016_TEXT,草民拜见王爷，今日来是有一事请王爷帮忙。,草民拜見王爺，今日來是有一事請王爺幫忙。,"My respects, Your Highness. I have come to ask for your help.",殿下に拝謁いたします。本日はお願いがあって参りました。,전하께 문안드립니다. 도움을 청하러 왔습니다.
STORY_015_017_SPEAKER,楚王,楚王,Prince of Chu,楚王,초왕
STORY_015_017_TEXT,先生是犬子的救命恩人，若有本王能帮上忙的，一定尽力而为。,先生是犬子的救命恩人，若有本王能幫上忙的，一定盡力而為。,"You saved my son's life. If there is anything within my power, I will do my best.",先生は息子の命の恩人です。私にできることなら、力を尽くしましょう。,"그대가 내 아들의 목숨을 구했으니, 내 힘이 닿는 일이라면 최선을 다해 돕겠소."
STORY_015_018_TEXT,李东璧将事情的前因后果如实告诉了楚王,李東璧將事情的前因後果如實告訴了楚王,Li Dongbi told the Prince of Chu everything that had happened.,李東璧は事の経緯をありのまま楚王に伝えた。,이동벽은 초왕에게 지금까지 일어난 일을 모두 이야기했다.
STORY_015_019_SPEAKER,楚王,楚王,Prince of Chu,楚王,초왕
STORY_015_019_TEXT,嗯…这些地方官胆子也太大了。可自成祖文皇帝之后，藩王不临民，不治事，干预地方军政是谋逆的大罪，本王也爱莫能助。,嗯…這些地方官膽子也太大了。可自成祖文皇帝之後，藩王不臨民，不治事，干預地方軍政是謀逆的大罪，本王也愛莫能助。,"Hmm… These local officials are brazen indeed. But since the reign of the Yongle Emperor, imperial princes have been forbidden to govern the people or interfere in local military and civil affairs. To do so would be treated as treason. I fear I cannot intervene.",うむ……地方官どもは大胆なことをする。だが成祖文皇帝以来、藩王は民を治めず政務にも携わらぬことになっている。地方の軍政への介入は謀反の罪となる。私にも手出しはできない。,흠… 이 지방 관리들이 정말 대담하군. 하지만 영락제 때부터 황족은 백성을 다스리거나 지방의 군정과 민정에 간섭할 수 없게 되어 있소. 이를 어기면 역모로 여겨지지. 나도 개입할 수 없을 것 같소.
STORY_015_020_SPEAKER,李东璧,李東璧,Li Dongbi,李東璧,이동벽
STORY_015_020_TEXT,这事儿要是您不管，就没人能管了…瘟病若起，湖广将民不聊生啊。,這事兒要是您不管，就沒人能管了…瘟病若起，湖廣將民不聊生啊。,"If you do nothing, no one can… If an epidemic breaks out, the people of Huguang will suffer terribly.",殿下が動かなければ、もう誰も動けません……疫病が広がれば、湖広の民は苦しみます。,전하께서 나서지 않으시면 아무도 나설 수 없습니다… 역병이라도 돌면 호광 백성들이 큰 고통을 겪을 것입니다.
STORY_015_021_SPEAKER,楚王,楚王,Prince of Chu,楚王,초왕
STORY_015_021_TEXT,此事牵扯甚广，先生就不怕引火烧身吗？,此事牽扯甚廣，先生就不怕引火燒身嗎？,Many people are implicated. Are you not afraid of putting yourself in danger?,関係者は多い。先生は自分に災いが及ぶことが怖くないのですか？,연루된 사람이 너무 많소. 그대는 위험에 빠질까 두렵지 않소?
STORY_015_022_SPEAKER,李东璧,李東璧,Li Dongbi,李東璧,이동벽
STORY_015_022_TEXT,草民自幼读四书五经，诸子百家，文章未成，功名未就，所学所求只有为生民立命，若以我一命换千万民生，吾往矣。,草民自幼讀四書五經，諸子百家，文章未成，功名未就，所學所求只有為生民立命，若以我一命換千萬民生，吾往矣。,"Since childhood I have studied the classics and the teachings of the sages. I have written no great work and earned no official title. All I have learned, all I seek, is to help the people live. If my one life can save millions, I will give it gladly.",幼い頃から四書五経や諸子百家を学びました。文章も功名も得られませんでしたが、学んだのは民の命を支えるためです。私一人の命で大勢の民を救えるなら、喜んで進みます。,어릴 때부터 경전과 성현의 가르침을 배웠습니다. 훌륭한 저술을 남기지도 못했고 관직에 오르지도 못했지요. 제가 배운 것과 제가 바라는 것은 오직 백성이 살아갈 수 있도록 돕는 일입니다. 제 한 목숨으로 수많은 사람을 구할 수 있다면 기꺼이 바치겠습니다.
STORY_015_023_SPEAKER,楚王,楚王,Prince of Chu,楚王,초왕
STORY_015_023_TEXT,先生所言让本王惭愧啊…待本王修一道密疏，向圣上禀明此事。先生也切莫再向他人提及。,先生所言讓本王慚愧啊…待本王修一道密疏，向聖上稟明此事。先生也切莫再向他人提及。,Your words put me to shame… I will send a secret memorial to His Majesty explaining the matter. But you must speak of this to no one else.,先生の言葉に恥じ入るばかりだ……私から陛下へ密奏を送り、この件をお伝えしよう。先生もほかの者には口外しないでください。,그대의 말이 나를 부끄럽게 하는구려… 폐하께 비밀 상소를 올려 이 일을 아뢰겠소. 하지만 이 일은 다른 누구에게도 말해서는 안 되오.
STORY_016_001_SPEAKER,李东璧,李東璧,Li Dongbi,李東璧,이동벽
STORY_016_001_TEXT,是沈先生啊，病好点了吗？,是沈先生啊，病好點了嗎？,"Master Shen, are you feeling any better?",沈殿、病は良くなりましたか？,"심 선생님, 몸은 좀 어떠십니까?"
STORY_016_002_SPEAKER,沈修文,沈修文,Shen Xiuwen,沈修文,심수문
STORY_016_002_TEXT,小生时日不多了。,小生時日不多了。,I do not have much time left.,私にはもう時間がありません。,내게 남은 시간이 많지 않네.
STORY_016_003_SPEAKER,李东璧,李東璧,Li Dongbi,李東璧,이동벽
STORY_016_003_TEXT,啊？您的病没那么严重，只要按时吃药好好休息肯定会好起来的。,啊？您的病沒那麼嚴重，只要按時吃藥好好休息肯定會好起來的。,"What? Your illness is not that serious. Take the medicine and get enough rest, and you will recover.",え？　それほど重い病ではありませんよ。薬を飲んで休めば、きっと良くなります。,무슨 말씀입니까? 병이 그리 심하지 않습니다. 약을 드시고 충분히 쉬시면 회복하실 겁니다.
STORY_016_004_SPEAKER,沈修文,沈修文,Shen Xiuwen,沈修文,심수문
STORY_016_004_TEXT,治得了病，治不了命。今天来是有样东西要交给李大夫。,治得了病，治不了命。今天來是有樣東西要交給李大夫。,"Medicine can cure an illness, but it cannot change one's fate. I came to give you something.",病は治せても、運命は治せません。今日は先生にお渡ししたいものがあります。,약은 병을 고칠 수 있지만 운명까지 바꾸지는 못하네. 자네에게 줄 것이 있어 왔네.
STORY_016_005_SPEAKER,李东璧,李東璧,Li Dongbi,李東璧,이동벽
STORY_016_005_TEXT,这是？,這是？,What is this?,これは？,이게 무엇입니까?
STORY_016_006_SPEAKER,沈修文,沈修文,Shen Xiuwen,沈修文,심수문
STORY_016_006_TEXT,这是吴世良让我写的账册抄本，交给您应该能派上用场。,這是吳世良讓我寫的帳冊抄本，交給您應該能派上用場。,A copy of the accounts Wu Shiliang ordered me to keep. I think it will be useful in your hands.,呉世良に命じられて私が書いた帳簿の写しです。あなたのお役に立つでしょう。,오세량이 내게 작성하라고 한 장부의 사본일세. 자네 손에 들어가면 도움이 될 것 같네.
STORY_016_007_SPEAKER,李东璧,李東璧,Li Dongbi,李東璧,이동벽
STORY_016_007_TEXT,…....,…....,…,…………,…
STORY_016_008_SPEAKER,沈修文,沈修文,Shen Xiuwen,沈修文,심수문
STORY_016_008_TEXT,说实话我很羡慕李大夫，所学的本事能有处施展，唉…小生就此别过。,說實話我很羨慕李大夫，所學的本事能有處施展，唉…小生就此別過。,"To tell the truth, I envy you. Your abilities can be put to good use. Ah… Farewell, Doctor Li.",正直、先生が羨ましい。学んだことを人々のために生かせるのですから……では失礼します。,솔직히 말하면 이 의원이 부럽네. 배운 재주를 펼칠 곳이 있으니 말일세. 아… 소생은 이만 가 보겠네.
STORY_016_009_SPEAKER,李东璧,李東璧,Li Dongbi,李東璧,이동벽
STORY_016_009_TEXT,沈先生…....,沈先生…....,Master Shen…,沈殿……,심 선생님…
STORY_016_010_TEXT,获得赈灾药材账本抄本,獲得賑災藥材帳本抄本,Obtained a copy of the disaster relief medicine accounts.,救済用薬材の帳簿の写しを入手した。,구휼 약재 장부 사본을 얻었다.
STORY_017_01_001_SPEAKER,杨善泉,楊善泉,Yang Shanquan,楊善泉,양선천
STORY_017_01_001_TEXT,李大夫，我这两天腰酸腿软，夜尿还多，给我开点药吧。,李大夫，我這兩天腰酸腿軟，夜尿還多，給我開點藥吧。,"Doctor Li, my lower back and legs have felt weak these past few days, and I keep waking to urinate. Could you prescribe something?",李先生、この二日ほど腰と脚がだるく、夜も何度も小便に起きます。薬を出してください。,"이 의원, 며칠 전부터 허리와 다리에 힘이 빠지고 밤마다 소변을 보느라 깨곤 하네. 약을 지어 줄 수 있겠나?"
STORY_017_01_002_SPEAKER,李东璧,李東璧,Li Dongbi,李東璧,이동벽
STORY_017_01_002_TEXT,杨大使请坐。,楊大使請坐。,"Please, sit down, Officer Yang.",楊殿、どうぞお掛けください。,"양 대사, 앉으십시오."
STORY_017_02_001_SPEAKER,李东璧,李東璧,Li Dongbi,李東璧,이동벽
STORY_017_02_001_TEXT,杨大使所患的是肾气不固之症，要注意休养，最近是遇到什么事受了惊吗？,楊大使所患的是腎氣不固之症，要注意休養，最近是遇到什麼事受了驚嗎？,You have a failure of the kidneys to secure qi. You need rest. Has something frightened you recently?,楊殿は腎気不固の証です。静養してください。最近、何か怖い目に遭いましたか？,양 대사께서는 신기불고증을 앓고 계십니다. 충분히 쉬셔야 합니다. 최근에 무슨 일로 크게 놀라신 적은 없습니까?
STORY_017_02_002_SPEAKER,杨善泉,楊善泉,Yang Shanquan,楊善泉,양선천
STORY_017_02_002_TEXT,您听说沈师爷的事了吗？,您聽說沈師爺的事了嗎？,Have you heard what happened to Secretary Shen?,沈書記の件を聞きましたか？,심 사야의 일은 들었나?
STORY_017_02_003_SPEAKER,李东璧,李東璧,Li Dongbi,李東璧,이동벽
STORY_017_02_003_TEXT,沈师爷怎么了？,沈師爺怎麼了？,What happened to him?,沈殿に何があったのです？,심 사야에게 무슨 일이 있었습니까?
STORY_017_02_004_SPEAKER,杨善泉,楊善泉,Yang Shanquan,楊善泉,양선천
STORY_017_02_004_TEXT,昨天沈师爷在自己屋里死了…,昨天沈師爺在自己屋裡死了…,They found him dead in his room yesterday…,昨日、自室で亡くなっていたんです……,어제 심 사야가 자기 방에서 죽은 채 발견되었다네…
STORY_017_02_005_SPEAKER,李东璧,李東璧,Li Dongbi,李東璧,이동벽
STORY_017_02_005_TEXT,！！！,！！！,What?!,！！！,뭐라고요?!
STORY_017_02_006_SPEAKER,杨善泉,楊善泉,Yang Shanquan,楊善泉,양선천
STORY_017_02_006_TEXT,他们开始灭口了...下一个就该轮到我了...,他們開始滅口了...下一個就該輪到我了...,They have begun silencing witnesses… I will be next…,口封じが始まった……次は私の番だ……,이제 증인들을 입막음하기 시작했네… 다음은 나일 걸세…
STORY_017_02_007_SPEAKER,杨善泉,楊善泉,Yang Shanquan,楊善泉,양선천
STORY_017_02_007_TEXT,这一批药材入库验收、各地调拨都是我经的手，多少药、什么成色、送到哪里，账上都有我的画押。他们想把这笔账做干净，就不会留我这个活口。,這一批藥材入庫驗收、各地調撥都是我經的手，多少藥、什麼成色、送到哪裡，帳上都有我的畫押。他們想把這筆帳做乾淨，就不會留我這個活口。,"I oversaw the receipt of that shipment and its dispatch to each district. How much medicine there was, its quality, where it went—my signature is on every entry. If they want to erase the trail, they cannot leave me alive.",この薬材の検収から各地への発送まで、すべて私が担当しました。量、品質、届け先、帳簿には私の署名が残っています。証拠を消すつもりなら、私を生かしてはおかないでしょう。,"나는 그 약재가 들어온 것부터 각 고을로 보내진 것까지 감독했네. 약재의 양과 품질, 어디로 갔는지 모두 장부마다 내 서명이 남아 있지. 흔적을 지우려 한다면 나를 살려 둘 수 없을 걸세."
STORY_017_02_008_SPEAKER,李东璧,李東璧,Li Dongbi,李東璧,이동벽
STORY_017_02_008_TEXT,......,......,…,…………,…
STORY_017_02_009_TEXT,收入一两白银,收入一兩白銀,Received one tael of silver.,収入：銀一両,은전 한 냥을 받았다.
STORY_017_03_001_SPEAKER,李东璧,李東璧,Li Dongbi,李東璧,이동벽
STORY_017_03_001_TEXT,不对，我需要好好想想这是什么病，该开什么方。,不對，我需要好好想想這是什麼病，該開什麼方。,"No, that is not right. I need to think carefully about the illness and the proper prescription.",違う。これは何の病か、どんな処方を出すべきか、よく考えなければ。,"아니야, 이건 맞지 않아. 병증과 알맞은 처방을 신중히 다시 생각해야 해."
STORY_018_001_TEXT,"""库房失火啦！快来人救火啊！""","""庫房失火啦！快來人救火啊！""",“The storeroom is on fire! Somebody help!”,「倉庫が火事だ！　誰か、火を消してくれ！」,불이야! 창고에 불이 났다! 어서 와서 불 좀 꺼 줘!
STORY_018_002_SPEAKER,陈皮,陳皮,Chen Pi,陳皮,진피
STORY_018_002_TEXT,少掌柜的，惠民药局的药料库起火啦！,少掌櫃的，惠民藥局的藥料庫起火啦！,"Young master, the public dispensary's medicine storehouse is burning!",若旦那、恵民薬局の薬材倉庫が燃えています！,"도련님, 혜민약국의 약재 창고에 불이 났어요!"
STORY_018_003_SPEAKER,李东璧,李東璧,Li Dongbi,李東璧,이동벽
STORY_018_003_TEXT,走，去帮忙。,走，去幫忙。,Come on. Let us help.,行こう、手伝うぞ。,어서 가자. 우리도 돕자.
STORY_018_004_SPEAKER,李东璧,李東璧,Li Dongbi,李東璧,이동벽
STORY_018_004_TEXT,这火烧得蹊跷。,這火燒得蹊蹺。,There is something suspicious about this fire.,この火事は妙だ。,"이 불, 뭔가 수상해."
STORY_018_005_SPEAKER,陈皮,陳皮,Chen Pi,陳皮,진피
STORY_018_005_TEXT,那边抬出来一个人。,那邊抬出來一個人。,They are carrying someone out over there.,向こうから誰かが運び出されてくる。,저쪽에서 사람 하나를 들것에 실어 나오고 있습니다.
STORY_018_006_SPEAKER,李东璧,李東璧,Li Dongbi,李東璧,이동벽
STORY_018_006_TEXT,……是杨善泉。,……是楊善泉。,…It is Yang Shanquan.,……楊善泉だ。,…양선천이잖아.
STORY_019_001_SPEAKER,赵顺,趙順,Zhao Shun,趙順,조순
STORY_019_001_TEXT,掌柜的生意兴隆啊(四处打量...)，那扇门是通后院的吧？,掌櫃的生意興隆啊(四處打量...)，那扇門是通後院的吧？,"Business looks good, Master Li. (Looks around…) That door leads to the rear courtyard, does it?",お店は繁盛しているようですね。（辺りを見回す……）あの扉は裏庭に通じるんですか？,"주인장, 장사가 잘되는군요. (주위를 둘러보며…) 저 문이 뒤뜰로 통하는 문이지요?"
STORY_019_002_SPEAKER,李东璧,李東璧,Li Dongbi,李東璧,이동벽
STORY_019_002_TEXT,敢问来小馆有何贵干？,敢問來小館有何貴幹？,May I ask what brings you to my clinic?,当院に何のご用ですか？,무슨 일로 제 진료소를 찾아오셨는지 여쭤도 되겠습니까?
STORY_019_003_SPEAKER,赵顺,趙順,Zhao Shun,趙順,조순
STORY_019_003_TEXT,啊，哈哈，没事没事，就来看看，听说咱蕲州有一位李神医，来瞻仰瞻仰。,啊，哈哈，沒事沒事，就來看看，聽說咱蘄州有一位李神醫，來瞻仰瞻仰。,"Oh, ha, ha, nothing in particular. I heard Qizhou had a famous Physician Li and came to see him for myself.",いや、はは、何でもありません。蘄州に名医の李先生がいると聞いて、お顔を拝みに来ただけです。,"오, 하하, 별일은 아니네. 기주에 이름난 이 의원이 있다기에 어떤 사람인지 보러 왔지."
STORY_019_004_SPEAKER,李东璧,李東璧,Li Dongbi,李東璧,이동벽
STORY_019_004_TEXT,小馆还要接待病患，无事便请回吧。,小館還要接待病患，無事便請回吧。,"We have patients to see. If you have no business here, please leave.",患者を診ています。ご用がなければお引き取りください。,환자들을 진료해야 합니다. 볼일이 없으시면 나가 주십시오.
STORY_019_005_SPEAKER,赵顺,趙順,Zhao Shun,趙順,조순
STORY_019_005_TEXT,切，那咱们就后会有期了。,切，那咱們就後會有期了。,Hmph. We will meet again.,ちぇっ、また会おうぜ。,흥. 또 만나게 될 걸세.
STORY_020_001_TEXT,咯噔,咯噔,Click.,カタン。,찰칵.
STORY_020_002_SPEAKER,李东璧,李東璧,Li Dongbi,李東璧,이동벽
STORY_020_002_TEXT,谁！,誰！,Who is there?!,誰だ！,누구냐?!
STORY_020_003_SPEAKER,黑衣人,黑衣人,Man in Black,黒衣の者,흑의인
STORY_020_003_TEXT,李大夫，我来送你上路啦。,李大夫，我來送你上路啦。,"Doctor Li, I have come to send you to the next world.",李先生、あの世へ送ってやるよ。,"이 의원, 저승으로 보내 주러 왔다."
STORY_020_004_SPEAKER,李东璧,李東璧,Li Dongbi,李東璧,이동벽
STORY_020_004_TEXT,！！！,！！！,What?!,！！！,뭐라고?!
STORY_020_005_TEXT,砰！,砰！,Bang!,バン！,쾅!
STORY_020_006_SPEAKER,黑衣人,黑衣人,Man in Black,黒衣の者,흑의인
STORY_020_006_TEXT,哎哟！,哎喲！,Ow!,痛っ！,아야!
STORY_020_007_SPEAKER,李东璧,李東璧,Li Dongbi,李東璧,이동벽
STORY_020_007_TEXT,！！！,！！！,What?!,！！！,뭐야?!
STORY_020_008_SPEAKER,雷万钧,雷萬鈞,Lei Wanjun,雷万鈞,뇌만균
STORY_020_008_TEXT,贤弟，你没事吧？王爷听说沈修文和杨善泉都被灭口了，猜想下一个就是你，便派我们在暗中保护。,賢弟，你沒事吧？王爺聽說沈修文和楊善泉都被滅口了，猜想下一個就是你，便派我們在暗中保護。,"My friend, are you all right? When His Highness heard that Shen Xiuwen and Yang Shanquan had both been silenced, he feared you would be next. He sent us to protect you in secret.",無事か？　沈修文と楊善泉が口封じに遭ったと知った王様は、次はお前の番だと考え、我々を護衛に遣わしたのだ。,"아우, 괜찮나? 심수문과 양선천이 모두 입막음당했다는 소식을 들으신 전하께서 자네도 다음 차례일까 염려하셨네. 그래서 몰래 자네를 지키라고 우리를 보내셨지."
STORY_020_009_SPEAKER,王府护卫,王府護衛,Palace Guard,王府の護衛,왕부 호위
STORY_020_009_TEXT,把他绑起来。,把他綁起來。,Tie him up.,そいつを縛れ。,묶어라.
STORY_020_010_SPEAKER,赵顺,趙順,Zhao Shun,趙順,조순
STORY_020_010_TEXT,误会啊大人，误会。,誤會啊大人，誤會。,"It is a misunderstanding, sir! A misunderstanding!",誤解です、お役人様、誤解です！,"오해입니다, 나리! 오해라고요!"
STORY_020_011_TEXT,一行人来到王府,一行人來到王府,The group arrived at the prince's residence.,一行は王府へ向かった。,일행은 초왕의 저택에 도착했다.
STORY_020_012_SPEAKER,王府护卫,王府護衛,Palace Guard,王府の護衛,왕부 호위
STORY_020_012_TEXT,启禀王爷，人都带来了。,啓稟王爺，人都帶來了。,"Your Highness, we have brought them all here.",王様、全員連れてまいりました。,"전하, 모두 데려왔습니다."
STORY_020_013_SPEAKER,楚王,楚王,Prince of Chu,楚王,초왕
STORY_020_013_TEXT,这几位是朝廷派来查赈灾药材案的钦差。,這幾位是朝廷派來查賑災藥材案的欽差。,These gentlemen are imperial investigators sent to examine the disaster relief medicine case.,こちらは救済用薬材の事件を調べるため、朝廷から派遣された使者たちです。,이분들은 구휼 약재 사건을 조사하라는 황명을 받고 파견된 흠차관들이오.
STORY_020_014_SPEAKER,陆丁,陸丁,Lu Ding,陸丁,육정
STORY_020_014_TEXT,北镇抚司陆丁，你就是李东璧？,北鎮撫司陸丁，你就是李東璧？,Lu Ding of the Northern Pacification Office. Are you Li Dongbi?,北鎮撫司の陸丁だ。お前が李東璧か？,북진무사 육정이다. 그대가 이동벽인가?
STORY_020_015_SPEAKER,李东璧,李東璧,Li Dongbi,李東璧,이동벽
STORY_020_015_TEXT,正是草民。,正是草民。,"I am, sir.",はい、私でございます。,"예, 소인이 이동벽입니다."
STORY_020_016_TEXT,李东璧将前前后后发生的事情一五一十地禀明钦差,李東璧將前前後後發生的事情一五一十地稟明欽差,Li Dongbi gave the imperial investigators a full account of everything that had happened.,李東璧は事件の一部始終を、朝廷の使者に包み隠さず伝えた。,이동벽은 어사들에게 지금까지 일어난 일을 빠짐없이 설명했다.
STORY_021_001_TEXT,蕲州赈灾药材贪污案惊动朝廷，锦衣卫奉旨查办，地方涉案官员数十人，贪污银钱近万两。,蘄州賑災藥材貪污案驚動朝廷，錦衣衛奉旨查辦，地方涉案官員數十人，貪污銀錢近萬兩。,"The corruption of Qizhou's disaster relief medicine drew the court's attention. The Imperial Guards were ordered to investigate. Dozens of local officials were implicated, and nearly ten thousand taels of silver had been embezzled.",蘄州の救済用薬材をめぐる汚職事件は朝廷を揺るがした。錦衣衛が勅命を受けて捜査し、数十人の地方官が関与、横領額は銀一万両近くに上った。,"기주의 구휼 약재 부정 사건이 조정의 관심을 끌었다. 금의위가 조사에 나섰다. 수십 명의 지방 관리가 연루되었고, 횡령된 은전은 거의 만 냥에 달했다."
STORY_021_002_TEXT,主犯吴世良、赵顺等即刻斩首。湖广巡抚陈仕贤等，连坐失察，官降两级。,主犯吳世良、趙順等即刻斬首。湖廣巡撫陳仕賢等，連坐失察，官降兩級。,"The principal offenders, including Wu Shiliang and Zhao Shun, were executed at once. Chen Shixian, governor of Huguang, and others were demoted two ranks for failing to uncover the crime.",主犯の呉世良、趙順らは直ちに斬首された。湖広巡撫の陳仕賢らも監督不行き届きで連座し、官位を二階級下げられた。,오세량과 조순을 비롯한 주범들은 즉시 처형되었다. 호광 순무 진시현 등은 사건을 제대로 살피지 못한 연대 책임을 물어 관직이 두 등급 강등되었다.
STORY_021_003_TEXT,蕲州所需赈灾药材由太医院调拨，重新发放。,蘄州所需賑災藥材由太醫院調撥，重新發放。,The Imperial Medical Academy supplied a new shipment of relief medicine for Qizhou to distribute.,蘄州に必要な薬材は太医院から改めて送られ、配り直された。,태의원이 기주에 나눠 줄 새로운 구휼 약재를 보냈다.
STORY_021_004_SPEAKER,李东璧,李東璧,Li Dongbi,李東璧,이동벽
STORY_021_004_TEXT,到头来这吴世良不过是个被推出来顶罪的罢了。,到頭來這吳世良不過是個被推出來頂罪的罷了。,"In the end, Wu Shiliang was little more than a scapegoat.",結局、呉世良は身代わりにされたにすぎない。,결국 오세량은 희생양에 불과했군.
STORY_021_005_SPEAKER,李言闻,李言聞,Li Yanwen,李言聞,이언문
STORY_021_005_TEXT,朝政被严党把持，这些做官的你中有我，我中有你，真细究起来又是一笔糊涂账。,朝政被嚴黨把持，這些做官的你中有我，我中有你，真細究起來又是一筆糊塗帳。,"The Yan faction controls the court. Every official has ties to another. If anyone truly followed the trail, it would lead into a hopeless tangle.",朝政は厳党に握られている。役人同士は皆つながっている。突き詰めれば、またうやむやになるだろう。,"엄숭 일파가 조정을 장악하고 있으니, 관리들끼리 서로 얽히고설켜 있지. 끝까지 파고들면 또 하나의 풀기 어려운 장부가 될 게다."
STORY_021_006_SPEAKER,楚王,楚王,Prince of Chu,楚王,초왕
STORY_021_006_TEXT,李先生。,李先生。,Doctor Li.,李先生。,이 의원.
STORY_021_007_SPEAKER,李东璧,李東璧,Li Dongbi,李東璧,이동벽
STORY_021_007_TEXT,楚王殿下。,楚王殿下。,Your Highness.,楚王殿下。,전하.
STORY_021_008_SPEAKER,楚王,楚王,Prince of Chu,楚王,초왕
STORY_021_008_TEXT,这次我上奏皇上，除了赈灾药材一案，还将先生举荐给朝廷。正好太医院院判一职空缺，特批先生赴任。,這次我上奏皇上，除了賑災藥材一案，還將先生舉薦給朝廷。正好太醫院院判一職空缺，特批先生赴任。,"When I reported the medicine case to His Majesty, I also recommended you for service at court. A deputy director's post at the Imperial Medical Academy happened to be vacant, and His Majesty has approved your appointment.",このたび陛下に上奏した際、薬材の事件とともに先生を朝廷へ推薦しました。太医院の院判がちょうど欠員となり、先生の任官が特に認められました。,"내가 폐하께 구휼 약재 사건을 아뢰면서 선생을 조정에 천거했소. 마침 태의원 원판 자리가 비어 있어, 폐하께서 선생의 부임을 특별히 허락하셨소."
STORY_021_009_SPEAKER,李东璧,李東璧,Li Dongbi,李東璧,이동벽
STORY_021_009_TEXT,多谢王爷提拔，可草民荆楚鄙人，幼多羸疾，质成钝椎，实在是力不从心。,多謝王爺提拔，可草民荊楚鄙人，幼多羸疾，質成鈍椎，實在是力不從心。,"Thank you for your kindness, Your Highness. But I am only a humble man of Jingchu, sickly since childhood and slow of mind. I fear I am not equal to the task.",殿下のお引き立てに感謝します。しかし私は荊楚の田舎者で、幼少から病弱、才にも乏しい身です。大任を果たす自信がありません。,"호의에 감사드립니다, 전하. 하지만 저는 그저 병약하고 둔한 형초의 보잘것없는 백성일 뿐입니다. 그 일을 감당할 수 있을지 두렵습니다."
STORY_021_010_SPEAKER,楚王,楚王,Prince of Chu,楚王,초왕
STORY_021_010_TEXT,……既然如此，那本王就不强人所难了。,……既然如此，那本王就不強人所難了。,…Very well. I will not press you.,……そうですか。無理強いはしません。,…좋소. 더는 강요하지 않겠소.
STORY_022_01_001_SPEAKER,柳敬亭,柳敬亭,Liu Jingting,柳敬亭,유경정
STORY_022_01_001_TEXT,咳咳咳，咳咳，大夫，我这嗓子嗓子也不知怎么了，又疼又痒，咳得嗓子都哑了。,咳咳咳，咳咳，大夫，我這嗓子嗓子也不知怎麼了，又疼又癢，咳得嗓子都啞了。,"Cough, cough… Doctor, I do not know what has happened to my throat. It hurts and itches, and I have coughed until my voice is hoarse.",ゴホゴホ……先生、喉がどうしたのか痛くてかゆくて、咳で声まで枯れました。,"콜록, 콜록… 의원님, 제 목에 무슨 일이 생긴 건지 모르겠습니다. 따갑고 간지러운데다 기침을 너무 많이 해서 목소리까지 쉬었습니다."
STORY_022_01_002_SPEAKER,李东璧,李東璧,Li Dongbi,李東璧,이동벽
STORY_022_01_002_TEXT,是柳先生啊，快请坐。,是柳先生啊，快請坐。,"Master Liu, please sit down.",柳先生でしたか。どうぞお掛けください。,"유 선생님, 앉으십시오."
STORY_022_02_001_SPEAKER,柳敬亭,柳敬亭,Liu Jingting,柳敬亭,유경정
STORY_022_02_001_TEXT,哎呀，舒服多了。,哎呀，舒服多了。,"Ah, that feels much better.",ああ、ずいぶん楽になりました。,"아, 이제야 좀 낫군."
STORY_022_02_002_SPEAKER,李东璧,李東璧,Li Dongbi,李東璧,이동벽
STORY_022_02_002_TEXT,您这是温燥证，整日说书久坐少动，伤津耗气，易生内热。,您這是溫燥證，整日說書久坐少動，傷津耗氣，易生內熱。,"You have a warm dryness pattern. Sitting and telling stories all day without much movement has depleted your fluids and qi, making you prone to internal heat.",温燥の証です。毎日の語りで座りっぱなしですから、津液と気を損ない、体内に熱が生じやすくなっています。,온조증입니다. 하루 종일 앉아서 이야기만 하고 거의 움직이지 않으니 진액과 기가 소모되어 속에 열이 생기기 쉬운 상태가 되었습니다.
STORY_022_02_003_SPEAKER,李东璧,李東璧,Li Dongbi,李東璧,이동벽
STORY_022_02_003_TEXT,给您开一副桑杏汤，一天三服，也记得多喝水。,給您開一副桑杏湯，一天三服，也記得多喝水。,"I will prescribe Mulberry Leaf and Apricot Kernel Decoction, three doses a day. Remember to drink plenty of water too.",桑杏湯を処方します。一日三回服用し、水もよく飲んでください。,상행탕을 하루 세 번 복용하십시오. 물도 충분히 드시는 것을 잊지 마십시오.
STORY_022_02_004_SPEAKER,陈皮,陳皮,Chen Pi,陳皮,진피
STORY_022_02_004_TEXT,柳先生，我最喜欢听您说书啦，您真是啥都知道啥都会，讲什么像什么。,柳先生，我最喜歡聽您說書啦，您真是啥都知道啥都會，講什麼像什麼。,"Master Liu, I love hearing your stories! You know everything, and you bring every tale to life.",柳先生の語りは大好きです！　何でもご存じで、どんな話も本物みたいに語りますね。,"유 선생님, 저는 선생님의 이야기를 듣는 게 정말 좋아요! 모르는 것이 없으시고, 이야기를 생생하게 들려주시잖아요."
STORY_022_02_005_SPEAKER,柳敬亭,柳敬亭,Liu Jingting,柳敬亭,유경정
STORY_022_02_005_TEXT,诶嘿嘿，小兄弟过奖了，我只是说些王侯将相，才子佳人的故事，来听书的客官喜欢什么，我就讲什么。,誒嘿嘿，小兄弟過獎了，我只是說些王侯將相，才子佳人的故事，來聽書的客官喜歡什麼，我就講什麼。,"Heh, heh. You flatter me, young man. I only tell tales of kings and generals, scholars and beauties. I tell the audience whatever they want to hear.",いやあ、褒めすぎだよ。王侯将相や才子佳人の話を、お客が好むように語っているだけさ。,"허허, 젊은이가 과찬이네. 나는 왕후장상이나 재자와 가인의 이야기를 들려줄 뿐이지. 손님들이 무엇을 좋아하든 그에 맞춰 이야기한다네."
STORY_022_02_006_SPEAKER,陈皮,陳皮,Chen Pi,陳皮,진피
STORY_022_02_006_TEXT,先生，您现在就在这讲一段吧。,先生，您現在就在這講一段吧。,"Please tell us a story now, Master Liu.",先生、今ここで一席お願いします！,"유 선생님, 지금 이야기 하나 들려주세요."
STORY_022_02_007_SPEAKER,半夏,半夏,Banxia,半夏,반하
STORY_022_02_007_TEXT,是啊是啊，讲一段吧。,是啊是啊，講一段吧。,"Yes, please! Just one story!",そうだ、聞かせてください！,맞아요! 딱 하나만요!
STORY_022_02_008_SPEAKER,李东璧,李東璧,Li Dongbi,李東璧,이동벽
STORY_022_02_008_TEXT,人家柳先生还病着呢，你们别在这胡闹。,人家柳先生還病著呢，你們別在這胡鬧。,Master Liu is still ill. Stop pestering him.,柳先生は病気なのよ。困らせないで。,유 선생님은 아직 아프시잖아. 그만 조르렴.
STORY_022_02_009_SPEAKER,柳敬亭,柳敬亭,Liu Jingting,柳敬亭,유경정
STORY_022_02_009_TEXT,无妨，呵呵，那就说一个王道士胡诌妒妇方。,無妨，呵呵，那就說一個王道士胡謅妒婦方。,It is all right. Let me tell you the tale of Daoist Wang and his remedy for jealousy.,構わないさ。では「王道士がでっち上げた嫉妬の薬」をひとつ。,"괜찮네. 허허, 그럼 왕 도사가 지어낸 ‘질투병 처방’ 이야기를 하나 해 주지."
STORY_022_02_010_SPEAKER,柳敬亭,柳敬亭,Liu Jingting,柳敬亭,유경정
STORY_022_02_010_TEXT,说京城有一富商，娶了位善妒的夫人，家中鸡飞狗跳无一日安宁。他的朋友觉得这是病，得找人医治。,說京城有一富商，娶了位善妒的夫人，家中雞飛狗跳無一日安寧。他的朋友覺得這是病，得找人醫治。,"Once, a wealthy merchant in the capital married a very jealous woman. Their home knew no peace. A friend decided her jealousy was an illness that needed a cure.",都にある裕福な商人が、ひどく嫉妬深い妻をめとった。家は毎日大騒ぎ。友人は、これは病気だから治してもらおうと考えた。,옛날에 도성의 한 부유한 상인이 몹시 질투가 많은 여자와 결혼했네. 집안에는 평온한 날이 없었지. 한 친구가 그 질투를 치료해야 할 병이라고 생각했네.
STORY_022_02_011_SPEAKER,柳敬亭,柳敬亭,Liu Jingting,柳敬亭,유경정
STORY_022_02_011_TEXT,正巧天齐庙有位摆摊卖膏药的王道士，因膏药灵验得名王一贴，富商的朋友便去求方问药。,正巧天齊廟有位擺攤賣膏藥的王道士，因膏藥靈驗得名王一貼，富商的朋友便去求方問藥。,"At Tianqi Temple, a Daoist called Wang sold medicinal plasters. His plasters were so effective that everyone called him Wang the One-Plaster Wonder. The friend went to ask him for a remedy.",ちょうど天斉廟に、効く膏薬で「王一貼」と呼ばれる王道士がいた。友人は彼に薬を求めに行った。,"천계사에 왕이라는 도사가 있었는데, 약고를 팔고 있었네. 약고가 어찌나 잘 들었는지 사람들은 모두 그를 ‘왕일고’라고 불렀지. 친구는 그를 찾아가 처방을 물었네."
STORY_022_02_012_SPEAKER,柳敬亭,柳敬亭,Liu Jingting,柳敬亭,유경정
STORY_022_02_012_TEXT,王一贴道：“这贴妒的膏药倒没经过。有一种汤药，或者可医，只是慢些儿，不能立刻见效的。”,王一貼道：“這貼妒的膏藥倒沒經過。有一種湯藥，或者可醫，只是慢些兒，不能立刻見效的。”,"Wang said, “I have never made a plaster for jealousy. There is a decoction that might help, but it works slowly. Do not expect an immediate cure.”",王一貼は言った。「嫉妬に効く膏薬は知らないが、煎じ薬ならあるかもしれん。ただし効き目は遅く、すぐには治らない」,왕 도사가 말했네. “질투를 치료하는 약고는 만들어 본 적이 없소. 도움이 될 만한 탕약은 있지만 효과가 느리니 당장 낫기를 기대하지는 마시오.”
STORY_022_02_013_SPEAKER,柳敬亭,柳敬亭,Liu Jingting,柳敬亭,유경정
STORY_022_02_013_TEXT,朋友问：“什么汤？怎么吃法？”,朋友問：“什麼湯？怎麼吃法？”,"The friend asked, “What decoction? How does she take it?”",友人は尋ねた。「どんな薬で、どう飲むんだ？」,친구가 물었네. “무슨 탕약입니까? 어떻게 먹여야 합니까?”
STORY_022_02_014_SPEAKER,柳敬亭,柳敬亭,Liu Jingting,柳敬亭,유경정
STORY_022_02_014_TEXT,王一贴道：“这叫做‘疗妒汤’。用极好的秋梨一个，二钱冰糖，一钱陈皮，水三碗，梨熟为度。每日清晨吃这一个梨，吃来吃去就好了。”,王一貼道：“這叫做‘療妒湯’。用極好的秋梨一個，二錢冰糖，一錢陳皮，水三碗，梨熟為度。每日清晨吃這一個梨，吃來吃去就好了。”,"Wang replied, “It is called Jealousy-Curing Decoction. Take one fine autumn pear, two qian of rock sugar and one qian of aged tangerine peel. Boil them in three bowls of water until the pear is tender. Have her eat one pear each morning. Keep at it, and she will get better.”",王一貼は答えた。「『療妬湯』という。上等な秋梨一個、氷砂糖二銭、陳皮一銭を水三杯で煮込み、梨が柔らかくなればよい。毎朝梨を一個食べれば、そのうち治る」,"왕 도사가 대답했네. “이름은 질투를 고치는 탕약이오. 잘 익은 가을 배 하나와 빙당 두 전, 진피 한 전을 물 세 사발에 넣고 배가 무를 때까지 달이시오. 매일 아침 배 하나를 먹이면 되오. 꾸준히 먹이면 나을 것이오.”"
STORY_022_02_015_SPEAKER,柳敬亭,柳敬亭,Liu Jingting,柳敬亭,유경정
STORY_022_02_015_TEXT,朋友道：“这也不值什么。只怕未必见效。”,朋友道：“這也不值什麼。只怕未必見效。”,"“That costs next to nothing,” the friend said. “But will it really work?”",友人は言った。「大した手間ではないが、効くとは思えない」,“돈도 거의 들지 않는군요.” 친구가 말했네. “정말 효과가 있습니까?”
STORY_022_02_016_SPEAKER,柳敬亭,柳敬亭,Liu Jingting,柳敬亭,유경정
STORY_022_02_016_TEXT,王一贴道：“一剂不效，吃十剂；今日不效，明日再吃；今年不效，明年再吃。”,王一貼道：“一劑不效，吃十劑；今日不效，明日再吃；今年不效，明年再吃。”,"Wang replied, “If one dose fails, give her ten. If it fails today, try tomorrow. If it fails this year, try again next year.”",王一貼は答えた。「一回で効かなければ十回飲め。今日効かなければ明日、今年効かなければ来年だ」,왕 도사가 대답했네. “한 첩으로 낫지 않으면 열 첩을 먹이시오. 오늘 낫지 않으면 내일 다시 해 보시오. 올해 낫지 않으면 내년에 또 해 보시오.”
STORY_022_02_017_SPEAKER,柳敬亭,柳敬亭,Liu Jingting,柳敬亭,유경정
STORY_022_02_017_TEXT,“横竖这三味药都是润肺开胃不伤人的，甜丝丝的，又止咳嗽，又好吃。吃过一百岁，人横竖是要死的，死了还妒什么？那时就见效了。”,“橫豎這三味藥都是潤肺開胃不傷人的，甜絲絲的，又止咳嗽，又好吃。吃過一百歲，人橫豎是要死的，死了還妒什麼？那時就見效了。”,"“After all, these ingredients soothe the lungs and aid the appetite. They are sweet, tasty and ease a cough. They will do her no harm. Once she is past a hundred, she must die someday. And once she is dead, she cannot be jealous. Then you will see it has worked!”",「どれも肺を潤して食欲を促す、害のない甘い薬だ。咳にもよく、おいしい。百歳まで飲めば、いずれ人は死ぬ。死んでしまえば嫉妬もしない。そのときには確かに効くだろう」,"“어차피 이 약재들은 폐를 편안하게 하고 식욕을 돕소. 달고 맛있으며 기침도 누그러뜨리니 해가 될 리 없지. 백 살을 넘긴 사람도 언젠가는 죽는 법이오. 죽고 나면 질투도 할 수 없으니, 그때야 효과가 있었다는 것을 알게 될 거요!”"
STORY_022_02_018_SPEAKER,陈皮,陳皮,Chen Pi,陳皮,진피
STORY_022_02_018_TEXT,哈哈哈，还有这种方子。,哈哈哈，還有這種方子。,"Ha, ha, ha! What sort of prescription is that?",ははは、そんな処方があるのか。,하하하! 그게 무슨 처방이에요?
STORY_022_02_019_SPEAKER,李东璧,李東璧,Li Dongbi,李東璧,이동벽
STORY_022_02_019_TEXT,哈哈哈，这道士说的也不无道理。,哈哈哈，這道士說的也不無道理。,"Ha, ha, ha! The Daoist does have a point.",ははは、道士の言うことも一理あるな。,하하하! 그 도사도 일리가 있군.
STORY_022_02_020_TEXT,收入一两白银,收入一兩白銀,Received one tael of silver.,収入：銀一両,은전 한 냥을 받았다.
STORY_022_03_001_SPEAKER,李东璧,李東璧,Li Dongbi,李東璧,이동벽
STORY_022_03_001_TEXT,不对，我需要好好想想这是什么病，该开什么方。,不對，我需要好好想想這是什麼病，該開什麼方。,"No, that is not right. I need to think carefully about the illness and the proper prescription.",違う。これは何の病か、どんな処方を出すべきか、よく考えなければ。,"아니야, 이건 맞지 않아. 병증과 알맞은 처방을 신중히 다시 생각해야 해."
STORY_023_01_001_SPEAKER,郭妈妈,郭媽媽,Madam Guo,郭おばさん,곽 부인
STORY_023_01_001_TEXT,李大夫，您快给我女儿瞧瞧吧，这孩子整日茶饭不进，愁眉苦脸咳个不停。,李大夫，您快給我女兒瞧瞧吧，這孩子整日茶飯不進，愁眉苦臉咳個不停。,"Doctor Li, please examine my daughter. She hardly eats or drinks, looks miserable all day and cannot stop coughing.",李先生、娘を診てください。食事も取らず、沈んだ顔で咳ばかりしているんです。,"이 의원, 제 딸을 좀 진찰해 주세요. 먹지도 마시지도 않고 하루 종일 기운이 없어 보이며 기침을 멈추지 못합니다."
STORY_023_01_002_SPEAKER,谢飞燕,謝飛燕,Xie Feiyan,謝飛燕,사비연
STORY_023_01_002_TEXT,…,…,…,……,…
STORY_023_01_003_SPEAKER,李东璧,李東璧,Li Dongbi,李東璧,이동벽
STORY_023_01_003_TEXT,这是您女儿？,這是您女兒？,She is your daughter?,こちらは娘さんですか？,따님입니까?
STORY_023_01_004_SPEAKER,郭妈妈,郭媽媽,Madam Guo,郭おばさん,곽 부인
STORY_023_01_004_TEXT,哎呀，可不是嘛，这孩子随我学艺两年又半载，尤善歌舞，是咱柳月坊的花魁。,哎呀，可不是嘛，這孩子隨我學藝兩年又半載，尤善歌舞，是咱柳月坊的花魁。,"Why, of course! She has studied with me for two and a half years. She is a fine singer and dancer, the star of our Willow Moon House.",そうですよ。二年半も私について芸を学び、特に歌と踊りが得意な柳月坊の花魁です。,그럼요! 이 아이는 내 밑에서 이 년 반이나 배웠어요. 특히 노래와 춤에 뛰어나 우리 유월루의 최고 기녀랍니다.
STORY_023_01_005_SPEAKER,郭妈妈,郭媽媽,Madam Guo,郭おばさん,곽 부인
STORY_023_01_005_TEXT,可你看她现在这个样子，还怎么接待客人啊。,可你看她現在這個樣子，還怎麼接待客人啊。,But look at her now. How is she supposed to entertain guests like this?,でも今のこの様子では、お客をもてなせません。,하지만 지금 꼴을 보세요. 이런 상태로 어떻게 손님을 모실 수 있겠어요?
STORY_023_01_006_SPEAKER,李东璧,李東璧,Li Dongbi,李東璧,이동벽
STORY_023_01_006_TEXT,姑娘你坐下，我给你把把脉。哎，半夏你在这干什么？,姑娘你坐下，我給你把把脈。哎，半夏你在這幹什麼？,"Please sit down, miss. I will take your pulse. Banxia, what are you doing here?",お嬢さん、座ってください。脈を診ます。……半夏、ここで何をしている？,"아가씨, 앉으십시오. 맥을 짚어 보겠습니다. 반하야, 여기서 무엇을 하고 있느냐?"
STORY_023_01_007_SPEAKER,半夏,半夏,Banxia,半夏,반하
STORY_023_01_007_TEXT,我替少夫人来看着你。,我替少夫人來看著你。,The young mistress sent me to keep an eye on you.,若奥様の代わりに、旦那様を見張っています。,마님께서 도련님을 지켜보라고 보내셨어요.
STORY_023_01_008_SPEAKER,李东璧,李東璧,Li Dongbi,李東璧,이동벽
STORY_023_01_008_TEXT,…,…,…,……,…
STORY_023_02_001_SPEAKER,李东璧,李東璧,Li Dongbi,李東璧,이동벽
STORY_023_02_001_TEXT,姑娘这病是肺气虚，平日注意避风避寒，开副补肺汤调养调养。早上练练六字诀中的呬字诀，舒畅胸中气机。,姑娘這病是肺氣虛，平日注意避風避寒，開副補肺湯調養調養。早上練練六字訣中的呬字訣，舒暢胸中氣機。,"You have a deficiency of lung qi. Keep warm and avoid the wind. I will prescribe a Lung-Tonifying Decoction. In the mornings, practice the “si” sound of the Six Healing Sounds to ease the flow of qi in your chest.",肺気虚です。普段は風と寒さを避け、補肺湯で養生してください。朝は六字訣の「呬」の呼吸を練習し、胸の気を巡らせるとよいでしょう。,폐기가 허한 병증입니다. 몸을 따뜻하게 하고 바람을 피하십시오. 보폐탕을 처방하겠습니다. 아침에는 육자결의 ‘사’ 소리를 연습해 가슴속 기의 흐름을 편안하게 하십시오.
STORY_023_02_002_SPEAKER,谢飞燕,謝飛燕,Xie Feiyan,謝飛燕,사비연
STORY_023_02_002_TEXT,…多谢先生。,…多謝先生。,"…Thank you, Doctor.",……ありがとうございます。,"…감사합니다, 의원님."
STORY_023_02_003_SPEAKER,李东璧,李東璧,Li Dongbi,李東璧,이동벽
STORY_023_02_003_TEXT,姑娘可是有什么心事？,姑娘可是有什麼心事？,Is something troubling you?,何か悩みがあるのですか？,무슨 걱정이라도 있습니까?
STORY_023_02_004_SPEAKER,郭妈妈,郭媽媽,Madam Guo,郭おばさん,곽 부인
STORY_023_02_004_TEXT,成天好吃好喝的伺候着，她能有什么心事。,成天好吃好喝的伺候著，她能有什麼心事。,She eats and drinks well every day. What could she possibly be worried about?,毎日おいしいものを食べさせているのに、何を悩むことがあるんです？,매일 잘 먹고 잘 마시는데 무슨 걱정이 있겠어요?
STORY_023_02_005_SPEAKER,郭妈妈,郭媽媽,Madam Guo,郭おばさん,곽 부인
STORY_023_02_005_TEXT,那就多谢大夫了，走吧女儿。,那就多謝大夫了，走吧女兒。,"Thank you, Doctor. Come along, daughter.",先生、ありがとうございました。さあ、帰るよ。,"고맙습니다, 의원님. 가자, 얘야."
STORY_023_02_006_SPEAKER,谢飞燕,謝飛燕,Xie Feiyan,謝飛燕,사비연
STORY_023_02_006_TEXT,…,…,…,……,…
STORY_023_02_007_TEXT,收入一两白银,收入一兩白銀,Received one tael of silver.,収入：銀一両,은전 한 냥을 받았다.
STORY_023_02_008_SPEAKER,王百堂,王百堂,Wang Baitang,王百堂,왕백당
STORY_023_02_008_TEXT,大夫，刚才那姑娘是得了什么病啊？,大夫，剛才那姑娘是得了什麼病啊？,"Doctor, what was wrong with the young woman who just left?",先生、さっきの娘さんは何の病気だったんですか？,"의원님, 방금 나간 아가씨는 무슨 병이었습니까?"
STORY_023_02_009_SPEAKER,李东璧,李東璧,Li Dongbi,李東璧,이동벽
STORY_023_02_009_TEXT,您是？,您是？,And you are?,失礼ですが、あなたは？,당신은 누구십니까?
STORY_023_02_010_SPEAKER,王百堂,王百堂,Wang Baitang,王百堂,왕백당
STORY_023_02_010_TEXT,小生是姑娘的一位相识，担心姑娘身体，来问问大夫。,小生是姑娘的一位相識，擔心姑娘身體，來問問大夫。,I am an acquaintance of hers. I am worried about her health and came to ask.,彼女の知人です。体が心配で、お尋ねに来ました。,그녀와 아는 사이입니다. 건강이 걱정되어 물어보러 왔습니다.
STORY_023_02_011_SPEAKER,李东璧,李東璧,Li Dongbi,李東璧,이동벽
STORY_023_02_011_TEXT,哦，那姑娘所患的是肺气虚，并无大碍，只是看起来似乎有心事。您可知其中原委？,哦，那姑娘所患的是肺氣虛，並無大礙，只是看起來似乎有心事。您可知其中原委？,"She has a deficiency of lung qi. It is not serious, but she seems deeply troubled. Do you know why?",肺気虚ですが、大事には至りません。ただ何か悩みがあるようでした。事情をご存じですか？,폐기가 허한 병증입니다. 심각하지는 않지만 마음속에 큰 근심이 있는 듯합니다. 이유를 아십니까?
STORY_023_02_012_SPEAKER,半夏,半夏,Banxia,半夏,반하
STORY_023_02_012_TEXT,哎哟？这里面有事儿，快说来听听。,哎喲？這裡面有事兒，快說來聽聽。,Oh? There is a story here? Tell us!,おや、何か訳がありそうだ。聞かせてくれ。,오? 무슨 사연이 있는 거야? 어서 말해 봐!
STORY_023_02_013_SPEAKER,王百堂,王百堂,Wang Baitang,王百堂,왕백당
STORY_023_02_013_TEXT,实不相瞒，小生在柳月坊与飞燕相识，一见倾心，私底下定了终身。,實不相瞞，小生在柳月坊與飛燕相識，一見傾心，私底下定了終身。,"To be honest, I met Feiyan at Willow Moon House. We fell in love at first sight and privately pledged to marry.",実は柳月坊で飛燕と出会い、一目で心を奪われました。二人で将来を誓い合っています。,솔직히 말하면 저는 유월루에서 비연을 만났습니다. 첫눈에 반해 몰래 혼인을 약속했습니다.
STORY_023_02_014_SPEAKER,王百堂,王百堂,Wang Baitang,王百堂,왕백당
STORY_023_02_014_TEXT,原想着凑够五百两银子，给她赎身。可那老鸨坐地起价，张口就要一千两，这让我们上哪去凑这么多银子啊…,原想著湊夠五百兩銀子，給她贖身。可那老鴇坐地起價，張口就要一千兩，這讓我們上哪去湊這麼多銀子啊…,I hoped to save five hundred taels to buy her freedom. But the madam doubled the price to a thousand. How could we ever raise that much silver?,銀五百両を貯めて身請けするつもりでした。ところが楼主が突然値を上げ、千両を要求してきたのです。そんな大金、どこから用意すれば……,그 아이의 몸값을 치르려고 은전 오백 냥을 모으려 했습니다. 그런데 기방 주인이 갑자기 값을 올려 천 냥을 내놓으라는 겁니다. 우리가 어디서 그 많은 돈을 마련하겠습니까…
STORY_023_02_015_SPEAKER,李东璧,李東璧,Li Dongbi,李東璧,이동벽
STORY_023_02_015_TEXT,想必姑娘是因为这事急坏了身子。,想必姑娘是因為這事急壞了身子。,No wonder her health has suffered from worry.,そのせいで、彼女は心労から体を壊したのでしょう。,걱정 때문에 건강이 나빠진 것도 당연하군요.
STORY_023_02_016_SPEAKER,半夏,半夏,Banxia,半夏,반하
STORY_023_02_016_TEXT,唉，又是一对儿苦命的鸳鸯。,唉，又是一對兒苦命的鴛鴦。,"Ah, another pair of ill-fated lovers.",はあ、また不遇な恋人たちか。,"아, 또 안타까운 연인이 한 쌍 생겼네."
STORY_023_02_017_SPEAKER,吴芷兰,吳芷蘭,Wu Zhilan,呉芷蘭,오지란
STORY_023_02_017_TEXT,相公咱想办法帮帮他们吧。,相公咱想辦法幫幫他們吧。,"Dear, we should find a way to help them.",あなた、二人を助けてあげましょうよ。,"여보, 두 사람을 도울 방법을 찾아봐요."
STORY_023_02_018_SPEAKER,李东璧,李東璧,Li Dongbi,李東璧,이동벽
STORY_023_02_018_TEXT,我也想帮他们，可怎么帮呢？,我也想幫他們，可怎麼幫呢？,"I would like to, but how?",助けたいが、どうすればいい？,"그러고 싶지만, 어떻게 하지?"
STORY_023_03_001_SPEAKER,李东璧,李東璧,Li Dongbi,李東璧,이동벽
STORY_023_03_001_TEXT,不对，我需要好好想想这是什么病，该开什么方。,不對，我需要好好想想這是什麼病，該開什麼方。,"No, that is not right. I need to think carefully about the illness and the proper prescription.",違う。これは何の病か、どんな処方を出すべきか、よく考えなければ。,"아니야, 이건 맞지 않아. 병증과 알맞은 처방을 신중히 다시 생각해야 해."
STORY_024_01_001_SPEAKER,李东璧,李東璧,Li Dongbi,李東璧,이동벽
STORY_024_01_001_TEXT,姑娘你来啦，病好点了吗？,姑娘你來啦，病好點了嗎？,"You have come back, miss. Are you feeling any better?",お嬢さん、また来たのですね。具合は良くなりましたか？,"아가씨, 다시 오셨군요. 몸은 좀 나아졌습니까?"
STORY_024_01_002_SPEAKER,谢飞燕,謝飛燕,Xie Feiyan,謝飛燕,사비연
STORY_024_01_002_TEXT,唉，这些日子一直不太好，前天还咳出血丝来了…,唉，這些日子一直不太好，前天還咳出血絲來了…,Not really. I even coughed up a little blood the day before yesterday…,いいえ、ずっと良くならず、一昨日は咳に血まで混じりました……,별로요. 그저께는 피를 조금 토하기까지 했어요…
STORY_024_01_003_SPEAKER,李东璧,李東璧,Li Dongbi,李東璧,이동벽
STORY_024_01_003_TEXT,请坐，我再给你看看。,請坐，我再給你看看。,Please sit. I will examine you again.,お掛けください。もう一度診ましょう。,앉으십시오. 다시 진찰하겠습니다.
STORY_024_02_001_SPEAKER,李东璧,李東璧,Li Dongbi,李東璧,이동벽
STORY_024_02_001_TEXT,姑娘你这病，因气虚日久，气不化津，已经恶化为肺阴虚了。给你开些沙参麦冬汤补津养肺。,姑娘你這病，因氣虛日久，氣不化津，已經惡化為肺陰虛了。給你開些沙參麥冬湯補津養肺。,"Your longstanding qi deficiency has kept fluids from forming, and your condition has progressed to a deficiency of lung yin. I will prescribe Glehnia and Ophiopogon Decoction to nourish your fluids and lungs.",長く気虚が続き、津液を作れず、肺陰虚に悪化しています。沙参麦冬湯を処方して、肺を養いましょう。,"오랫동안 기가 허해 진액이 제대로 생기지 않았고, 이제 폐음허로 진행되었습니다. 사삼맥문동탕을 처방해 진액과 폐를 보하겠습니다."
STORY_024_02_002_SPEAKER,谢飞燕,謝飛燕,Xie Feiyan,謝飛燕,사비연
STORY_024_02_002_TEXT,多谢先生…,多謝先生…,"Thank you, Doctor…",ありがとうございます……,"감사합니다, 의원님…"
STORY_024_02_003_SPEAKER,吴芷兰,吳芷蘭,Wu Zhilan,呉芷蘭,오지란
STORY_024_02_003_TEXT,可这药只能医肺病，不能医心病，心病还须心药医。,可這藥只能醫肺病，不能醫心病，心病還須心藥醫。,But medicine can only treat your lungs. It cannot cure what weighs on your heart. That needs a different remedy.,ただ、この薬で治せるのは肺の病だけ。心の悩みには、別の手立てが必要ですよ。,약은 폐의 병만 치료할 수 있어요. 마음을 짓누르는 근심까지 고칠 수는 없지요. 그건 다른 처방이 필요합니다.
STORY_024_02_004_SPEAKER,谢飞燕,謝飛燕,Xie Feiyan,謝飛燕,사비연
STORY_024_02_004_TEXT,夫人这是何意味？,夫人這是何意味？,"What do you mean, madam?",奥様、それはどういう意味ですか？,"무슨 말씀이세요, 부인?"
STORY_024_02_005_SPEAKER,吴芷兰,吳芷蘭,Wu Zhilan,呉芷蘭,오지란
STORY_024_02_005_TEXT,前些天你来看病，你前脚刚走，王公子就来这问你的病情，很是担心你。,前些天你來看病，你前腳剛走，王公子就來這問你的病情，很是擔心你。,"When you left after your last visit, Young Master Wang came to ask about your health. He was terribly worried.",先日、あなたが帰った直後に王さんが病状を尋ねに来ました。とても心配していましたよ。,지난번에 돌아간 뒤 왕 공자가 네 안부를 물으러 왔어요. 무척 걱정하고 있더군요.
STORY_024_02_006_SPEAKER,谢飞燕,謝飛燕,Xie Feiyan,謝飛燕,사비연
STORY_024_02_006_TEXT,唉，我们这行当是做不长久的，只盼着有个如意的郎君，趁着年轻嫁入好人家。,唉，我們這行當是做不長久的，只盼著有個如意的郎君，趁著年輕嫁入好人家。,Women in my profession cannot work forever. We hope to find a kind husband and marry into a good family while we are still young.,この仕事は長く続けられません。若いうちに良い人と結ばれたい、それだけを願っています。,저 같은 여자는 이 일을 영원히 할 수 없어요. 젊을 때 좋은 남편을 만나 괜찮은 집안에 시집가기를 바라지요.
STORY_024_02_007_SPEAKER,谢飞燕,謝飛燕,Xie Feiyan,謝飛燕,사비연
STORY_024_02_007_TEXT,王郎待我真心诚意，我俩满心欢喜想着赎身之后拜堂成亲，可谁曾想干娘竟如此对我…,王郎待我真心誠意，我倆滿心歡喜想著贖身之後拜堂成親，可誰曾想乾娘竟如此對我…,"Wang truly loves me. We dreamed of buying my freedom and marrying, but I never imagined my foster mother would treat me this way…",王公子は私を心から大切にしてくれます。身請けが済んだら夫婦になれると二人で喜んでいたのに、おかみさんがあんな仕打ちをするなんて……,"왕 공자는 정말 저를 사랑해요. 제 몸값을 치르고 혼인하자고 꿈꿨지만, 양어머니가 저를 이렇게 대할 줄은 몰랐어요…"
STORY_024_02_008_SPEAKER,吴芷兰,吳芷蘭,Wu Zhilan,呉芷蘭,오지란
STORY_024_02_008_TEXT,我有一计，可使你二人有情人终成眷属。,我有一計，可使你二人有情人終成眷屬。,I have an idea that may help the two of you marry.,二人が結ばれるための策があります。,두 분이 혼인할 수 있도록 도울 방법이 떠올랐어요.
STORY_024_02_009_SPEAKER,半夏,半夏,Banxia,半夏,반하
STORY_024_02_009_TEXT,少夫人你有什么主意呀？快说快说！,少夫人你有什麼主意呀？快說快說！,"Young mistress, what is it? Tell us!",若奥様、どんな策ですか？　早く教えてください！,"마님, 무슨 방법인데요? 말씀해 주세요!"
STORY_024_02_010_SPEAKER,吴芷兰,吳芷蘭,Wu Zhilan,呉芷蘭,오지란
STORY_024_02_010_TEXT,明日你让郭妈妈来一趟，如此这般….,明日你讓郭媽媽來一趟，如此這般….,Ask Madam Guo to come here tomorrow. Here is what we shall do…,明日、郭おばさんをここへ呼んでください。それから……,내일 곽 부인을 여기로 부르세요. 이렇게 하는 겁니다…
STORY_024_02_011_TEXT,吴芷兰和众人说出了自己的主意,吳芷蘭和眾人說出了自己的主意,Wu Zhilan explained her plan to everyone.,呉芷蘭は皆に考えた策を話した。,오지란은 모두에게 자신의 계획을 설명했다.
STORY_024_02_012_SPEAKER,谢飞燕,謝飛燕,Xie Feiyan,謝飛燕,사비연
STORY_024_02_012_TEXT,先生若是能帮我们渡此难关，便是再造父母。,先生若是能幫我們渡此難關，便是再造父母。,"If you can see us through this, we will owe you as much as we owe our own parents.",先生にこの苦境を救っていただけるなら、一生の恩人です。,"선생님께서 저희가 이 어려움을 넘도록 도와주신다면, 저희에게는 다시 태어나게 해 준 부모와 같은 은인이십니다."
STORY_024_02_013_TEXT,收入一两白银,收入一兩白銀,Received one tael of silver.,収入：銀一両,은전 한 냥을 받았다.
STORY_024_02_014_TEXT,次日,次日,The next day.,翌日。,다음 날.
STORY_024_02_015_SPEAKER,郭妈妈,郭媽媽,Madam Guo,郭おばさん,곽 부인
STORY_024_02_015_TEXT,李大夫，你叫我来是什么事儿啊？,李大夫，你叫我來是什麼事兒啊？,"Doctor Li, why did you ask me to come?",李先生、何の用で呼んだんですか？,"이 의원, 왜 나를 오라고 했소?"
STORY_024_02_016_SPEAKER,李东璧,李東璧,Li Dongbi,李東璧,이동벽
STORY_024_02_016_TEXT,昨日经我仔细检查，谢姑娘的病乃是肺痨，此病只能缓解，不能根治，而且身边之人都有可能沾染。,昨日經我仔細檢查，謝姑娘的病乃是肺癆，此病只能緩解，不能根治，而且身邊之人都有可能沾染。,"After a careful examination yesterday, I found that Miss Xie has consumption of the lungs. We can ease it, but not cure it, and people close to her may catch it.",昨日詳しく診たところ、謝さんは肺癆でした。この病は和らげられても根治は難しく、近くの人にうつるおそれもあります。,"어제 자세히 진찰해 보니 사 아가씨는 폐로를 앓고 있습니다. 증상을 누그러뜨릴 수는 있지만 고칠 수는 없으며, 가까이 지내는 사람에게도 옮을 수 있습니다."
STORY_024_02_017_SPEAKER,郭妈妈,郭媽媽,Madam Guo,郭おばさん,곽 부인
STORY_024_02_017_TEXT,啊？这可如何是好？,啊？這可如何是好？,What? What am I to do?,えっ？　どうしたらいいの？,뭐라고요? 그럼 이 일을 어쩌면 좋죠?
STORY_024_02_018_SPEAKER,李东璧,李東璧,Li Dongbi,李東璧,이동벽
STORY_024_02_018_TEXT,您还是早做打算，给女儿寻觅个好归宿吧。,您還是早做打算，給女兒尋覓個好歸宿吧。,You had best make arrangements soon and find your daughter a good home.,早めに娘さんの行く末を考え、良い嫁ぎ先を探してあげてください。,서둘러 준비해서 따님을 좋은 집안에 보내시는 편이 좋겠습니다.
STORY_024_02_019_SPEAKER,郭妈妈,郭媽媽,Madam Guo,郭おばさん,곽 부인
STORY_024_02_019_TEXT,(若是这样，不如趁那小子不知情，便宜与了他去….),(若是這樣，不如趁那小子不知情，便宜與了他去….),"(In that case, I should let that young man have her cheaply before he finds out…)",（そういうことなら、あの若造が知らぬうちに安く引き取らせたほうがいい……）,(그렇다면 저 젊은이가 병을 알기 전에 싸게 넘겨야겠군…)
STORY_024_03_001_SPEAKER,李东璧,李東璧,Li Dongbi,李東璧,이동벽
STORY_024_03_001_TEXT,不对，我需要好好想想这是什么病，该开什么方。,不對，我需要好好想想這是什麼病，該開什麼方。,"No, that is not right. I need to think carefully about the illness and the proper prescription.",違う。これは何の病か、どんな処方を出すべきか、よく考えなければ。,"아니야, 이건 맞지 않아. 병증과 알맞은 처방을 신중히 다시 생각해야 해."
STORY_024_04_001_SPEAKER,王百堂,王百堂,Wang Baitang,王百堂,왕백당
STORY_024_04_001_TEXT,恩公！小生拜见恩公。,恩公！小生拜見恩公。,My benefactor! I have come to pay my respects.,恩人様！　お目にかかれて光栄です。,은공! 소생이 인사 올립니다.
STORY_024_04_002_SPEAKER,李东璧,李東璧,Li Dongbi,李東璧,이동벽
STORY_024_04_002_TEXT,是你啊，快请起。你和谢姑娘怎么样了？,是你啊，快請起。你和謝姑娘怎麼樣了？,"It is you. Please, get up. How are you and Miss Xie?",あなたでしたか。さあ、お立ちください。謝さんとはどうなりました？,자네였군. 일어나게. 자네와 사 아가씨는 어떻게 되었나?
STORY_024_04_003_SPEAKER,王百堂,王百堂,Wang Baitang,王百堂,왕백당
STORY_024_04_003_TEXT,承蒙恩公出手相助，我二人已结为夫妻，在城外安顿下来，今日特来拜谢。,承蒙恩公出手相助，我二人已結為夫妻，在城外安頓下來，今日特來拜謝。,"Thanks to your help, we are married and have settled outside the city. We came today to thank you.",お力添えのおかげで夫婦になり、城の外に住まいを構えました。今日はお礼を申し上げに参りました。,은공께서 도와주신 덕분에 저희 두 사람은 혼인하여 성 밖에 자리 잡았습니다. 오늘은 특별히 감사 인사를 드리러 왔습니다.
STORY_024_04_004_SPEAKER,王百堂,王百堂,Wang Baitang,王百堂,왕백당
STORY_024_04_004_TEXT,听闻恩公酷好青囊之书，先父也是一生行医，家中有不少先父留下的笔记心得，今日便赠予恩公。,聽聞恩公酷好青囊之書，先父也是一生行醫，家中有不少先父留下的筆記心得，今日便贈予恩公。,I hear you are devoted to medical books. My late father practiced medicine all his life and left many notes. I would like you to have them.,先生は医学書がお好きと聞きました。父も生涯医者を務め、多くの手控えを残しました。今日、それをお贈りします。,"의서에 관심이 많으시다고 들었습니다. 돌아가신 아버지께서 평생 의술을 행하시며 많은 기록을 남기셨는데, 의원님께 드리고 싶습니다."
STORY_024_04_005_SPEAKER,李东璧,李東璧,Li Dongbi,李東璧,이동벽
STORY_024_04_005_TEXT,哎呀，这可太好了，真是求之不得啊。,哎呀，這可太好了，真是求之不得啊。,That is wonderful! I could ask for nothing better.,それはありがたい！　願ってもない贈り物です。,정말 잘됐군! 더 바랄 것이 없네.
STORY_025_01_001_SPEAKER,性空,性空,Xingkong,性空,성공
STORY_025_01_001_TEXT,"阿弥陀佛，贫僧法号性空，《中论》曰：""众因缘生法，我说即是空，亦为是假名，亦是中道义。""正所谓缘起性空是也。","阿彌陀佛，貧僧法號性空，《中論》曰：""眾因緣生法，我說即是空，亦為是假名，亦是中道義。""正所謂緣起性空是也。","Amitabha Buddha. My Dharma name is Xingkong. The Treatise on the Middle Way says: “Whatever arises through causes and conditions, I call emptiness. It is also a provisional name and the meaning of the Middle Way.” Such is the emptiness of dependent arising.",阿弥陀仏。拙僧は性空と申す。『中論』に「因縁より生じるものは空であり、仮の名であり、中道でもある」とある。これぞ縁起性空ですな。,"나무아미타불. 빈승의 법명은 성공(性空)입니다. 『중론』에 이르기를, “인연으로 생겨난 모든 것을 나는 공이라 부른다. 또한 임시로 붙인 이름이며 중도의 뜻이다.”라고 했습니다. 이것이 바로 연기성공의 이치입니다."
STORY_025_01_002_SPEAKER,李东璧,李東璧,Li Dongbi,李東璧,이동벽
STORY_025_01_002_TEXT,师父请坐，今日来小馆是？(这和尚身上好大的酒味啊...),師父請坐，今日來小館是？(這和尚身上好大的酒味啊...),"Please, sit down, Master. What brings you to my clinic today? (He smells strongly of wine…)",どうぞお掛けください。今日は何のご用で？（この僧、酒の匂いが強いな……）,"앉으십시오, 스님. 오늘은 무슨 일로 제 진료소를 찾아오셨습니까? (술 냄새가 진동하는데…)"
STORY_025_01_003_SPEAKER,性空,性空,Xingkong,性空,성공
STORY_025_01_003_TEXT,最近身体不太舒服，老是耳鸣头晕，请大夫给贫僧看看。,最近身體不太舒服，老是耳鳴頭暈，請大夫給貧僧看看。,"I have not felt well lately. My ears ring and I often feel dizzy. Would you examine me, Doctor?",近ごろ具合が悪く、耳鳴りやめまいがします。診ていただきたい。,"요즘 몸이 좋지 않습니다. 귀에서 소리가 나고 자주 어지러운데, 의원님께서 진찰해 주시겠습니까?"
STORY_025_02_001_SPEAKER,李东璧,李東璧,Li Dongbi,李東璧,이동벽
STORY_025_02_001_TEXT,师父所患的乃是肾精不足之症，嗯…是房事过劳所致…,師父所患的乃是腎精不足之症，嗯…是房事過勞所致…,You have a deficiency of kidney essence. Hmm… caused by excessive sexual activity…,腎精不足の証ですね。ええと……房事のしすぎが原因かと……,신정이 부족하군요. 흠… 지나친 방사 때문입니다…
STORY_025_02_002_SPEAKER,性空,性空,Xingkong,性空,성공
STORY_025_02_002_TEXT,哎哟，施主啊，这可不敢乱说啊，我可是出家人啊，怎么会干那种事呢。,哎喲，施主啊，這可不敢亂說啊，我可是出家人啊，怎麼會幹那種事呢。,"My good man, you must not say such things! I am a monk. How could I do that?",おいおい、そんなことを言ってはいかん。拙僧は出家の身、そんなことをするはずがなかろう。,"이보시오, 그런 말씀은 하지 마시오! 나는 승려요. 내가 어찌 그런 일을 하겠소?"
STORY_025_02_003_SPEAKER,李东璧,李東璧,Li Dongbi,李東璧,이동벽
STORY_025_02_003_TEXT,…,…,…,……,…
STORY_025_02_004_SPEAKER,性空,性空,Xingkong,性空,성공
STORY_025_02_004_TEXT,一定是我晚上念经太过用功，着凉了。,一定是我晚上念經太過用功，著涼了。,It must be that I caught a chill while reciting sutras late at night.,夜に読経を頑張りすぎて、冷えたのに違いない。,밤늦게 경을 읽다가 한기를 맞은 것이 틀림없소.
STORY_025_02_005_SPEAKER,李东璧,李東璧,Li Dongbi,李東璧,이동벽
STORY_025_02_005_TEXT,是是是，师父说得对，也不是没有这个可能。,是是是，師父說得對，也不是沒有這個可能。,"Of course, Master. That is possible too.",ええ、おっしゃるとおりです。そういう可能性もありますね。,"물론이지요, 스님. 그럴 수도 있습니다."
STORY_025_02_006_SPEAKER,性空,性空,Xingkong,性空,성공
STORY_025_02_006_TEXT,嗯，可别到处乱说啊，这钱你拿着吧，这小郎中真是…,嗯，可別到處亂說啊，這錢你拿著吧，這小郎中真是…,"Yes. Do not spread any rumors. Here, take this money. What a young doctor you are…",うむ、人には言うでないぞ。ほら、これを受け取れ。まったく、この若い医者は……,그렇소. 헛소문은 내지 마시오. 여기 돈을 받으시오. 젊은 의원이 참 눈치가 빠르구려…
STORY_025_02_007_TEXT,收入二两白银,收入二兩白銀,Received two taels of silver.,収入：銀二両,은전 두 냥을 받았다.
STORY_025_02_008_SPEAKER,半夏,半夏,Banxia,半夏,반하
STORY_025_02_008_TEXT,哇，这就是传说中的花和尚吗？,哇，這就是傳說中的花和尚嗎？,Wow. Is that what they call a worldly monk?,わあ、あれが噂の生臭坊主ってやつ？,"와, 저분이 말로만 듣던 파계승인가요?"
STORY_025_02_009_SPEAKER,李东璧,李東璧,Li Dongbi,李東璧,이동벽
STORY_025_02_009_TEXT,…,…,…,……,…
STORY_025_02_010_SPEAKER,陈皮,陳皮,Chen Pi,陳皮,진피
STORY_025_02_010_TEXT,他是花和尚，你是花痴，正好凑一对儿。,他是花和尚，你是花痴，正好湊一對兒。,"He is a monk with a wandering eye, and you are lovestruck. You would make a fine pair.",あの人は生臭坊主、お前は色恋に夢中。お似合いだな。,"저 스님은 파계승이고 너는 사랑에 미쳤으니, 둘이 딱 한 쌍이네."
STORY_025_02_011_SPEAKER,半夏,半夏,Banxia,半夏,반하
STORY_025_02_011_TEXT,找打！,找打！,You are asking for it!,もう、怒るよ！,맞을래요?
STORY_025_02_012_SPEAKER,陈皮,陳皮,Chen Pi,陳皮,진피
STORY_025_02_012_TEXT,哎哟！,哎喲！,Ow!,痛っ！,아야!
STORY_025_03_001_SPEAKER,李东璧,李東璧,Li Dongbi,李東璧,이동벽
STORY_025_03_001_TEXT,虽然这不是个正经和尚，但还是得好好想想他得的是什么病。,雖然這不是個正經和尚，但還是得好好想想他得的是什麼病。,"He may not be a model monk, but I still need to diagnose his illness properly.",まともな僧とは言えないが、病はきちんと考えなければ。,"모범적인 승려는 아닌 듯하지만, 그래도 병은 제대로 진단해야 해."
STORY_026_01_001_SPEAKER,半夏,半夏,Banxia,半夏,반하
STORY_026_01_001_TEXT,少掌柜的，少夫人在屋里晕倒了，您快来看看啊！,少掌櫃的，少夫人在屋裡暈倒了，您快來看看啊！,Young master! The young mistress has fainted in her room! Please come quickly!,若旦那、若奥様がお部屋で倒れました！　早く来てください！,도련님! 마님께서 방에서 쓰러지셨어요! 어서 와 주세요!
STORY_026_01_002_SPEAKER,李东璧,李東璧,Li Dongbi,李東璧,이동벽
STORY_026_01_002_TEXT,芷兰！！！,芷蘭！！！,Zhilan!,芷蘭！！！,지란아!
STORY_026_01_003_SPEAKER,吴芷兰,吳芷蘭,Wu Zhilan,呉芷蘭,오지란
STORY_026_01_003_TEXT,…...,…...,…,…………,…
STORY_026_01_004_SPEAKER,吴芷兰,吳芷蘭,Wu Zhilan,呉芷蘭,오지란
STORY_026_01_004_TEXT,相公，我最近头晕目眩，时不时的还恶心想吐，不知是怎么了…,相公，我最近頭暈目眩，時不時的還惡心想吐，不知是怎麼了…,"Husband, I have been dizzy lately, and sometimes I feel sick to my stomach. I do not know what is wrong…",あなた、最近めまいがして、ときどき吐き気もするの。どうしたのかしら……,"여보, 요즘 자꾸 어지럽고 가끔 속이 메스꺼워요. 어디가 잘못된 건지 모르겠어요…"
STORY_026_01_005_SPEAKER,李东璧,李東璧,Li Dongbi,李東璧,이동벽
STORY_026_01_005_TEXT,夫人一定是操持家务太过劳累，我给你把把脉。,夫人一定是操持家務太過勞累，我給你把把脈。,You must be exhausted from running the household. Let me take your pulse.,家事で疲れすぎたんだろう。脈を診るよ。,집안일을 돌보느라 지친 모양이오. 내가 맥을 짚어 보겠소.
STORY_026_02_001_SPEAKER,半夏,半夏,Banxia,半夏,반하
STORY_026_02_001_TEXT,呜呜呜，少夫人到底是得了什么病啊。,嗚嗚嗚，少夫人到底是得了什麼病啊。,Oh no… What illness does the young mistress have?,うう……若奥様は何の病気なんですか？,어머나… 마님께 무슨 병이 생긴 거예요?
STORY_026_02_002_SPEAKER,李东璧,李東璧,Li Dongbi,李東璧,이동벽
STORY_026_02_002_TEXT,芷兰…我们有孩子了…,芷蘭…我們有孩子了…,Zhilan… We are going to have a child…,芷蘭……私たちに子どもができたんだ……,지란아… 우리에게 아이가 생겼소…
STORY_026_02_003_SPEAKER,吴芷兰,吳芷蘭,Wu Zhilan,呉芷蘭,오지란
STORY_026_02_003_TEXT,真的吗！哎呀，太好了，是男孩儿女孩儿？,真的嗎！哎呀，太好了，是男孩兒女孩兒？,"Really? Oh, that is wonderful! A boy or a girl?",本当？　うれしい！　男の子？　女の子？,"정말요? 정말 잘됐어요! 아들인가요, 딸인가요?"
STORY_026_02_004_SPEAKER,李东璧,李東璧,Li Dongbi,李東璧,이동벽
STORY_026_02_004_TEXT,现在还看不出来，男孩儿女孩儿都一样，我们要当爹当娘了。,現在還看不出來，男孩兒女孩兒都一樣，我們要當爹當娘了。,"It is too early to tell. Boy or girl, it does not matter. We are going to be parents.",今はまだ分からないよ。どちらでもいい。私たち、親になるんだ。,아직 알기엔 이르오. 아들이든 딸이든 상관없소. 우리가 부모가 되는 거요.
STORY_026_02_005_SPEAKER,半夏,半夏,Banxia,半夏,반하
STORY_026_02_005_TEXT,哇，恭喜恭喜，真是菩萨保佑，我去把这喜事告诉老爷去！,哇，恭喜恭喜，真是菩薩保佑，我去把這喜事告訴老爺去！,Congratulations! The Bodhisattva has blessed us! I am going to tell the master the good news!,わあ、おめでとうございます！　ありがたいことです。旦那様にも知らせてきます！,축하드려요! 보살님께서 복을 내려 주셨어요! 어르신께 이 기쁜 소식을 전하러 갈게요!
STORY_026_03_001_SPEAKER,李东璧,李東璧,Li Dongbi,李東璧,이동벽
STORY_026_03_001_TEXT,不对不对，我在干什么呀，冷静冷静，再好好想想。,不對不對，我在幹什麼呀，冷靜冷靜，再好好想想。,"No, no. What am I doing? Calm down and think again.",違う、私は何を考えているんだ。落ち着いて、もう一度よく考えよう。,"아니, 아니야. 내가 무슨 생각을 하는 거지? 진정하고 다시 생각하자."
STORY_027_001_SPEAKER,李言闻,李言聞,Li Yanwen,李言聞,이언문
STORY_027_001_TEXT,今天是上元佳节，咱们全家去城里逛逛，听说今年的灯节格外热闹。,今天是上元佳節，咱們全家去城裡逛逛，聽說今年的燈節格外熱鬧。,It is the Lantern Festival today. Let us all go into town. I hear this year's celebrations are especially lively.,今日は元宵節だ。家族みんなで町へ出よう。今年の灯籠祭りはとりわけ賑やからしい。,오늘은 정월대보름이오. 모두 함께 성 안으로 나가세. 올해 행사가 특히 성대하다더군.
STORY_027_002_SPEAKER,吴芷兰,吳芷蘭,Wu Zhilan,呉芷蘭,오지란
STORY_027_002_TEXT,太好了，咱们快出发吧。,太好了，咱們快出發吧。,Wonderful! Let us go.,やった！　早く行きましょう。,정말 좋아요! 가요.
STORY_027_003_SPEAKER,李东璧,李東璧,Li Dongbi,李東璧,이동벽
STORY_027_003_TEXT,走。,走。,Come along.,行こう。,같이 가자꾸나.
STORY_027_004_SPEAKER,半夏,半夏,Banxia,半夏,반하
STORY_027_004_TEXT,哇，好多人啊！好热闹啊！,哇，好多人啊！好熱鬧啊！,"Wow, so many people! It is so lively!",わあ、人がいっぱい！　すごい賑わいだ！,"와, 사람이 정말 많아요! 아주 활기차네요!"
STORY_027_005_SPEAKER,陈皮,陳皮,Chen Pi,陳皮,진피
STORY_027_005_TEXT,看你那没见过世面的样子。,看你那沒見過世面的樣子。,You act as if you have never been out before.,まるで世間を知らない子どもね。,한 번도 밖에 나와 보지 않은 사람처럼 구는구나.
STORY_027_006_SPEAKER,半夏,半夏,Banxia,半夏,반하
STORY_027_006_TEXT,找打，你别跑！,找打，你別跑！,Just you wait! Stop running!,こら、待ちなさい！,두고 봐요! 뛰지 마세요!
STORY_027_007_SPEAKER,李言闻,李言聞,Li Yanwen,李言聞,이언문
STORY_027_007_TEXT,那边好像有唱戏的，咱们去那边看看。,那邊好像有唱戲的，咱們去那邊看看。,There seems to be a play over there. Let us go and watch.,あちらで芝居をしているみたい。見に行きましょう。,저쪽에서 공연을 하는 모양이군. 가서 보세.
STORY_027_008_SPEAKER,半夏,半夏,Banxia,半夏,반하
STORY_027_008_TEXT,夫人，那边有座桥，咱们去走百病！,夫人，那邊有座橋，咱們去走百病！,"Dear, there is a bridge over there. Let us cross it to ward off illness!",奥様、向こうに橋があります。渡って厄払いをしましょう！,"마님, 저쪽에 다리가 있어요. 우리도 ‘주백병’하러 가요!"
STORY_027_009_SPEAKER,吴芷兰,吳芷蘭,Wu Zhilan,呉芷蘭,오지란
STORY_027_009_TEXT,走，今夜走三桥，一年无灾病。,走，今夜走三橋，一年無災病。,"Yes! Cross three bridges tonight, and we will be free of sickness all year.",行こう。今夜三つの橋を渡れば、一年病気知らずだ。,맞아요! 오늘 밤 다리 세 개를 건너면 일 년 내내 병이 없대요.
STORY_027_010_SPEAKER,李言闻,李言聞,Li Yanwen,李言聞,이언문
STORY_027_010_TEXT,儿子啊，你和芷兰准备啥时候要孩子啊？,兒子啊，你和芷蘭準備啥時候要孩子啊？,"Son, when are you and Zhilan going to have a child?",ところで、東璧と芷蘭はいつ子どもを作るつもりだ？,"아들아, 너와 지란이는 언제 아이를 가질 게냐?"
STORY_027_011_SPEAKER,李东璧,李東璧,Li Dongbi,李東璧,이동벽
STORY_027_011_TEXT,哎哟，爹，您就别操心了。,哎喲，爹，您就別操心了。,"Oh, Father, please do not worry about that.",父上、もう心配なさらないでください。,"아버지, 그런 일은 걱정하지 마세요."
STORY_027_012_SPEAKER,李言闻,李言聞,Li Yanwen,李言聞,이언문
STORY_027_012_TEXT,你们俩一会儿去南门摸摸福气去，听说可灵了。,你們倆一會兒去南門摸摸福氣去，聽說可靈了。,You two should go to the south gate and touch the lucky charm. I hear it really works.,あとで南門へ行って幸運を願うといい。よく効くらしいぞ。,너희 둘이 이따 남문에 가서 복기운을 좀 받아 보거라. 효험이 좋다더구나.
STORY_027_013_SPEAKER,李东璧,李東璧,Li Dongbi,李東璧,이동벽
STORY_027_013_TEXT,别说了爹，咱们看戏去吧。,別說了爹，咱們看戲去吧。,"Please, Father. Let us watch the play.",父上、その話はもう。芝居を見に行きましょう。,"아버지, 공연부터 보시지요."
STORY_027_014_SPEAKER,陈皮,陳皮,Chen Pi,陳皮,진피
STORY_027_014_TEXT,老爷，那边儿在唱紫钗记呢。,老爺，那邊兒在唱紫釵記呢。,"Master, they are performing The Purple Hairpin over there.",旦那様、あちらでは『紫釵記』を演じていますよ。,"어르신, 저쪽에서 『자채기』를 공연하고 있습니다."
STORY_027_015_TEXT,谢皇恩灯华月华，谢天恩春华岁华，遍写着国泰民安天下，遨头去唱声哗。好灯也，说灯花南天门最佳，香车隘挑笼绛纱，喝道转身停马，尘影里看谁家。,謝皇恩燈華月華，謝天恩春華歲華，遍寫著國泰民安天下，遨頭去唱聲嘩。好燈也，說燈花南天門最佳，香車隘挑籠絳紗，喝道轉身停馬，塵影裡看誰家。,"We thank the emperor for lantern light and moonlight; we thank Heaven for springtime and the turning year. Peace fills the realm. Hear the revelers sing! What splendid lanterns! The finest shine at the southern gate. Carriages crowd beneath red silk lanterns. The escort calls for a halt, and through the dusty shadows we wonder who has come.",皇恩に感謝せん、灯も月も華やかに。天恩に感謝せん、春も歳も栄えゆく。国泰民安の世に歌声は満ち、灯火の美しさは南天門が随一。絹の灯籠を掲げた車が行き交い、馬を止め、塵の中に誰の家かを眺める。,"황제의 등불과 달빛에 감사하고, 하늘의 봄과 한 해의 순환에 감사하세. 천하에 평화가 가득하고, 구경꾼의 노랫소리가 들리는구나! 등불이 참 아름답다! 남문 쪽 등불이 가장 빛나는군. 붉은 비단 등불 아래 수레가 가득하고, 시종이 멈추라 외치니 먼지 낀 어둠 속에서 누가 왔는지 궁금하구나."
STORY_027_016_SPEAKER,吴芷兰,吳芷蘭,Wu Zhilan,呉芷蘭,오지란
STORY_027_016_TEXT,相公，咱们去猜灯谜吧！,相公，咱們去猜燈謎吧！,"Husband, let us go solve the lantern riddles!",あなた、灯籠のなぞなぞを解きましょう！,"여보, 등불 수수께끼를 풀러 가요!"
STORY_027_017_SPEAKER,李东璧,李東璧,Li Dongbi,李東璧,이동벽
STORY_027_017_TEXT,走！,走！,Let us!,いいね！,그러자꾸나!
STORY_027_018_SPEAKER,李东璧,李東璧,Li Dongbi,李東璧,이동벽
STORY_027_018_TEXT,"这么多灯谜，""一点一横长，一撇到南洋，南阳有个人，只有一寸长""，打一个字…","這麼多燈謎，""一點一橫長，一撇到南洋，南陽有個人，只有一寸長""，打一個字…","There are so many! “A dot above a long stroke, a slant toward the south; a person in Nanyang, with an inch below.” Guess the Chinese character…",こんなにたくさん。これは「広い屋根の下に『付』がいる。さて何の字？」,"정말 많군! “긴 획 위에 점 하나, 남쪽으로 비스듬히 뻗은 획; 남양의 사람 아래에 한 치.” 이 한자를 맞혀 보시오…"
STORY_027_019_SPEAKER,吴芷兰,吳芷蘭,Wu Zhilan,呉芷蘭,오지란
STORY_027_019_TEXT,"我知道，这是个""府""字。","我知道，這是個""府""字。",I know! It is “府.”,分かった。「府」だね。,알겠어요! “부(府)”예요.
STORY_027_020_SPEAKER,李东璧,李東璧,Li Dongbi,李東璧,이동벽
STORY_027_020_TEXT,还是娘子聪慧啊，哈哈。,還是娘子聰慧啊，哈哈。,"You are clever as ever, my dear. Ha, ha!",さすが芷蘭、頭がいいな。ははは。,"역시 영리하구나, 여보. 하하!"
STORY_027_021_SPEAKER,吴芷兰,吳芷蘭,Wu Zhilan,呉芷蘭,오지란
STORY_027_021_TEXT,"你看这个，""大雪压青松""，打一味药材。","你看這個，""大雪壓青松""，打一味藥材。",Look at this one: “Heavy snow presses on a green pine.” Name a medicinal herb.,こっちは「大雪が青松を押す」。薬材の名前を当てるんだ。,이것도 보세요. “큰 눈이 푸른 소나무를 누른다.” 약재 이름을 맞혀 보세요.
STORY_027_022_SPEAKER,李东璧,李東璧,Li Dongbi,李東璧,이동벽
STORY_027_022_TEXT,"这个我会，是""忍冬""。","這個我會，是""忍冬""。",I know this one. It is honeysuckle.,これは分かる。「忍冬」だよ。,이건 알아. ‘인동’이지.
STORY_027_023_SPEAKER,吴芷兰,吳芷蘭,Wu Zhilan,呉芷蘭,오지란
STORY_027_023_TEXT,哇，放烟花啦！,哇，放煙花啦！,Wow! Fireworks!,わあ、花火だ！,와! 불꽃놀이예요!
STORY_027_024_SPEAKER,李东璧,李東璧,Li Dongbi,李東璧,이동벽
STORY_027_024_TEXT,真漂亮啊。,真漂亮啊。,How beautiful.,きれいだね。,정말 아름답구나.
STORY_027_025_SPEAKER,李言闻,李言聞,Li Yanwen,李言聞,이언문
STORY_027_025_TEXT,东璧，芷兰，咱们去小摊儿坐会儿吃点元宵。,東璧，芷蘭，咱們去小攤兒坐會兒吃點元宵。,"Dongbi, Zhilan, let us sit at a stall and have some sweet rice balls.",東璧、芷蘭、露店で休んで元宵を食べよう。,"동벽아, 지란아, 노점에 앉아 탕위안이나 먹자꾸나."
STORY_027_026_SPEAKER,李言闻,李言聞,Li Yanwen,李言聞,이언문
STORY_027_026_TEXT,干了一年坐堂医，感觉怎么样，和你之前想的一样吗？,幹了一年坐堂醫，感覺怎麼樣，和你之前想的一樣嗎？,You have spent a year treating patients at the clinic. How does it feel? Is it what you expected?,医者として一年働いて、どうだった？　想像していたとおりか？,네가 진료소에서 환자를 본 지도 일 년이 되었구나. 어떠냐? 생각했던 것과 같으냐?
STORY_027_027_SPEAKER,李东璧,李東璧,Li Dongbi,李東璧,이동벽
STORY_027_027_TEXT,我倒是挺喜欢这一行，只是赚不到什么钱，苦了您和芷兰了…,我倒是挺喜歡這一行，只是賺不到什麼錢，苦了您和芷蘭了…,I do enjoy the work. I only wish it earned more. You and Zhilan have had to make sacrifices because of me…,私はこの仕事が好きです。ただ収入が少なく、父上と芷蘭に苦労をかけてしまって……,일은 즐겁습니다. 다만 수입이 좀 더 많았으면 좋겠어요. 저 때문에 아버지와 지란이 고생이 많았지요…
STORY_027_028_SPEAKER,吴芷兰,吳芷蘭,Wu Zhilan,呉芷蘭,오지란
STORY_027_028_TEXT,只要咱们一家人能一起平平安安的过日子，我就知足了，要那么多钱做什么。,只要咱們一家人能一起平平安安的過日子，我就知足了，要那麼多錢做什麼。,"As long as our family can live safely together, I have all I need. What would we do with more money?",家族みんなが無事に暮らせれば、私はそれで十分。そんなにお金があっても仕方ないわ。,우리 가족이 함께 평안하게 살 수 있다면 저는 더 바랄 것이 없어요. 돈이 더 많아서 무엇 하겠어요?
STORY_027_029_SPEAKER,李言闻,李言聞,Li Yanwen,李言聞,이언문
STORY_027_029_TEXT,是啊，一家人平平安安就好啊。,是啊，一家人平平安安就好啊。,Yes. Being together and well is enough.,そうだな。皆が無事なのが一番だ。,그래. 함께 건강하게 지내는 것만으로 충분하지.
STORY_027_030_SPEAKER,李言闻,李言聞,Li Yanwen,李言聞,이언문
STORY_027_030_TEXT,好了，不早了，咱们该回家了。,好了，不早了，咱們該回家了。,It is getting late. We should go home.,さあ、もう遅い。家に帰ろう。,시간이 늦었구나. 집에 가자.
STORY_028_01_001_SPEAKER,曾和,曾和,Zeng He,曽和,증화
STORY_028_01_001_TEXT,大夫啊，您快给看看吧，这孩子整日目光呆滞，叫他也不应，就在那自言自语，嘴里不知道嘟囔这什么，怪邪乎的…,大夫啊，您快給看看吧，這孩子整日目光呆滯，叫他也不應，就在那自言自語，嘴裡不知道嘟囔這什麼，怪邪乎的…,"Doctor, please look at my son. He stares into space all day and does not answer when spoken to. He mutters to himself. It is downright uncanny…",先生、この子を診てください。一日中ぼんやりして、呼んでも返事をせず、何やら独り言をつぶやいているんです。気味が悪くて……,"의원님, 제 아들을 좀 봐 주십시오. 하루 종일 멍하니 허공만 바라보고 말을 걸어도 대답하지 않습니다. 혼잣말까지 중얼거리니 정말 이상합니다…"
STORY_028_01_002_SPEAKER,曾题名,曾題名,Zeng Timing,曽題名,증제명
STORY_028_01_002_TEXT,…,…,…,……,…
STORY_028_01_003_SPEAKER,李东璧,李東璧,Li Dongbi,李東璧,이동벽
STORY_028_01_003_TEXT,别急，坐下来让我看看。,別急，坐下來讓我看看。,Do not worry. Sit down and let me examine him.,落ち着いて。座って診せてください。,걱정하지 마십시오. 앉아서 진찰을 받게 하세요.
STORY_028_02_001_SPEAKER,李东璧,李東璧,Li Dongbi,李東璧,이동벽
STORY_028_02_001_TEXT,公子所患的是痰迷心窍之症，开副涤痰汤调理一下。,公子所患的是痰迷心竅之症，開副滌痰湯調理一下。,Your son has phlegm clouding the mind. I will prescribe Phlegm-Expelling Decoction to help him recover.,息子さんは痰迷心竅の証です。滌痰湯を処方して、調子を整えましょう。,아드님은 담미심규증을 앓고 있습니다. 척담탕을 처방해 조리하겠습니다.
STORY_028_02_002_SPEAKER,曾和,曾和,Zeng He,曽和,증화
STORY_028_02_002_TEXT,好好的怎么就得了这怪病呢？,好好的怎麼就得了這怪病呢？,How did he suddenly develop such a strange illness?,元気だったのに、どうしてこんな病に？,어쩌다 갑자기 이런 괴상한 병이 생긴 겁니까?
STORY_028_02_003_SPEAKER,李东璧,李東璧,Li Dongbi,李東璧,이동벽
STORY_028_02_003_TEXT,是不是读书压力太大了呀？,是不是讀書壓力太大了呀？,Could the pressure of studying be too much for him?,勉強の重圧が大きすぎたのでは？,글공부로 받는 압박이 너무 큰 것은 아닐까요?
STORY_028_02_004_SPEAKER,曾题名,曾題名,Zeng Timing,曽題名,증제명
STORY_028_02_004_TEXT,…,…,…,……,…
STORY_028_02_005_SPEAKER,曾和,曾和,Zeng He,曽和,증화
STORY_028_02_005_TEXT,他就一门心思读书，其他的什么都不用他管，能有什么压力？,他就一門心思讀書，其他的什麼都不用他管，能有什麼壓力？,All he does is study. We take care of everything else. What pressure could he have?,この子は勉強だけして、ほかは何もしなくていいのよ。どんな重圧があるというの？,하는 일이라곤 공부뿐입니다. 나머지는 우리가 모두 돌봐 주는데 무슨 부담이 있겠습니까?
STORY_028_02_006_SPEAKER,曾和,曾和,Zeng He,曽和,증화
STORY_028_02_006_TEXT,再说了天下那么多读书人，怎么就他得了这怪病？,再說了天下那麼多讀書人，怎麼就他得了這怪病？,"Besides, there are countless scholars in the world. Why would only he fall ill like this?",ほかにも勉強している子は大勢いるのに、どうしてこの子だけ？,"게다가 세상에 선비가 얼마나 많은데, 왜 하필 저 아이만 이런 병에 걸린단 말입니까?"
STORY_028_02_007_SPEAKER,曾题名,曾題名,Zeng Timing,曽題名,증제명
STORY_028_02_007_TEXT,…,…,…,……,…
STORY_028_02_008_SPEAKER,李东璧,李東璧,Li Dongbi,李東璧,이동벽
STORY_028_02_008_TEXT,很多人表面上看着正常，其实都病得不轻呢。,很多人表面上看著正常，其實都病得不輕呢。,Many people seem perfectly well on the outside when they are suffering deeply within.,外からは普通に見えても、心に重い病を抱えている人は少なくありません。,속으로 큰 고통을 겪으면서도 겉으로는 멀쩡해 보이는 사람이 많습니다.
STORY_028_02_009_SPEAKER,曾和,曾和,Zeng He,曽和,증화
STORY_028_02_009_TEXT,胡扯，我看你就是没病说成有病，骗病人买药赚钱,胡扯，我看你就是沒病說成有病，騙病人買藥賺錢,"Nonsense! You call him sick when he is not, just to sell him medicine.",でたらめを言うな。病気でもないのに薬を売りつけたいだけだろう。,말도 안 됩니다! 약을 팔려고 멀쩡한 아이를 병자라고 하는군요.
STORY_028_02_010_SPEAKER,曾和,曾和,Zeng He,曽和,증화
STORY_028_02_010_TEXT,咱们家可是花了好多钱，把地都卖了供你读书，就只望着你能出人头地，光宗耀祖。可你怎么就这么不争气呢？,咱們家可是花了好多錢，把地都賣了供你讀書，就只望著你能出人頭地，光宗耀祖。可你怎麼就這麼不爭氣呢？,We spent so much on your education that we even sold our land! All we ask is that you succeed and bring honor to the family. Why can you not live up to that?,うちはお前を学ばせるために大金を使い、畑まで売ったんだ。出世して家の名を上げてほしいだけなのに、どうして期待に応えてくれない？,"네 공부에 돈을 얼마나 썼는지 아느냐? 땅까지 팔았다! 네가 성공해서 가문을 빛내기만을 바랐는데, 왜 기대를 저버리는 게냐?"
STORY_028_02_011_SPEAKER,曾题名,曾題名,Zeng Timing,曽題名,증제명
STORY_028_02_011_TEXT,...,...,…,……,…
STORY_028_02_012_SPEAKER,李东璧,李東璧,Li Dongbi,李東璧,이동벽
STORY_028_02_012_TEXT,这位仁兄，我也是读过书考过科举的，读书人其实也是有很多难处的。,這位仁兄，我也是讀過書考過科舉的，讀書人其實也是有很多難處的。,"Sir, I too studied and sat the imperial examinations. Scholars face many hardships of their own.",私も科挙を受けたことがあります。学問をする者にも、さまざまな苦しみがあるのです。,"형씨, 저도 글을 읽고 과거를 치러 본 사람입니다. 선비에게도 나름의 고충이 있습니다."
STORY_028_02_013_SPEAKER,曾和,曾和,Zeng He,曽和,증화
STORY_028_02_013_TEXT,难？还能有我赚钱养家糊口难？天底下还能有比我们做父母更难的？,難？還能有我賺錢養家糊口難？天底下還能有比我們做父母更難的？,Hardships? Are they harder than earning enough to feed a family? Who has it harder than us parents?,苦しみ？　家族を食べさせる私より苦しいと？　親ほど苦労している者がいるか？,고충? 가족을 먹여 살릴 돈을 버는 것보다 어렵단 말이냐? 우리 부모보다 힘든 사람이 어디 있겠어?
STORY_028_02_014_SPEAKER,曾和,曾和,Zeng He,曽和,증화
STORY_028_02_014_TEXT,再过半年可就要考试了，你这次无论如何也要给我好好考。,再過半年可就要考試了，你這次無論如何也要給我好好考。,"The examinations are only six months away. You must do well this time, whatever it takes.",試験まであと半年だ。今度こそ必ずしっかり勉強しなさい。,이제 과거까지 반년밖에 남지 않았다. 이번에는 무슨 일이 있어도 반드시 제대로 치러야 한다.
STORY_028_02_015_SPEAKER,李东璧,李東璧,Li Dongbi,李東璧,이동벽
STORY_028_02_015_TEXT,…,…,…,……,…
STORY_028_03_001_SPEAKER,李东璧,李東璧,Li Dongbi,李東璧,이동벽
STORY_028_03_001_TEXT,不对，我需要好好想想这是什么病，该开什么方。,不對，我需要好好想想這是什麼病，該開什麼方。,"No, that is not right. I need to think carefully about the illness and the proper prescription.",違う。これは何の病か、どんな処方を出すべきか、よく考えなければ。,"아니야, 이건 맞지 않아. 병증과 알맞은 처방을 신중히 다시 생각해야 해."
